scenario,date,cash,position_value,total_equity,turnover,cum_return
no_trend_filter_top3,2023-06-30,1000000.0,0.0,1000000.0,0.0,0.0
no_trend_filter_top3,2023-07-03,1000122.3796452607,0.0,1000122.3796452607,0.0,0.0001223796452607
no_trend_filter_top3,2023-07-04,1000163.17618843,0.0,1000163.17618843,0.0,0.0001631761884299
no_trend_filter_top3,2023-07-05,1000203.9743957534,0.0,1000203.9743957534,0.0,0.0002039743957533
no_trend_filter_top3,2023-07-06,1000244.7742672988,0.0,1000244.7742672988,0.0,0.0002447742672988
no_trend_filter_top3,2023-07-07,1000285.5758031344,0.0,1000285.5758031344,0.0,0.0002855758031343
no_trend_filter_top3,2023-07-10,2.58034560829401e-07,993078.2718076024,993078.2718078604,1.0066258371476902,-0.0069217281921396
no_trend_filter_top3,2023-07-11,2.580450864593782e-07,1010126.7100807386,1010126.7100809969,0.0,0.0101267100809967
no_trend_filter_top3,2023-07-12,2.580556125187121e-07,978502.2747479448,978502.2747482028,0.0,-0.0214977252517971
no_trend_filter_top3,2023-07-13,2.580661390074204e-07,1010513.0760586946,1010513.0760589528,0.0,0.0105130760589526
no_trend_filter_top3,2023-07-14,2.580766659255204e-07,1030306.714166201,1030306.714166459,0.0,0.030306714166459
no_trend_filter_top3,2023-07-17,2.581082492563464e-07,1031223.351667563,1031223.351667821,0.0,0.031223351667821
no_trend_filter_top3,2023-07-18,2.581187778921888e-07,1016084.3659338778,1016084.365934136,0.0,0.0160843659341358
no_trend_filter_top3,2023-07-19,2.581293069575106e-07,1010815.3358345884,1010815.3358348464,0.0,0.0108153358348463
no_trend_filter_top3,2023-07-20,2.5813983645232925e-07,976459.2056428962,976459.2056431544,0.0,-0.0235407943568456
no_trend_filter_top3,2023-07-21,2.581503663766624e-07,970942.0854688836,970942.0854691416,0.0,-0.0290579145308583
no_trend_filter_top3,2023-07-24,2.34867911785841e-07,966244.5859383148,966244.5859385498,1.3353339400520208,-0.0337554140614502
no_trend_filter_top3,2023-07-25,2.3487749241226957e-07,986542.2054062104,986542.2054064452,0.0,-0.0134577945935546
no_trend_filter_top3,2023-07-26,2.3488707342950675e-07,985298.5613626392,985298.5613628742,0.0,-0.0147014386371258
no_trend_filter_top3,2023-07-27,2.3489665483756847e-07,985329.7418542008,985329.7418544358,0.0,-0.0146702581455642
no_trend_filter_top3,2023-07-28,2.3490623663647065e-07,1015135.8317128238,1015135.8317130588,0.0,0.0151358317130587
no_trend_filter_top3,2023-07-31,2.3493498437837978e-07,1024285.9838776636,1024285.9838778988,0.0,0.0242859838778985
no_trend_filter_top3,2023-08-01,2.349445677408034e-07,1022196.4008242008,1022196.4008244356,0.0,0.0221964008244357
no_trend_filter_top3,2023-08-02,2.349541514941473e-07,1009579.5808422378,1009579.5808424728,0.0,0.0095795808424727
no_trend_filter_top3,2023-08-03,2.349637356384273e-07,1019693.106926509,1019693.106926744,0.0,0.0196931069267438
no_trend_filter_top3,2023-08-04,2.3497332017365945e-07,1020637.008656994,1020637.0086572288,0.0,0.0206370086572289
no_trend_filter_top3,2023-08-07,7.459675543941557e-09,1010012.1802480333,1010012.1802480406,0.0175581406982645,0.0100121802480406
no_trend_filter_top3,2023-08-08,7.459979835677799e-09,1008665.2659712085,1008665.2659712158,0.0,0.0086652659712158
no_trend_filter_top3,2023-08-09,7.460284139826573e-09,1007202.713966196,1007202.7139662036,0.0,0.0072027139662034
no_trend_filter_top3,2023-08-10,7.460588456388384e-09,1009544.6166042836,1009544.6166042913,0.0,0.0095446166042911
no_trend_filter_top3,2023-08-11,7.460892785363741e-09,988516.2145752484,988516.214575256,0.0,-0.011483785424744
no_trend_filter_top3,2023-08-14,7.46180584677614e-09,982166.4228169736,982166.422816981,0.0,-0.017833577183019
no_trend_filter_top3,2023-08-15,7.46211022541074e-09,994270.3223846832,994270.3223846906,0.0,-0.0057296776153094
no_trend_filter_top3,2023-08-16,7.462414616461414e-09,993588.8838966136,993588.883896621,0.0,-0.006411116103379
no_trend_filter_top3,2023-08-17,7.462719019928672e-09,990777.375405106,990777.3754051134,0.0,-0.0092226245948865
no_trend_filter_top3,2023-08-18,7.463023435813019e-09,988083.5468514564,988083.546851464,0.0,-0.011916453148536
no_trend_filter_top3,2023-08-21,1.3324097380973399e-10,973834.6499902704,973834.6499902704,0.0088302188500517,-0.0261653500097295
no_trend_filter_top3,2023-08-22,1.3324640891572758e-10,982543.4362678728,982543.4362678728,0.0,-0.0174565637321271
no_trend_filter_top3,2023-08-23,1.3325184424342758e-10,977652.3159883198,977652.31598832,0.0,-0.02234768401168
no_trend_filter_top3,2023-08-24,1.3325727979284303e-10,970027.3324144436,970027.3324144436,0.0,-0.0299726675855562
no_trend_filter_top3,2023-08-25,1.3326271556398294e-10,975411.8190844324,975411.8190844324,0.0,-0.0245881809155675
no_trend_filter_top3,2023-08-28,1.3327902420784015e-10,991411.249538385,991411.2495383852,0.0,-0.0085887504616148
no_trend_filter_top3,2023-08-29,1.3328446086596848e-10,983636.7936750846,983636.7936750848,0.0,-0.0163632063249152
no_trend_filter_top3,2023-08-30,1.3328989774586656e-10,972623.3057306074,972623.3057306076,0.0,-0.0273766942693924
no_trend_filter_top3,2023-08-31,1.3329533484754335e-10,967801.3133996364,967801.3133996364,0.0,-0.0321986866003635
no_trend_filter_top3,2023-09-01,1.33300772171008e-10,978457.4431579104,978457.4431579104,0.0,-0.0215425568420895
no_trend_filter_top3,2023-09-04,2.6135239750146866e-07,988696.987375661,988696.9873759224,0.6695305322388921,-0.0113030126240776
no_trend_filter_top3,2023-09-05,2.6136305847115e-07,983932.3054742592,983932.3054745208,0.0,-0.0160676945254792
no_trend_filter_top3,2023-09-06,2.613737198757089e-07,983505.398469782,983505.3984700432,0.0,-0.0164946015299566
no_trend_filter_top3,2023-09-07,2.613843817151629e-07,977116.9090941758,977116.9090944371,0.0,-0.0228830909055628
no_trend_filter_top3,2023-09-08,2.613950439895299e-07,971563.4606286169,971563.460628878,0.0,-0.0284365393711218
no_trend_filter_top3,2023-09-11,2.614270334222863e-07,980852.5280835798,980852.5280838412,0.0,-0.0191474719161587
no_trend_filter_top3,2023-09-12,2.6143769743648254e-07,979312.63938824,979312.6393885014,0.0,-0.0206873606114985
no_trend_filter_top3,2023-09-13,2.6144836188568056e-07,978183.5182039893,978183.5182042508,0.0,-0.0218164817957492
no_trend_filter_top3,2023-09-14,2.61459026769898e-07,987870.674613688,987870.6746139496,0.0,-0.0121293253860503
no_trend_filter_top3,2023-09-15,2.6146969208915257e-07,984748.5732853984,984748.57328566,0.0,-0.0152514267143401
no_trend_filter_top3,2023-09-18,8.594724931754171e-10,984230.5856941498,984230.5856941506,0.0058806993770091,-0.0157694143058493
no_trend_filter_top3,2023-09-19,8.595075523915532e-10,985874.733728942,985874.7337289428,0.0,-0.0141252662710571
no_trend_filter_top3,2023-09-20,8.595426130378092e-10,990623.6931654578,990623.6931654586,0.0,-0.0093763068345413
no_trend_filter_top3,2023-09-21,8.595776751142431e-10,986033.5208198576,986033.5208198584,0.0,-0.0139664791801417
no_trend_filter_top3,2023-09-22,8.596127386209136e-10,988583.6010670807,988583.6010670816,0.0,-0.0114163989329183
no_trend_filter_top3,2023-09-25,8.597179377229276e-10,988282.3944623068,988282.3944623076,0.0,-0.0117176055376923
no_trend_filter_top3,2023-09-26,8.597530069511276e-10,982928.1661943544,982928.1661943552,0.0,-0.0170718338056447
no_trend_filter_top3,2023-09-27,8.597880776098555e-10,977267.0200778508,977267.0200778516,0.0,-0.0227329799221485
no_trend_filter_top3,2023-09-28,8.598231496991702e-10,974292.4395481544,974292.4395481552,0.0,-0.0257075604518448
no_trend_filter_top3,2023-10-09,2.6531051844358444e-07,969732.13960048,969732.1396007454,0.667318643906266,-0.0302678603992545
no_trend_filter_top3,2023-10-10,2.653213408711585e-07,958227.0298501312,958227.0298503966,0.0,-0.0417729701496034
no_trend_filter_top3,2023-10-11,2.6533216374019617e-07,953088.8169233148,953088.8169235802,0.0,-0.0469111830764197
no_trend_filter_top3,2023-10-12,2.6534298705071546e-07,969708.9728346664,969708.9728349318,0.0,-0.0302910271650681
no_trend_filter_top3,2023-10-13,2.653538108027344e-07,967332.8850027564,967332.8850030216,0.0,-0.0326671149969782
no_trend_filter_top3,2023-10-16,2.6538628470796897e-07,968834.7011643796,968834.7011646448,0.0,-0.0311652988353551
no_trend_filter_top3,2023-10-17,2.653971102261665e-07,974521.6961566224,974521.6961568878,0.0,-0.0254783038431122
no_trend_filter_top3,2023-10-18,2.654079361859537e-07,966751.6740430472,966751.6740433128,0.0,-0.0332483259566873
no_trend_filter_top3,2023-10-19,2.6541876258734854e-07,942158.935860941,942158.9358612064,0.0,-0.0578410641387936
no_trend_filter_top3,2023-10-20,2.654295894303692e-07,936919.020158381,936919.0201586464,0.0,-0.0630809798413536
no_trend_filter_top3,2023-10-23,5.3958501666784286e-08,928006.791211228,928006.791211282,0.6734342033214413,-0.0719932087887178
no_trend_filter_top3,2023-10-24,5.396070271776305e-08,928939.0451253653,928939.0451254192,0.0,-0.0710609548745807
no_trend_filter_top3,2023-10-25,5.396290385852608e-08,933300.055680361,933300.055680415,0.0,-0.066699944319585
no_trend_filter_top3,2023-10-26,5.3965105089077066e-08,942836.5245486884,942836.5245487425,0.0,-0.0571634754512576
no_trend_filter_top3,2023-10-27,5.3967306409419656e-08,945215.168412423,945215.168412477,0.0,-0.054784831587523
no_trend_filter_top3,2023-10-30,5.397391090923372e-08,931168.100026933,931168.100026987,0.0,-0.0688318999730129
no_trend_filter_top3,2023-10-31,5.3976112588779374e-08,930919.042306799,930919.042306853,0.0,-0.069080957693147
no_trend_filter_top3,2023-11-01,5.397831435813494e-08,931492.416289004,931492.4162890582,0.0,-0.0685075837109417
no_trend_filter_top3,2023-11-02,5.3980516217304116e-08,935446.332156842,935446.332156896,0.0,-0.0645536678431041
no_trend_filter_top3,2023-11-03,5.398271816629053e-08,932290.6377753132,932290.6377753672,0.0,-0.0677093622246327
no_trend_filter_top3,2023-11-06,1.973239704966545e-07,952865.192694462,952865.1926946592,1.9533432623110007,-0.0471348073053408
no_trend_filter_top3,2023-11-07,1.9733201964748297e-07,951125.1606272684,951125.1606274658,0.0,-0.0488748393725342
no_trend_filter_top3,2023-11-08,1.9734006912664882e-07,953188.4338355092,953188.4338357066,0.0,-0.0468115661642934
no_trend_filter_top3,2023-11-09,1.973481189341653e-07,943402.4249297444,943402.4249299418,0.0,-0.0565975750700582
no_trend_filter_top3,2023-11-10,1.97356169070046e-07,938217.879730456,938217.8797306534,0.0,-0.0617821202693465
no_trend_filter_top3,2023-11-13,1.9738032144800683e-07,931611.571394233,931611.5713944304,0.0,-0.0683884286055696
no_trend_filter_top3,2023-11-14,1.97388372897478e-07,930057.401976022,930057.4019762196,0.0,-0.0699425980237805
no_trend_filter_top3,2023-11-15,1.9739642467538024e-07,941686.6349410098,941686.6349412072,0.0,-0.0583133650587928
no_trend_filter_top3,2023-11-16,1.97404476781727e-07,922572.1249234956,922572.1249236928,0.0,-0.0774278750763071
no_trend_filter_top3,2023-11-17,1.974125292165317e-07,928171.5346034915,928171.5346036892,0.0,-0.0718284653963109
no_trend_filter_top3,2023-11-20,2.2462336346507075e-07,919129.3422181776,919129.342218402,1.3412675178093654,-0.0808706577815979
no_trend_filter_top3,2023-11-21,2.2463252620048282e-07,915115.9525791986,915115.9525794232,0.0,-0.0848840474205766
no_trend_filter_top3,2023-11-22,2.246416893096571e-07,907731.6257787866,907731.6257790112,0.0,-0.0922683742209886
no_trend_filter_top3,2023-11-23,2.2465085279260881e-07,916554.1359304736,916554.1359306984,0.0,-0.0834458640693016
no_trend_filter_top3,2023-11-24,2.2466001664935325e-07,918562.083867454,918562.0838676788,0.0,-0.0814379161323213
no_trend_filter_top3,2023-11-27,2.2468751046249505e-07,924477.6076026192,924477.607602844,0.0,-0.075522392397156
no_trend_filter_top3,2023-11-28,2.2469667581456266e-07,926156.7157888664,926156.7157890912,0.0,-0.0738432842109088
no_trend_filter_top3,2023-11-29,2.247058415404992e-07,929431.2830163104,929431.2830165352,0.0,-0.0705687169834647
no_trend_filter_top3,2023-11-30,2.247150076403199e-07,927347.0338013072,927347.0338015318,0.0,-0.0726529661984682
no_trend_filter_top3,2023-12-01,2.2472417411404009e-07,929631.7574909108,929631.7574911354,0.0,-0.0703682425088646
no_trend_filter_top3,2023-12-04,2.259621396660805e-07,925222.442035054,925222.4420352798,1.3393553358858603,-0.0747775579647201
no_trend_filter_top3,2023-12-05,2.259713570122504e-07,907486.4159844908,907486.4159847168,0.0,-0.0925135840152832
no_trend_filter_top3,2023-12-06,2.2598057473441018e-07,911709.3735636678,911709.3735638936,0.0,-0.0882906264361063
no_trend_filter_top3,2023-12-07,2.2598979283257517e-07,903127.4539115533,903127.4539117792,0.0,-0.0968725460882209
no_trend_filter_top3,2023-12-08,2.2599901130676066e-07,904525.1138656196,904525.1138658456,0.0,-0.0954748861341545
no_trend_filter_top3,2023-12-11,2.2602666898559362e-07,919308.263727112,919308.2637273382,0.0,-0.0806917362726618
no_trend_filter_top3,2023-12-12,2.2603588896401457e-07,919837.006970674,919837.0069709002,0.0,-0.0801629930290998
no_trend_filter_top3,2023-12-13,2.260451093185328e-07,912607.3712499754,912607.3712502016,0.0,-0.0873926287497984
no_trend_filter_top3,2023-12-14,2.260543300491635e-07,914278.771820554,914278.77182078,0.0,-0.0857212281792199
no_trend_filter_top3,2023-12-15,2.2606355115592219e-07,903899.7900904404,903899.7900906666,0.0,-0.0961002099093334
no_trend_filter_top3,2023-12-18,8.196366252377631e-09,901307.1305354098,901307.130535418,0.021077454168271,-0.0986928694645821
no_trend_filter_top3,2023-12-19,8.196700594870558e-09,896764.7665373269,896764.766537335,0.0,-0.1032352334626649
no_trend_filter_top3,2023-12-20,8.197034951001836e-09,894752.1651979205,894752.1651979287,0.0,-0.1052478348020713
no_trend_filter_top3,2023-12-21,8.197369320772021e-09,897985.8555706656,897985.8555706737,0.0,-0.1020141444293263
no_trend_filter_top3,2023-12-22,8.197703704181664e-09,897587.575705935,897587.5757059432,0.0,-0.1024124242940568
no_trend_filter_top3,2023-12-25,8.198706936252934e-09,902148.1118469852,902148.1118469934,0.0,-0.0978518881530066
no_trend_filter_top3,2023-12-26,8.199041374225991e-09,892917.8509219706,892917.8509219787,0.0,-0.1070821490780212
no_trend_filter_top3,2023-12-27,8.199375825841288e-09,900474.2265200147,900474.2265200228,0.0,-0.0995257734799771
no_trend_filter_top3,2023-12-28,8.199710291099387e-09,900137.5958366268,900137.595836635,0.0,-0.099862404163365
no_trend_filter_top3,2023-12-29,8.200044770000843e-09,907327.48093258,907327.4809325882,0.0,-0.0926725190674118
no_trend_filter_top3,2024-01-02,5.51808625459671e-08,911340.2271560451,911340.2271561004,1.331996793282236,-0.0886597728438997
no_trend_filter_top3,2024-01-03,5.5183113458942136e-08,899607.9895751406,899607.9895751958,0.0,-0.1003920104248041
no_trend_filter_top3,2024-01-04,5.51853644637354e-08,895613.7854281918,895613.785428247,0.0,-0.104386214571753
no_trend_filter_top3,2024-01-05,5.5187615560350647e-08,888288.0355000258,888288.035500081,0.0,-0.1117119644999189
no_trend_filter_top3,2024-01-08,5.5194369401165716e-08,872327.1472074385,872327.1472074937,0.0,-0.1276728527925063
no_trend_filter_top3,2024-01-09,5.5196620865106327e-08,878690.7002775922,878690.7002776474,0.0,-0.1213092997223526
no_trend_filter_top3,2024-01-10,5.519887242088764e-08,866069.316326208,866069.3163262631,0.0,-0.1339306836737368
no_trend_filter_top3,2024-01-11,5.520112406851341e-08,869523.6934360419,869523.6934360971,0.0,-0.1304763065639028
no_trend_filter_top3,2024-01-12,5.5203375807987374e-08,861967.4961690637,861967.4961691189,0.0,-0.138032503830881
no_trend_filter_top3,2024-01-15,2.079177647829056e-07,861462.073897541,861462.073897749,1.3248678027385934,-0.138537926102251
no_trend_filter_top3,2024-01-16,2.0792624607103517e-07,862988.915677036,862988.915677244,0.0,-0.137011084322756
no_trend_filter_top3,2024-01-17,2.079347277051296e-07,851531.4097451256,851531.4097453335,0.0,-0.1484685902546665
no_trend_filter_top3,2024-01-18,2.079432096852031e-07,846019.3340895083,846019.3340897162,0.0,-0.1539806659102838
no_trend_filter_top3,2024-01-19,2.079516920112697e-07,837721.5612792447,837721.5612794526,0.0,-0.1622784387205473
no_trend_filter_top3,2024-01-22,2.0797714106556937e-07,809716.6297030153,809716.6297032234,0.0,-0.1902833702967766
no_trend_filter_top3,2024-01-23,2.079856247757496e-07,818528.666069115,818528.6660693231,0.0,-0.1814713339306769
no_trend_filter_top3,2024-01-24,2.0799410883199358e-07,838292.8278691676,838292.8278693756,0.0,-0.1617071721306244
no_trend_filter_top3,2024-01-25,2.080025932343153e-07,865544.7475906122,865544.7475908202,0.0,-0.1344552524091797
no_trend_filter_top3,2024-01-26,2.0801107798272899e-07,875815.8870470616,875815.8870472696,0.0,-0.1241841129527303
no_trend_filter_top3,2024-01-29,2.39349901676178e-07,875807.3181499182,875807.3181501576,0.6655576707386426,-0.1241926818498424
no_trend_filter_top3,2024-01-30,2.393596651299262e-07,868511.8873478423,868511.8873480817,0.0,-0.1314881126519183
no_trend_filter_top3,2024-01-31,2.393694289819409e-07,866723.9976752497,866723.997675489,0.0,-0.1332760023245109
no_trend_filter_top3,2024-02-01,2.393791932322382e-07,856062.1108576094,856062.1108578488,0.0,-0.1439378891421512
no_trend_filter_top3,2024-02-02,2.393889578808345e-07,855894.9291307421,855894.9291309814,0.0,-0.1441050708690185
no_trend_filter_top3,2024-02-05,2.394182542165793e-07,861784.3935831868,861784.3935834263,0.0,-0.1382156064165737
no_trend_filter_top3,2024-02-06,2.3942802045853365e-07,872229.8822137833,872229.8822140228,0.0,-0.1277701177859772
no_trend_filter_top3,2024-02-07,2.394377870988682e-07,886059.254121708,886059.2541219475,0.0,-0.1139407458780525
no_trend_filter_top3,2024-02-08,2.394475541375992e-07,886878.9119649604,886878.9119651999,0.0,-0.1131210880348001
no_trend_filter_top3,2024-02-19,2.389424480497837e-07,909100.8019421732,909100.8019424124,0.6538615976763849,-0.0908991980575877
no_trend_filter_top3,2024-02-20,2.3895219488286654e-07,917147.7877446188,917147.7877448576,0.0,-0.0828522122551422
no_trend_filter_top3,2024-02-21,2.389619421135378e-07,918956.3244558102,918956.3244560492,0.0,-0.0810436755439507
no_trend_filter_top3,2024-02-22,2.3897168974181373e-07,940193.3505709462,940193.3505711852,0.0,-0.0598066494288147
no_trend_filter_top3,2024-02-23,2.3898143776771055e-07,933685.0842426156,933685.0842428546,0.0,-0.0663149157571454
no_trend_filter_top3,2024-02-26,2.3901068423128845e-07,912873.111388471,912873.11138871,0.0,-0.08712688861129
no_trend_filter_top3,2024-02-27,2.3902043384783097e-07,916437.1201378728,916437.1201381118,0.0,-0.0835628798618882
no_trend_filter_top3,2024-02-28,2.390301838620755e-07,913158.9734971866,913158.9734974256,0.0,-0.0868410265025744
no_trend_filter_top3,2024-02-29,2.3903993427403816e-07,918891.7760940162,918891.7760942552,0.0,-0.0811082239057447
no_trend_filter_top3,2024-03-01,2.390496850837353e-07,925028.301597298,925028.3015975368,0.0,-0.0749716984024631
no_trend_filter_top3,2024-03-04,3.155946615152061e-09,933823.6270448688,933823.627044872,0.0249607286443533,-0.066176372955128
no_trend_filter_top3,2024-03-05,3.1560753511097247e-09,942529.941271432,942529.9412714352,0.0,-0.0574700587285648
no_trend_filter_top3,2024-03-06,3.156204092318728e-09,942377.5933992648,942377.593399268,0.0,-0.057622406600732
no_trend_filter_top3,2024-03-07,3.1563328387792843e-09,949451.162538642,949451.1625386452,0.0,-0.0505488374613547
no_trend_filter_top3,2024-03-08,3.156461590491609e-09,947497.464930486,947497.4649304892,0.0,-0.0525025350695109
no_trend_filter_top3,2024-03-11,3.156847877141332e-09,933159.2880390728,933159.288039076,0.0,-0.0668407119609241
no_trend_filter_top3,2024-03-12,3.15697664986287e-09,909498.6533079172,909498.6533079202,0.0,-0.0905013466920797
no_trend_filter_top3,2024-03-13,3.157105427837248e-09,905310.1054660945,905310.1054660976,0.0,-0.0946898945339025
no_trend_filter_top3,2024-03-14,3.157234211064678e-09,907588.1802548266,907588.1802548296,0.0,-0.0924118197451703
no_trend_filter_top3,2024-03-15,3.1573629995453766e-09,906422.5933977036,906422.5933977067,0.0,-0.0935774066022931
no_trend_filter_top3,2024-03-18,2.467422746121884e-07,899711.3301939273,899711.3301941741,0.669111928021677,-0.1002886698058259
no_trend_filter_top3,2024-03-19,2.4675233961229505e-07,894367.9179941067,894367.9179943535,0.0,-0.1056320820056465
no_trend_filter_top3,2024-03-20,2.467624050229688e-07,894077.7367448683,894077.7367451151,0.0,-0.1059222632548848
no_trend_filter_top3,2024-03-21,2.4677247084422614e-07,897299.4827208853,897299.4827211321,0.0,-0.1027005172788678
no_trend_filter_top3,2024-03-22,2.467825370760841e-07,892012.7710163957,892012.7710166425,0.0,-0.1079872289833575
no_trend_filter_top3,2024-03-25,2.46812738235428e-07,893155.6704096112,893155.670409858,0.0,-0.106844329590142
no_trend_filter_top3,2024-03-26,2.468228061098552e-07,894366.2426929246,894366.2426931714,0.0,-0.1056337573068286
no_trend_filter_top3,2024-03-27,2.468328743949666e-07,893010.5741769557,893010.5741772025,0.0,-0.1069894258227974
no_trend_filter_top3,2024-03-28,2.46842943090779e-07,891526.5875261491,891526.5875263959,0.0,-0.108473412473604
no_trend_filter_top3,2024-03-29,2.468530121973091e-07,900655.9466818355,900655.9466820823,0.0,-0.0993440533179177
no_trend_filter_top3,2024-04-01,2.459273673593998e-07,904911.250322883,904911.2503231288,0.6635055399195976,-0.095088749676871
no_trend_filter_top3,2024-04-02,2.459373991181757e-07,908864.4720555462,908864.4720557922,0.0,-0.0911355279442077
no_trend_filter_top3,2024-04-03,2.4594743128616256e-07,910202.3781278963,910202.3781281424,0.0,-0.0897976218718576
no_trend_filter_top3,2024-04-08,2.459975982648463e-07,921099.215610042,921099.215610288,0.0,-0.0789007843897119
no_trend_filter_top3,2024-04-09,2.460076328884497e-07,914740.4735067494,914740.4735069954,0.0,-0.0852595264930046
no_trend_filter_top3,2024-04-10,2.46017667921381e-07,916754.7091345338,916754.7091347798,0.0,-0.0832452908652202
no_trend_filter_top3,2024-04-11,2.460277033636569e-07,923859.1228276069,923859.1228278528,0.0,-0.0761408771721472
no_trend_filter_top3,2024-04-12,2.46037739215294e-07,917816.9005212825,917816.9005215284,0.0,-0.0821830994784716
no_trend_filter_top3,2024-04-15,2.2328458726406097e-07,919273.8921581756,919273.8921583988,1.3340106059986274,-0.0807261078416011
no_trend_filter_top3,2024-04-16,2.2329369538871527e-07,897290.8279706175,897290.8279708407,0.0,-0.1027091720291593
no_trend_filter_top3,2024-04-17,2.2330280388490405e-07,910782.1932312612,910782.1932314844,0.0,-0.0892178067685155
no_trend_filter_top3,2024-04-18,2.233119127526425e-07,917499.3895046486,917499.389504872,0.0,-0.0825006104951281
no_trend_filter_top3,2024-04-19,2.2332102199194585e-07,916445.0403311574,916445.0403313808,0.0,-0.0835549596686193
no_trend_filter_top3,2024-04-22,2.233483519393965e-07,908216.1089178192,908216.1089180426,0.0,-0.0917838910819573
no_trend_filter_top3,2024-04-23,2.2335746266511083e-07,880093.0367240197,880093.0367242431,0.0,-0.1199069632757569
no_trend_filter_top3,2024-04-24,2.233665737624657e-07,894604.5228122334,894604.5228124568,0.0,-0.1053954771875431
no_trend_filter_top3,2024-04-25,2.233756852314764e-07,897105.8877155484,897105.8877157718,0.0,-0.1028941122842281
no_trend_filter_top3,2024-04-26,2.2338479707215806e-07,909455.7100974788,909455.710097702,0.0,-0.0905442899022979
no_trend_filter_top3,2024-04-29,2.204324118793011e-07,906223.8898701476,906223.889870368,1.3340415184818626,-0.093776110129632
no_trend_filter_top3,2024-04-30,2.2044140365929735e-07,914548.9901507684,914548.990150989,0.0,-0.085451009849011
no_trend_filter_top3,2024-05-06,2.2049536204236047e-07,917919.5977439452,917919.5977441656,0.0,-0.0820804022558343
no_trend_filter_top3,2024-05-07,2.205043563901915e-07,912807.4614523008,912807.4614525214,0.0,-0.0871925385474786
no_trend_filter_top3,2024-05-08,2.2051335110491598e-07,909524.0248483196,909524.02484854,0.0,-0.0904759751514598
no_trend_filter_top3,2024-05-09,2.2052234618654882e-07,914190.2681500672,914190.2681502876,0.0,-0.0858097318497123
no_trend_filter_top3,2024-05-10,2.2053134163510493e-07,924071.2742384836,924071.274238704,0.0,-0.0759287257612959
no_trend_filter_top3,2024-05-13,3.1956005841493607e-08,928235.9007068682,928235.9007069,0.6678156195260315,-0.0717640992930999
no_trend_filter_top3,2024-05-14,3.1957309376539274e-08,931424.3405678056,931424.3405678376,0.0,-0.0685756594321623
no_trend_filter_top3,2024-05-15,3.195861296475816e-08,928119.0812349942,928119.0812350262,0.0,-0.0718809187649737
no_trend_filter_top3,2024-05-16,3.195991660615244e-08,928586.3233745008,928586.3233745327,0.0,-0.0714136766254671
no_trend_filter_top3,2024-05-17,3.1961220300724266e-08,938594.3797700432,938594.3797700752,0.0,-0.0614056202299246
no_trend_filter_top3,2024-05-20,3.196513170352676e-08,947680.0440316834,947680.0440317154,0.0,-0.0523199559682846
no_trend_filter_top3,2024-05-21,3.19664356108305e-08,946071.8949329116,946071.8949329436,0.0,-0.0539281050670562
no_trend_filter_top3,2024-05-22,3.196773957132264e-08,945247.845142668,945247.8451427,0.0,-0.0547521548573001
no_trend_filter_top3,2024-05-23,3.1969043585005354e-08,927407.3564048586,927407.3564048908,0.0,-0.0725926435951093
no_trend_filter_top3,2024-05-24,3.1970347651880794e-08,928973.94983914,928973.949839172,0.0,-0.0710260501608279
no_trend_filter_top3,2024-05-27,1.1688098311424257e-07,936200.652474062,936200.6524741788,0.6753932113902682,-0.063799347525821
no_trend_filter_top3,2024-05-28,1.168857508708395e-07,936618.0838177836,936618.0838179006,0.0,-0.0633819161820994
no_trend_filter_top3,2024-05-29,1.1689051882192057e-07,938658.1682329592,938658.1682330762,0.0,-0.0613418317669237
no_trend_filter_top3,2024-05-30,1.1689528696749378e-07,926801.9188392748,926801.9188393918,0.0,-0.0731980811606082
no_trend_filter_top3,2024-05-31,1.1690005530756707e-07,927490.4373691512,927490.4373692682,0.0,-0.0725095626307318
no_trend_filter_top3,2024-06-03,1.1691436149486657e-07,916174.8143295868,916174.8143297036,0.0,-0.0838251856702964
no_trend_filter_top3,2024-06-04,1.169191306130194e-07,923589.7246895566,923589.7246896736,0.0,-0.0764102753103265
no_trend_filter_top3,2024-06-05,1.1692389992571193e-07,907823.9928466168,907823.9928467337,0.0,-0.0921760071532663
no_trend_filter_top3,2024-06-06,1.1692866943295217e-07,910214.7011140722,910214.7011141892,0.0,-0.0897852988858108
no_trend_filter_top3,2024-06-07,1.1693343913474797e-07,915318.439872712,915318.4398728288,0.0,-0.0846815601271711
no_trend_filter_top3,2024-06-11,2.207816578447819e-07,896380.0485974228,896380.0485976436,1.3537078456990683,-0.1036199514023563
no_trend_filter_top3,2024-06-12,2.207906638710628e-07,899393.2636438825,899393.2636441033,0.0,-0.1006067363558966
no_trend_filter_top3,2024-06-13,2.207996702647135e-07,896915.4834260938,896915.4834263147,0.0,-0.1030845165736853
no_trend_filter_top3,2024-06-14,2.2080867702574898e-07,894889.1093544611,894889.1093546819,0.0,-0.105110890645318
no_trend_filter_top3,2024-06-17,2.208356995133139e-07,884408.9055572017,884408.9055574225,0.0,-0.1155910944425774
no_trend_filter_top3,2024-06-18,2.208447077440383e-07,886307.4231679267,886307.4231681476,0.0,-0.1136925768318524
no_trend_filter_top3,2024-06-19,2.208537163422224e-07,888199.4007414891,888199.40074171,0.0,-0.11180059925829
no_trend_filter_top3,2024-06-20,2.2086272530788122e-07,887465.3722951114,887465.3722953323,0.0,-0.1125346277046677
no_trend_filter_top3,2024-06-21,2.2087173464102965e-07,888866.4886244908,888866.4886247116,0.0,-0.1111335113752883
no_trend_filter_top3,2024-06-24,2.4226028472185135e-07,884608.5192188865,884608.5192191288,0.6683738576516463,-0.1153914807808712
no_trend_filter_top3,2024-06-25,2.422701668946384e-07,888886.7299313897,888886.7299316319,0.0,-0.111113270068368
no_trend_filter_top3,2024-06-26,2.422800494705345e-07,889992.1478202138,889992.1478204561,0.0,-0.1100078521795439
no_trend_filter_top3,2024-06-27,2.422899324495563e-07,894242.8581132011,894242.8581134434,0.0,-0.1057571418865566
no_trend_filter_top3,2024-06-28,2.422998158317201e-07,901852.6006160696,901852.600616312,0.0,-0.098147399383688
no_trend_filter_top3,2024-07-01,2.423294683972284e-07,912726.2949960846,912726.294996327,0.0,-0.0872737050036729
no_trend_filter_top3,2024-07-02,2.423393533921248e-07,919021.7687226608,919021.7687229032,0.0,-0.0809782312770969
no_trend_filter_top3,2024-07-03,2.423492387902455e-07,912285.2686714812,912285.2686717235,0.0,-0.0877147313282764
no_trend_filter_top3,2024-07-04,2.4235912459160694e-07,912879.8904539398,912879.8904541822,0.0,-0.0871201095458178
no_trend_filter_top3,2024-07-05,2.423690107962256e-07,902311.0949331096,902311.094933352,0.0,-0.097688905066648
no_trend_filter_top3,2024-07-08,1.1257361620664597e-07,906044.655970651,906044.6559707636,0.6663051496625931,-0.0939553440292364
no_trend_filter_top3,2024-07-09,1.125782082590655e-07,914248.6576825004,914248.6576826128,0.0,-0.0857513423173871
no_trend_filter_top3,2024-07-10,1.1258280049880197e-07,915040.3576409305,915040.357641043,0.0,-0.0849596423589569
no_trend_filter_top3,2024-07-11,1.1258739292586305e-07,915009.4189529364,915009.4189530488,0.0,-0.0849905810469511
no_trend_filter_top3,2024-07-12,1.125919855402563e-07,927943.1456487908,927943.1456489032,0.0,-0.0720568543510966
no_trend_filter_top3,2024-07-15,1.1260576450750593e-07,936757.6015263316,936757.6015264442,0.0,-0.0632423984735558
no_trend_filter_top3,2024-07-16,1.1261035787130453e-07,935519.1426518572,935519.1426519696,0.0,-0.0644808573480303
no_trend_filter_top3,2024-07-17,1.1261495142247356e-07,939500.0323985866,939500.0323986992,0.0,-0.0604999676013008
no_trend_filter_top3,2024-07-18,1.1261954516102067e-07,941189.4125872946,941189.4125874072,0.0,-0.0588105874125928
no_trend_filter_top3,2024-07-19,1.126241390869535e-07,941899.5455016036,941899.5455017164,0.0,-0.0581004544982837
no_trend_filter_top3,2024-07-22,1.2717009667539971e-09,929499.8629663672,929499.8629663686,0.0035601775501263,-0.0705001370336314
no_trend_filter_top3,2024-07-23,1.2717528414089834e-09,931296.0850101534,931296.0850101546,0.0,-0.0687039149898454
no_trend_filter_top3,2024-07-24,1.2718047181800174e-09,931255.341659636,931255.3416596372,0.0,-0.0687446583403627
no_trend_filter_top3,2024-07-25,1.2718565970671856e-09,922749.40262461,922749.4026246114,0.0,-0.0772505973753886
no_trend_filter_top3,2024-07-26,1.271908478070574e-09,913543.7024675168,913543.702467518,0.0,-0.0864562975324819
no_trend_filter_top3,2024-07-29,1.2720641337789244e-09,921428.281288036,921428.2812880372,0.0,-0.0785717187119627
no_trend_filter_top3,2024-07-30,1.2721160232480572e-09,916736.8142340484,916736.8142340496,0.0,-0.0832631857659503
no_trend_filter_top3,2024-07-31,1.272167914833842e-09,917323.149412901,917323.1494129024,0.0,-0.0826768505870977
no_trend_filter_top3,2024-08-01,1.272219808536365e-09,917124.4480509736,917124.4480509748,0.0,-0.0828755519490253
no_trend_filter_top3,2024-08-02,1.272271704355713e-09,912805.1275921172,912805.1275921186,0.0,-0.0871948724078813
no_trend_filter_top3,2024-08-05,2.487795427441597e-07,904786.1783632224,904786.1783634712,0.6711026622538575,-0.0952138216365288
no_trend_filter_top3,2024-08-06,2.487896908475936e-07,895147.3250347192,895147.325034968,0.0,-0.104852674965032
no_trend_filter_top3,2024-08-07,2.487998393649843e-07,896187.3205091042,896187.320509353,0.0,-0.1038126794906471
no_trend_filter_top3,2024-08-08,2.488099882963488e-07,898296.8348739428,898296.8348741916,0.0,-0.1017031651258084
no_trend_filter_top3,2024-08-09,2.48820137641704e-07,902541.3019942768,902541.3019945256,0.0,-0.0974586980054745
no_trend_filter_top3,2024-08-12,2.4885058816188226e-07,900192.9100665402,900192.9100667891,0.0,-0.0998070899332108
no_trend_filter_top3,2024-08-13,2.488607391633689e-07,904168.9762079075,904168.9762081564,0.0,-0.0958310237918436
no_trend_filter_top3,2024-08-14,2.4887089057893064e-07,903904.6602543534,903904.6602546024,0.0,-0.0960953397453976
no_trend_filter_top3,2024-08-15,2.488810424085844e-07,915781.981897142,915781.981897391,0.0,-0.0842180181026089
no_trend_filter_top3,2024-08-16,2.4889119465234697e-07,926648.8314816148,926648.8314818636,0.0,-0.0733511685181362
no_trend_filter_top3,2024-08-19,2.772253537841607e-10,942561.1368406852,942561.1368406856,0.000972716061611,-0.0574388631593144
no_trend_filter_top3,2024-08-20,2.772366622363496e-10,945795.0964424108,945795.0964424112,0.0,-0.0542049035575888
no_trend_filter_top3,2024-08-21,2.772479711498277e-10,939142.6092762682,939142.6092762684,0.0,-0.0608573907237316
no_trend_filter_top3,2024-08-22,2.77259280524614e-10,947899.9299196276,947899.929919628,0.0,-0.0521000700803719
no_trend_filter_top3,2024-08-23,2.7727059036072727e-10,953213.9959037948,953213.9959037948,0.0,-0.0467860040962051
no_trend_filter_top3,2024-08-26,2.773045226372168e-10,952945.318890802,952945.3188908024,0.0,-0.0470546811091976
no_trend_filter_top3,2024-08-27,2.7731583431882606e-10,956925.9275759804,956925.9275759804,0.0,-0.0430740724240195
no_trend_filter_top3,2024-08-28,2.7732714646185625e-10,949447.6461590712,949447.6461590716,0.0,-0.0505523538409284
no_trend_filter_top3,2024-08-29,2.7733845906632636e-10,919547.861607107,919547.8616071072,0.0,-0.0804521383928927
no_trend_filter_top3,2024-08-30,2.773497721322552e-10,900431.0860084058,900431.086008406,0.0,-0.0995689139915939
no_trend_filter_top3,2024-09-02,1.912703737616539e-07,895512.8948278356,895512.8948280269,0.6666664412084308,-0.1044871051719731
no_trend_filter_top3,2024-09-03,1.912781759768817e-07,882748.4375720487,882748.43757224,0.0,-0.11725156242776
no_trend_filter_top3,2024-09-04,1.91285978510374e-07,879009.0486789457,879009.048679137,0.0,-0.120990951320863
no_trend_filter_top3,2024-09-05,1.912937813621437e-07,879380.9268513981,879380.9268515893,0.0,-0.1206190731484107
no_trend_filter_top3,2024-09-06,1.9130158453220385e-07,880806.5762054772,880806.5762056685,0.0,-0.1191934237943315
no_trend_filter_top3,2024-09-09,1.913249959522567e-07,865103.7317233197,865103.731723511,0.0,-0.134896268276489
no_trend_filter_top3,2024-09-10,1.913328003956084e-07,871088.127763523,871088.1277637144,0.0,-0.1289118722362856
no_trend_filter_top3,2024-09-11,1.9134060515731545e-07,854378.8979306379,854378.8979308293,0.0,-0.1456211020691706
no_trend_filter_top3,2024-09-12,1.9134841023739086e-07,858861.2296768706,858861.229677062,0.0,-0.1411387703229379
no_trend_filter_top3,2024-09-13,1.9135621563584756e-07,857498.9762233633,857498.9762235547,0.0,-0.1425010237764453
no_trend_filter_top3,2024-09-18,1.605949364602566e-07,865754.1711125486,865754.1711127092,0.6641210267620832,-0.1342458288872907
no_trend_filter_top3,2024-09-19,1.606014873768158e-07,867467.5054915159,867467.5054916765,0.0,-0.1325324945083235
no_trend_filter_top3,2024-09-20,1.6060803856059707e-07,873451.4517850764,873451.4517852371,0.0,-0.1265485482147629
no_trend_filter_top3,2024-09-23,1.606276937153821e-07,885360.9218347296,885360.9218348903,0.0,-0.1146390781651097
no_trend_filter_top3,2024-09-24,1.6063424596816056e-07,925079.444634402,925079.4446345628,0.0,-0.0749205553654372
no_trend_filter_top3,2024-09-25,1.6064079848821557e-07,941667.471354981,941667.4713551416,0.0,-0.0583325286448583
no_trend_filter_top3,2024-09-26,1.6064735127555805e-07,979321.4964944052,979321.496494566,0.0,-0.0206785035054339
no_trend_filter_top3,2024-09-27,1.6065390433019885e-07,985648.6523468888,985648.6523470494,0.0,-0.0143513476529505
no_trend_filter_top3,2024-09-30,2.416200004518032e-07,1020987.317100644,1020987.3171008856,1.2987957468993696,0.0209873171008856
no_trend_filter_top3,2024-10-08,2.416988601467349e-07,1124888.2264537478,1124888.2264539895,0.0,0.1248882264539894
no_trend_filter_top3,2024-10-09,2.4170871941814266e-07,1032488.3501255126,1032488.3501257544,0.0,0.0324883501257542
no_trend_filter_top3,2024-10-10,2.417185790917254e-07,991060.801074374,991060.8010746158,0.0,-0.0089391989253841
no_trend_filter_top3,2024-10-11,2.417284391674996e-07,993463.4594759186,993463.4594761602,0.0,-0.0065365405238397
no_trend_filter_top3,2024-10-14,2.0849984139204025e-07,1018281.3428032736,1018281.342803482,1.311168490955959,0.018281342803482
no_trend_filter_top3,2024-10-15,2.0850834642397762e-07,987974.515170793,987974.5151710015,0.0,-0.0120254848289984
no_trend_filter_top3,2024-10-16,2.0851685180284835e-07,994921.206755992,994921.2067562004,0.0,-0.0050787932437995
no_trend_filter_top3,2024-10-17,2.085253575286667e-07,995862.5436622908,995862.5436624992,0.0,-0.0041374563375007
no_trend_filter_top3,2024-10-18,2.085338636014468e-07,1064643.1870593545,1064643.187059563,0.0,0.0646431870595629
no_trend_filter_top3,2024-10-21,2.0855938390169923e-07,1058861.7663111005,1058861.766311309,0.0,0.0588617663113091
no_trend_filter_top3,2024-10-22,2.085678913624678e-07,1047958.5655868488,1047958.5655870571,0.0,0.0479585655870573
no_trend_filter_top3,2024-10-23,2.0857639917026897e-07,1041849.3002221507,1041849.3002223594,0.0,0.0418493002223594
no_trend_filter_top3,2024-10-24,2.085849073251168e-07,1033801.7880362092,1033801.788036418,0.0,0.0338017880364178
no_trend_filter_top3,2024-10-25,2.085934158270255e-07,1039982.7389686038,1039982.7389688124,0.0,0.0399827389688123
no_trend_filter_top3,2024-10-28,7.437847671099007e-09,1047479.5713101968,1047479.5713102042,0.0337192647382315,0.0474795713102043
no_trend_filter_top3,2024-10-29,7.438151072442457e-09,1038725.2580018544,1038725.258001862,0.0,0.0387252580018617
no_trend_filter_top3,2024-10-30,7.438454486162121e-09,1040940.567006524,1040940.5670065316,0.0,0.0409405670065314
no_trend_filter_top3,2024-10-31,7.438757912258497e-09,1068294.603507921,1068294.6035079286,0.0,0.0682946035079286
no_trend_filter_top3,2024-11-01,7.439061350732098e-09,1034938.3848115964,1034938.384811604,0.0,0.0349383848116038
no_trend_filter_top3,2024-11-04,7.439971740421273e-09,1073590.293418833,1073590.2934188405,0.0,0.0735902934188406
no_trend_filter_top3,2024-11-05,7.440275228408807e-09,1147672.5401399017,1147672.540139909,0.0,0.1476725401399088
no_trend_filter_top3,2024-11-06,7.4405787287760865e-09,1136679.1036668457,1136679.103666853,0.0,0.1366791036668528
no_trend_filter_top3,2024-11-07,7.440882241523614e-09,1230175.6084359735,1230175.608435981,0.0,0.2301756084359809
no_trend_filter_top3,2024-11-08,7.441185766651901e-09,1194758.0562529557,1194758.0562529631,0.0,0.1947580562529631
no_trend_filter_top3,2024-11-11,3.199675120413304e-07,1209899.7019156488,1209899.701915969,0.6453291290605716,0.2098997019159687
no_trend_filter_top3,2024-11-12,3.199805640124525e-07,1190253.3307072776,1190253.3307075975,0.0,0.1902533307075975
no_trend_filter_top3,2024-11-13,3.199936165159847e-07,1188004.1833244588,1188004.1833247787,0.0,0.1880041833247787
no_trend_filter_top3,2024-11-14,3.200066695519489e-07,1161722.7278381498,1161722.7278384697,0.0,0.1617227278384696
no_trend_filter_top3,2024-11-15,3.200197231203666e-07,1111022.0123304292,1111022.012330749,0.0,0.111022012330749
no_trend_filter_top3,2024-11-18,3.200588870205585e-07,1082855.6285412912,1082855.6285416114,0.0,0.0828556285416113
no_trend_filter_top3,2024-11-19,3.2007194271900777e-07,1114544.3143170648,1114544.314317385,0.0,0.1145443143173849
no_trend_filter_top3,2024-11-20,3.200849989500192e-07,1117736.3215177772,1117736.3215180973,0.0,0.1177363215180973
no_trend_filter_top3,2024-11-21,3.2009805571361456e-07,1131395.3697303454,1131395.3697306656,0.0,0.1313953697306655
no_trend_filter_top3,2024-11-22,3.201111130098156e-07,1079722.501969347,1079722.5019696672,0.0,0.0797225019696672
no_trend_filter_top3,2024-11-25,2.6158522814512253e-07,1069874.946758256,1069874.9467585175,1.342978056382039,0.0698749467585175
no_trend_filter_top3,2024-11-26,2.6159589861232696e-07,1048992.0969468723,1048992.096947134,0.0,0.048992096947134
no_trend_filter_top3,2024-11-27,2.616065695147963e-07,1089763.092275791,1089763.0922760528,0.0,0.0897630922760528
no_trend_filter_top3,2024-11-28,2.616172408525483e-07,1079306.342460075,1079306.3424603366,0.0,0.0793063424603366
no_trend_filter_top3,2024-11-29,2.616279126256008e-07,1126786.4775212822,1126786.477521544,0.0,0.1267864775215439
no_trend_filter_top3,2024-12-02,2.6165993055673817e-07,1135482.7350670574,1135482.7350673191,0.0,0.1354827350673191
no_trend_filter_top3,2024-12-03,2.616706040711699e-07,1125539.763978472,1125539.7639787337,0.0,0.1255397639787336
no_trend_filter_top3,2024-12-04,2.616812780209907e-07,1110328.3853328712,1110328.385333133,0.0,0.1103283853331329
no_trend_filter_top3,2024-12-05,2.616919524062186e-07,1136815.7982722027,1136815.7982724644,0.0,0.1368157982724644
no_trend_filter_top3,2024-12-06,2.617026272268712e-07,1138756.046230894,1138756.0462311555,0.0,0.1387560462311556
no_trend_filter_top3,2024-12-09,2.753222361207009e-07,1123074.9279895378,1123074.927989813,1.345385113994759,0.1230749279898131
no_trend_filter_top3,2024-12-10,2.753334669417683e-07,1137210.9394326697,1137210.939432945,0.0,0.137210939432945
no_trend_filter_top3,2024-12-11,2.753446982209583e-07,1130921.4786289933,1130921.4786292687,0.0,0.1309214786292687
no_trend_filter_top3,2024-12-12,2.753559299582897e-07,1150691.8883184495,1150691.8883187252,0.0,0.1506918883187251
no_trend_filter_top3,2024-12-13,2.75367162153781e-07,1113233.5101410768,1113233.5101413522,0.0,0.1132335101413521
no_trend_filter_top3,2024-12-16,2.754008614894018e-07,1093644.477267743,1093644.4772680183,0.0,0.0936444772680185
no_trend_filter_top3,2024-12-17,2.7541209551772e-07,1088626.0262057926,1088626.026206068,0.0,0.088626026206068
no_trend_filter_top3,2024-12-18,2.754233300042916e-07,1090287.9119089504,1090287.911909226,0.0,0.0902879119092259
no_trend_filter_top3,2024-12-19,2.754345649491353e-07,1090097.1918462482,1090097.1918465237,0.0,0.0900971918465236
no_trend_filter_top3,2024-12-20,2.754458003522699e-07,1097374.6967131237,1097374.6967133991,0.0,0.097374696713399
no_trend_filter_top3,2024-12-23,2.659508027136326e-07,1071640.15466544,1071640.1546657055,1.362696265027567,0.0716401546657057
no_trend_filter_top3,2024-12-24,2.659616512593952e-07,1083499.4309496277,1083499.4309498935,0.0,0.0834994309498935
no_trend_filter_top3,2024-12-25,2.659725002476868e-07,1076830.4946287377,1076830.4946290036,0.0,0.0768304946290034
no_trend_filter_top3,2024-12-26,2.6598334967852546e-07,1090893.3235253238,1090893.3235255897,0.0,0.0908933235255897
no_trend_filter_top3,2024-12-27,2.659941995519292e-07,1088618.541990595,1088618.5419908608,0.0,0.0886185419908607
no_trend_filter_top3,2024-12-30,2.660267518277118e-07,1093767.543399664,1093767.5433999302,0.0,0.0937675433999303
no_trend_filter_top3,2024-12-31,2.6603760347155654e-07,1042254.5710638925,1042254.5710641583,0.0,0.0422545710641584
no_trend_filter_top3,2025-01-02,2.660593080872303e-07,994943.4918034496,994943.4918037156,0.0,-0.0050565081962845
no_trend_filter_top3,2025-01-03,2.6607016105909537e-07,964019.3188793792,964019.3188796452,0.0,-0.0359806811203546
no_trend_filter_top3,2025-01-06,2.0372681319713598e-07,965159.9275414716,965159.9275416752,1.9866899576977064,-0.0348400724583247
no_trend_filter_top3,2025-01-07,2.037351235298497e-07,971296.9706875574,971296.9706877612,0.0,-0.0287030293122388
no_trend_filter_top3,2025-01-08,2.037434342015548e-07,978102.7758598464,978102.77586005,0.0,-0.0218972241399499
no_trend_filter_top3,2025-01-09,2.0375174521226507e-07,972802.3015876494,972802.3015878532,0.0,-0.0271976984121469
no_trend_filter_top3,2025-01-10,2.0376005656199438e-07,967227.4655438564,967227.46554406,0.0,-0.0327725344559398
no_trend_filter_top3,2025-01-13,2.0378499264543478e-07,953992.4529574924,953992.452957696,0.0,-0.0460075470423039
no_trend_filter_top3,2025-01-14,2.037933053513784e-07,967869.7871990798,967869.7871992836,0.0,-0.0321302128007163
no_trend_filter_top3,2025-01-15,2.0380161839641026e-07,975662.9590365412,975662.959036745,0.0,-0.0243370409632549
no_trend_filter_top3,2025-01-16,2.038099317805441e-07,984979.264270488,984979.2642706918,0.0,-0.0150207357293081
no_trend_filter_top3,2025-01-17,2.0381824550379378e-07,979851.7092232616,979851.7092234652,0.0,-0.0201482907765346
no_trend_filter_top3,2025-01-20,1.9917933968827126e-10,976203.0039411312,976203.0039411316,0.0014648630923177,-0.0237969960588684
no_trend_filter_top3,2025-01-21,1.991874645224869e-10,975436.2905754856,975436.290575486,0.0,-0.0245637094245141
no_trend_filter_top3,2025-01-22,1.9919558968812718e-10,957344.30207596,957344.3020759602,0.0,-0.0426556979240397
no_trend_filter_top3,2025-01-23,1.9920371518520558e-10,981826.7177812492,981826.7177812494,0.0,-0.0181732822187505
no_trend_filter_top3,2025-01-24,1.992118410137356e-10,984784.8345652346,984784.8345652348,0.0,-0.0152151654347651
no_trend_filter_top3,2025-01-27,1.9923622048817056e-10,997253.1092246422,997253.1092246424,0.0,-0.0027468907753576
no_trend_filter_top3,2025-02-05,8.86188900039997e-11,982091.5877204431,982091.5877204434,0.0007660582743468,-0.0179084122795566
no_trend_filter_top3,2025-02-06,8.862250490598091e-11,982091.5877204434,982091.5877204436,0.0,-0.0179084122795565
no_trend_filter_top3,2025-02-07,8.862611995541961e-11,979182.5286396586,979182.5286396588,0.0,-0.0208174713603412
no_trend_filter_top3,2025-02-10,8.863696598854059e-11,980391.448800622,980391.4488006224,0.0,-0.0196085511993777
no_trend_filter_top3,2025-02-11,8.864058162786926e-11,988428.0143353954,988428.0143353957,0.0,-0.0115719856646044
no_trend_filter_top3,2025-02-12,8.864419741468547e-11,994764.4409503472,994764.4409503476,0.0,-0.0052355590496525
no_trend_filter_top3,2025-02-13,8.864781334899524e-11,997798.3312259628,997798.331225963,0.0,-0.002201668774037
no_trend_filter_top3,2025-02-14,8.865142943080457e-11,1000631.4298620704,1000631.4298620704,0.0,0.0006314298620704
no_trend_filter_top3,2025-02-17,2.1228333935141566e-07,971189.320418574,971189.3204187864,2.0590309804875018,-0.0288106795812137
no_trend_filter_top3,2025-02-18,2.122919987181034e-07,933010.4710179064,933010.4710181188,0.0,-0.0669895289818812
no_trend_filter_top3,2025-02-19,2.123006584380201e-07,953370.0446706236,953370.0446708358,0.0,-0.0466299553291641
no_trend_filter_top3,2025-02-20,2.123093185111802e-07,942912.8892227424,942912.8892229546,0.0,-0.0570871107770453
no_trend_filter_top3,2025-02-21,2.123179789375981e-07,974091.7529066585,974091.7529068708,0.0,-0.0259082470931292
no_trend_filter_top3,2025-02-24,2.1234396233654298e-07,961547.5677561568,961547.567756369,0.0,-0.038452432243631
no_trend_filter_top3,2025-02-25,2.123526241761363e-07,932210.909426224,932210.9094264364,0.0,-0.0677890905735637
no_trend_filter_top3,2025-02-26,2.123612863690595e-07,940192.7331760012,940192.7331762136,0.0,-0.0598072668237865
no_trend_filter_top3,2025-02-27,2.1236994891532695e-07,936638.2456776724,936638.2456778848,0.0,-0.0633617543221152
no_trend_filter_top3,2025-02-28,2.1237861181495318e-07,887072.407635786,887072.4076359983,0.0,-0.1129275923640016
no_trend_filter_top3,2025-03-03,1.8888385966420174e-07,871114.8297455534,871114.8297457423,2.0410224929299448,-0.1288851702542577
no_trend_filter_top3,2025-03-04,1.8889156452981779e-07,890675.3525958827,890675.3525960717,0.0,-0.1093246474039283
no_trend_filter_top3,2025-03-05,1.888992697097272e-07,898071.2163340703,898071.2163342593,0.0,-0.1019287836657407
no_trend_filter_top3,2025-03-06,1.889069752039429e-07,926087.5665194808,926087.5665196696,0.0,-0.0739124334803303
no_trend_filter_top3,2025-03-07,1.8891468101247764e-07,912233.8527496088,912233.852749798,0.0,-0.0877661472502021
no_trend_filter_top3,2025-03-10,1.889378003241245e-07,914489.1122152634,914489.1122154524,0.0,-0.0855108877845476
no_trend_filter_top3,2025-03-11,1.889455073900637e-07,907680.184794947,907680.184795136,0.0,-0.0923198152048639
no_trend_filter_top3,2025-03-12,1.889532147703861e-07,903947.9412240924,903947.9412242814,0.0,-0.0960520587757185
no_trend_filter_top3,2025-03-13,1.889609224651045e-07,877294.0484075609,877294.0484077499,0.0,-0.1227059515922501
no_trend_filter_top3,2025-03-14,1.889686304742317e-07,891887.631384756,891887.6313849449,0.0,-0.1081123686150551
no_trend_filter_top3,2025-03-17,2.439483068883419e-07,887286.761326151,887286.761326395,0.6703220253511017,-0.112713238673605
no_trend_filter_top3,2025-03-18,2.439582579181715e-07,890443.3553836221,890443.3553838661,0.0,-0.1095566446161339
no_trend_filter_top3,2025-03-19,2.439682093539189e-07,883458.37997557,883458.379975814,0.0,-0.116541620024186
no_trend_filter_top3,2025-03-20,2.439781611956009e-07,878442.0307375377,878442.0307377817,0.0,-0.1215579692622182
no_trend_filter_top3,2025-03-21,2.4398811344323385e-07,858406.9886396808,858406.9886399248,0.0,-0.1415930113600751
no_trend_filter_top3,2025-03-24,2.440179726220049e-07,867954.7391124372,867954.7391126812,0.0,-0.1320452608873187
no_trend_filter_top3,2025-03-25,2.440279264936077e-07,850079.6378625326,850079.6378627766,0.0,-0.1499203621372233
no_trend_filter_top3,2025-03-26,2.440378807712444e-07,850809.1368213791,850809.1368216231,0.0,-0.1491908631783769
no_trend_filter_top3,2025-03-27,2.440478354549316e-07,855999.5204694641,855999.5204697081,0.0,-0.1440004795302918
no_trend_filter_top3,2025-03-28,2.440577905446857e-07,844750.2980773603,844750.2980776043,0.0,-0.1552497019223957
no_trend_filter_top3,2025-03-31,1.1728843674063685e-07,854877.9220748547,854877.922074972,0.6722820398792132,-0.145122077925028
no_trend_filter_top3,2025-04-01,1.1729322111789918e-07,855050.3595378073,855050.3595379246,0.0,-0.1449496404620753
no_trend_filter_top3,2025-04-02,1.1729800569032369e-07,852831.9180096656,852831.9180097829,0.0,-0.1471680819902171
no_trend_filter_top3,2025-04-03,1.1730279045791833e-07,843509.6406518103,843509.6406519277,0.0,-0.1564903593480723
no_trend_filter_top3,2025-04-07,1.1732193148015745e-07,753833.715039272,753833.7150393893,0.0,-0.2461662849606106
no_trend_filter_top3,2025-04-08,1.1732671722372217e-07,760947.665030131,760947.6650302483,0.0,-0.2390523349697516
no_trend_filter_top3,2025-04-09,1.1733150316250477e-07,792591.2641225003,792591.2641226177,0.0,-0.2074087358773823
no_trend_filter_top3,2025-04-10,1.1733628929651327e-07,808747.4765164244,808747.4765165418,0.0,-0.1912525234834582
no_trend_filter_top3,2025-04-11,1.1734107562575557e-07,846711.3508002271,846711.3508003445,0.0,-0.1532886491996554
no_trend_filter_top3,2025-04-14,2.327724359929562e-07,845858.5451530331,845858.5451532658,0.6712418736276944,-0.1541414548467341
no_trend_filter_top3,2025-04-15,2.327819311416768e-07,835981.1331226644,835981.1331228972,0.0,-0.1640188668771027
no_trend_filter_top3,2025-04-16,2.3279142667771929e-07,843838.5214222155,843838.5214224483,0.0,-0.1561614785775517
no_trend_filter_top3,2025-04-17,2.3280092260109945e-07,848088.5671709429,848088.5671711757,0.0,-0.1519114328288242
no_trend_filter_top3,2025-04-18,2.32810418911833e-07,839341.5558551135,839341.5558553464,0.0,-0.1606584441446535
no_trend_filter_top3,2025-04-21,2.3283891016831246e-07,846445.3356940539,846445.3356942867,0.0,-0.1535546643057133
no_trend_filter_top3,2025-04-22,2.328484080286178e-07,844976.032213436,844976.0322136688,0.0,-0.1550239677863312
no_trend_filter_top3,2025-04-23,2.328579062763556e-07,843849.4345145677,843849.4345148006,0.0,-0.1561505654851994
no_trend_filter_top3,2025-04-24,2.328674049115417e-07,835437.0269944856,835437.0269947185,0.0,-0.1645629730052815
no_trend_filter_top3,2025-04-25,2.328769039341918e-07,833053.9352084415,833053.9352086743,0.0,-0.1669460647913256
no_trend_filter_top3,2025-04-28,1.764856278896332e-07,839915.4847874827,839915.4847876591,1.9820168196799888,-0.1600845152123409
no_trend_filter_top3,2025-04-29,1.7649282701214404e-07,837315.3424425293,837315.3424427058,0.0,-0.1626846575572942
no_trend_filter_top3,2025-04-30,1.765000264283183e-07,820107.620955054,820107.6209552304,0.0,-0.1798923790447695
no_trend_filter_top3,2025-05-06,1.7654322909296558e-07,818648.6043179318,818648.6043181083,0.0,-0.1813513956818917
no_trend_filter_top3,2025-05-07,1.7655043056511886e-07,830740.9912793427,830740.9912795193,0.0,-0.1692590087204807
no_trend_filter_top3,2025-05-08,1.7655763233103138e-07,839476.8394049332,839476.8394051098,0.0,-0.1605231605948902
no_trend_filter_top3,2025-05-09,1.765648343907151e-07,850249.0760586488,850249.0760588254,0.0,-0.1497509239411746
no_trend_filter_top3,2025-05-12,2.97859514830634e-11,852842.7977302512,852842.7977302512,0.0022363442403293,-0.1471572022697488
no_trend_filter_top3,2025-05-13,2.9787166498225785e-11,865118.8662478797,865118.8662478797,0.0,-0.1348811337521203
no_trend_filter_top3,2025-05-14,2.9788381562950526e-11,872673.2231261403,872673.2231261403,0.0,-0.1273267768738597
no_trend_filter_top3,2025-05-15,2.9789596677239645e-11,871333.6973180044,871333.6973180044,0.0,-0.1286663026819955
no_trend_filter_top3,2025-05-16,2.979081184109516e-11,863359.3776969975,863359.3776969975,0.0,-0.1366406223030025
no_trend_filter_top3,2025-05-19,2.9794457630080296e-11,860160.3720632121,860160.3720632121,0.0,-0.1398396279367879
no_trend_filter_top3,2025-05-20,2.979567299222162e-11,863359.3776969975,863359.3776969975,0.0,-0.1366406223030025
no_trend_filter_top3,2025-05-21,2.9796888403939445e-11,868476.0819442639,868476.0819442639,0.0,-0.1315239180557361
no_trend_filter_top3,2025-05-22,2.97981038652358e-11,876651.4492120014,876651.4492120014,0.0,-0.1233485507879985
no_trend_filter_top3,2025-05-23,2.979931937611271e-11,868974.6171697113,868974.6171697113,0.0,-0.1310253828302887
no_trend_filter_top3,2025-05-26,4.570210876408965e-11,861780.0634304613,861780.0634304613,0.0010714754511319,-0.1382199365695386
no_trend_filter_top3,2025-05-27,4.5703973023995295e-11,866957.6886759889,866957.6886759889,0.0,-0.1330423113240111
no_trend_filter_top3,2025-05-28,4.5705837359947e-11,865775.8832746417,865775.8832746417,0.0,-0.1342241167253582
no_trend_filter_top3,2025-05-29,4.570770177194785e-11,864957.5239377908,864957.5239377908,0.0,-0.1350424760622092
no_trend_filter_top3,2025-05-30,4.5709566260000966e-11,871535.715463279,871535.715463279,0.0,-0.1284642845367209
no_trend_filter_top3,2025-06-03,4.5717024972798056e-11,886425.1904469348,886425.1904469348,0.0,-0.1135748095530652
no_trend_filter_top3,2025-06-04,4.5718889841159e-11,888079.3006357651,888079.3006357651,0.0,-0.1119206993642348
no_trend_filter_top3,2025-06-05,4.5720754785590806e-11,881925.7489845911,881925.7489845911,0.0,-0.1180742510154089
no_trend_filter_top3,2025-06-06,4.57226198060966e-11,883427.1981557454,883427.1981557454,0.0,-0.1165728018442545
no_trend_filter_top3,2025-06-09,3.523155100992881e-10,885986.7802011615,885986.7802011619,0.0016636784866944,-0.1140132197988381
no_trend_filter_top3,2025-06-10,3.5232988159542636e-10,890162.7222440799,890162.7222440803,0.0,-0.1098372777559197
no_trend_filter_top3,2025-06-11,3.5234425367780036e-10,892902.5042068484,892902.5042068488,0.0,-0.1070974957931512
no_trend_filter_top3,2025-06-12,3.5235862634643377e-10,896718.8994487303,896718.8994487306,0.0,-0.1032811005512693
no_trend_filter_top3,2025-06-13,3.5237299960135077e-10,889545.0753334546,889545.075333455,0.0,-0.110454924666545
no_trend_filter_top3,2025-06-16,3.524161228840414e-10,900277.1945810234,900277.1945810238,0.0,-0.0997228054189762
no_trend_filter_top3,2025-06-17,3.5243049848433127e-10,898937.4317060977,898937.431706098,0.0,-0.1010625682939019
no_trend_filter_top3,2025-06-18,3.524448746710242e-10,907414.8777039916,907414.8777039918,0.0,-0.0925851222960081
no_trend_filter_top3,2025-06-19,3.524592514441441e-10,906032.9291123028,906032.9291123032,0.0,-0.0939670708876968
no_trend_filter_top3,2025-06-20,3.5247362880371487e-10,916750.0002259451,916750.0002259456,0.0,-0.0832499997740545
no_trend_filter_top3,2025-06-23,3.319655661471188e-11,929340.6311127696,929340.6311127696,0.0006302582946184,-0.0706593688872302
no_trend_filter_top3,2025-06-24,3.3197910753747816e-11,932155.2947862246,932155.2947862246,0.0,-0.0678447052137753
no_trend_filter_top3,2025-06-25,3.31992649480212e-11,943420.167936394,943420.167936394,0.0,-0.0565798320636058
no_trend_filter_top3,2025-06-26,3.320061919753426e-11,950966.6853004012,950966.6853004012,0.0,-0.0490333146995988
no_trend_filter_top3,2025-06-27,3.320197350228926e-11,925803.1359040246,925803.1359040246,0.0,-0.0741968640959753
no_trend_filter_top3,2025-06-30,3.3206036748028424e-11,922541.690924144,922541.690924144,0.0,-0.0774583090758559
no_trend_filter_top3,2025-07-01,3.3207391273773706e-11,936214.7382223078,936214.7382223078,0.0,-0.0637852617776922
no_trend_filter_top3,2025-07-02,3.3208745854772204e-11,942231.0979102982,942231.0979102982,0.0,-0.0577689020897018
no_trend_filter_top3,2025-07-03,3.3210100491026154e-11,942431.9812182502,942431.9812182502,0.0,-0.0575680187817497
no_trend_filter_top3,2025-07-04,3.3211455182537824e-11,960178.5225465776,960178.5225465776,0.0,-0.0398214774534224
no_trend_filter_top3,2025-07-07,2.621673047542572e-07,962495.0825815622,962495.0825818244,0.6647048803145257,-0.0375049174181756
no_trend_filter_top3,2025-07-08,2.621779989652694e-07,961029.2061900182,961029.2061902804,0.0,-0.0389707938097195
no_trend_filter_top3,2025-07-09,2.6218869361251506e-07,963953.4061412786,963953.4061415409,0.0,-0.0360465938584593
no_trend_filter_top3,2025-07-10,2.62199388696012e-07,975301.8631633793,975301.8631636414,0.0,-0.0246981368363585
no_trend_filter_top3,2025-07-11,2.622100842157779e-07,963615.6460303138,963615.646030576,0.0,-0.036384353969424
no_trend_filter_top3,2025-07-14,2.62242173392868e-07,967079.7307063064,967079.7307065686,0.0,-0.0329202692934313
no_trend_filter_top3,2025-07-15,2.622528706578881e-07,957062.9506296996,957062.9506299618,0.0,-0.0429370493700381
no_trend_filter_top3,2025-07-16,2.622635683592662e-07,952745.265345908,952745.2653461704,0.0,-0.0472547346538296
no_trend_filter_top3,2025-07-17,2.622742664970202e-07,950222.2276816496,950222.227681912,0.0,-0.0497777723180881
no_trend_filter_top3,2025-07-18,2.6228496507116776e-07,956031.4273738832,956031.4273741454,0.0,-0.0439685726258546
no_trend_filter_top3,2025-07-21,2.0291190594434738e-07,957291.4038569928,957291.4038571956,1.993991189543135,-0.0427085961428043
no_trend_filter_top3,2025-07-22,2.0292018303573025e-07,960514.7452484064,960514.7452486092,0.0,-0.0394852547513906
no_trend_filter_top3,2025-07-23,2.0292846046474853e-07,960581.3092910494,960581.3092912524,0.0,-0.0394186907087477
no_trend_filter_top3,2025-07-24,2.02936738231416e-07,968994.090272813,968994.090273016,0.0,-0.0310059097269841
no_trend_filter_top3,2025-07-25,2.0294501633574642e-07,967941.4577386486,967941.4577388515,0.0,-0.0320585422611484
no_trend_filter_top3,2025-07-28,2.0296985267485298e-07,982494.005623844,982494.0056240468,0.0,-0.0175059943759532
no_trend_filter_top3,2025-07-29,2.029781321299729e-07,1000227.1174036232,1000227.1174038262,0.0,0.0002271174038261
no_trend_filter_top3,2025-07-30,2.029864119228246e-07,991741.296295762,991741.2962959652,0.0,-0.0082587037040349
no_trend_filter_top3,2025-07-31,2.029946920534219e-07,981167.5205819312,981167.520582134,0.0,-0.0188324794178658
no_trend_filter_top3,2025-08-01,2.030029725217786e-07,974332.8481570852,974332.8481572884,0.0,-0.0256671518427117
no_trend_filter_top3,2025-08-04,2.3463508114218715e-07,977614.7628773096,977614.7628775444,1.319593365089553,-0.0223852371224556
no_trend_filter_top3,2025-08-05,2.3464465227109258e-07,986742.7297455732,986742.729745808,0.0,-0.0132572702541921
no_trend_filter_top3,2025-08-06,2.3465422379041922e-07,988397.0185431142,988397.0185433488,0.0,-0.0116029814566511
no_trend_filter_top3,2025-08-07,2.34663795700183e-07,971772.4860627052,971772.48606294,0.0,-0.0282275139370601
no_trend_filter_top3,2025-08-08,2.346733680003998e-07,966095.6585747988,966095.6585750337,0.0,-0.0339043414249664
no_trend_filter_top3,2025-08-11,2.3470208724392786e-07,976718.3466550956,976718.3466553304,0.0,-0.0232816533446696
no_trend_filter_top3,2025-08-12,2.347116611061161e-07,975484.0698799444,975484.0698801792,0.0,-0.0245159301198208
no_trend_filter_top3,2025-08-13,2.347212353588371e-07,1006245.783897982,1006245.7838982168,0.0,0.0062457838982166
no_trend_filter_top3,2025-08-14,2.3473081000210666e-07,996012.0400007626,996012.0400009973,0.0,-0.0039879599990026
no_trend_filter_top3,2025-08-15,2.347403850359408e-07,1011790.0214907484,1011790.021490983,0.0,0.0117900214909829
no_trend_filter_top3,2025-08-18,2.45578121393919e-07,1018800.1848796848,1018800.1848799302,1.3243199824949894,0.0188001848799301
no_trend_filter_top3,2025-08-19,2.455881389064102e-07,1015029.1614267704,1015029.161427016,0.0,0.0150291614270161
no_trend_filter_top3,2025-08-20,2.455981568275313e-07,1028640.8927809926,1028640.8927812382,0.0,0.0286408927812382
no_trend_filter_top3,2025-08-21,2.456081751572989e-07,1027414.3438930908,1027414.3438933364,0.0,0.0274143438933363
no_trend_filter_top3,2025-08-22,2.456181938957298e-07,1043234.7709936374,1043234.770993883,0.0,0.0432347709938829
no_trend_filter_top3,2025-08-25,2.456482525631683e-07,1061163.049452931,1061163.0494531766,0.0,0.0611630494531765
no_trend_filter_top3,2025-08-26,2.456582729364187e-07,1058467.1562463804,1058467.156246626,0.0,0.0584671562466261
no_trend_filter_top3,2025-08-27,2.456682937184157e-07,1042099.7939536223,1042099.793953868,0.0,0.042099793953868
no_trend_filter_top3,2025-08-28,2.456783149091759e-07,1058017.938241294,1058017.9382415398,0.0,0.0580179382415397
no_trend_filter_top3,2025-08-29,2.45688336508716e-07,1061666.054909442,1061666.0549096875,0.0,0.0616660549096874
no_trend_filter_top3,2025-09-01,2.252636477351189e-07,1104038.184144181,1104038.184144406,1.9201250167164412,0.104038184144406
no_trend_filter_top3,2025-09-02,2.252728365887195e-07,1040405.564318114,1040405.5643183392,0.0,0.0404055643183391
no_trend_filter_top3,2025-09-03,2.252820258171477e-07,1055194.9109273222,1055194.9109275476,0.0,0.0551949109275475
no_trend_filter_top3,2025-09-04,2.252912154204188e-07,965668.17275477,965668.1727549954,0.0,-0.0343318272450046
no_trend_filter_top3,2025-09-05,2.253004053985481e-07,1030262.7210122604,1030262.7210124856,0.0,0.0302627210124855
no_trend_filter_top3,2025-09-08,2.2532797758223786e-07,990411.6135995436,990411.6135997688,0.0,-0.0095883864002311
no_trend_filter_top3,2025-09-09,2.253371690599527e-07,969060.9301902856,969060.930190511,0.0,-0.0309390698094889
no_trend_filter_top3,2025-09-10,2.253463609126022e-07,1009419.6921717778,1009419.6921720032,0.0,0.0094196921720031
no_trend_filter_top3,2025-09-11,2.2535555314020165e-07,1110350.6270926893,1110350.627092915,0.0,0.1103506270929146
no_trend_filter_top3,2025-09-12,2.253647457427663e-07,1088318.2154660714,1088318.2154662968,0.0,0.0883182154662967
no_trend_filter_top3,2025-09-15,1.1746305972337725e-07,1078059.1109777985,1078059.110977916,0.6766882719519084,0.078059110977916
no_trend_filter_top3,2025-09-16,1.1746785122378189e-07,1086061.2324617966,1086061.2324619142,0.0,0.0860612324619141
no_trend_filter_top3,2025-09-17,1.174726429196393e-07,1096216.2949952148,1096216.2949953324,0.0,0.0962162949953324
no_trend_filter_top3,2025-09-18,1.174774348109574e-07,1101811.075938088,1101811.0759382057,0.0,0.1018110759382053
no_trend_filter_top3,2025-09-19,1.1748222689774419e-07,1108796.9710178454,1108796.971017963,0.0,0.108796971017963
no_trend_filter_top3,2025-09-22,1.1749660433099636e-07,1127730.1650377763,1127730.165037894,0.0,0.1277301650378939
no_trend_filter_top3,2025-09-23,1.1750139719973761e-07,1135402.4419195557,1135402.4419196732,0.0,0.1354024419196733
no_trend_filter_top3,2025-09-24,1.175061902639874e-07,1141168.5785982944,1141168.578598412,0.0,0.141168578598412
no_trend_filter_top3,2025-09-25,1.1751098352375373e-07,1163434.3349084368,1163434.3349085543,0.0,0.1634343349085543
no_trend_filter_top3,2025-09-26,1.1751577697904453e-07,1126108.96588816,1126108.9658882776,0.0,0.1261089658882777
no_trend_filter_top3,2025-09-29,2.3673055693507197e-07,1152524.9281398712,1152524.928140108,1.9348516811293872,0.1525249281401079
no_trend_filter_top3,2025-09-30,2.367402135416853e-07,1182214.496844422,1182214.4968446589,0.0,0.1822144968446588
no_trend_filter_top3,2025-10-09,2.3682714072899243e-07,1188313.650621323,1188313.6506215597,0.0,0.1883136506215594
no_trend_filter_top3,2025-10-10,2.368368012754085e-07,1101910.6518007452,1101910.651800982,0.0,0.101910651800982
no_trend_filter_top3,2025-10-13,2.3317988961935046e-07,1089771.3703185515,1089771.3703187848,0.6303594280980297,0.0897713703187848
no_trend_filter_top3,2025-10-14,2.331894013887365e-07,1045533.9098678408,1045533.909868074,0.0,0.045533909868074
no_trend_filter_top3,2025-10-15,2.3319891354612243e-07,1072627.2381883566,1072627.23818859,0.0,0.0726272381885899
no_trend_filter_top3,2025-10-16,2.332084260915239e-07,1072900.7722477007,1072900.772247934,0.0,0.072900772247934
no_trend_filter_top3,2025-10-17,2.3321793902495693e-07,1027208.8863668524,1027208.8863670856,0.0,0.0272088863670854
no_trend_filter_top3,2025-10-20,2.3324648015360325e-07,1035200.3824567532,1035200.3824569864,0.0,0.0352003824569864
no_trend_filter_top3,2025-10-21,2.332559946393205e-07,1052971.3634227244,1052971.3634229577,0.0,0.0529713634229576
no_trend_filter_top3,2025-10-22,2.3326550951314843e-07,1036844.6297969212,1036844.6297971546,0.0,0.0368446297971545
no_trend_filter_top3,2025-10-23,2.332750247751027e-07,1049658.6566601973,1049658.6566604306,0.0,0.0496586566604306
no_trend_filter_top3,2025-10-24,2.3328454042519938e-07,1076577.6996352144,1076577.6996354477,0.0,0.0765776996354477
no_trend_filter_top3,2025-10-27,2.3032771423459053e-07,1104924.360796203,1104924.3607964332,1.9626185357631023,0.1049243607964331
no_trend_filter_top3,2025-10-28,2.303371096593186e-07,1106806.0898900486,1106806.0898902789,0.0,0.1068060898902789
no_trend_filter_top3,2025-10-29,2.303465054673006e-07,1132155.2294484808,1132155.229448711,0.0,0.1321552294487109
no_trend_filter_top3,2025-10-30,2.3035590165855225e-07,1110458.516225076,1110458.5162253063,0.0,0.1104585162253062
no_trend_filter_top3,2025-10-31,2.3036529823308905e-07,1071082.5744949027,1071082.574495133,0.0,0.0710825744951331
no_trend_filter_top3,2025-11-03,2.303934902565672e-07,1093876.8434578597,1093876.84345809,0.0,0.0938768434580898
no_trend_filter_top3,2025-11-04,2.3040288836440127e-07,1063712.8885372027,1063712.8885374332,0.0,0.0637128885374331
no_trend_filter_top3,2025-11-05,2.3041228685559866e-07,1048548.2314235704,1048548.2314238008,0.0,0.0485482314238008
no_trend_filter_top3,2025-11-06,2.304216857301752e-07,1079289.0649087508,1079289.064908981,0.0,0.0792890649089812
no_trend_filter_top3,2025-11-07,2.304310849881463e-07,1065495.6023739562,1065495.6023741867,0.0,0.0654956023741868
no_trend_filter_top3,2025-11-10,2.274173311889172e-07,1037601.3130163394,1037601.3130165668,2.06440539339076,0.0376013130165668
no_trend_filter_top3,2025-11-11,2.274266078946065e-07,1035085.3468440548,1035085.3468442824,0.0,0.0350853468442824
no_trend_filter_top3,2025-11-12,2.27435884978707e-07,1011679.1589751238,1011679.1589753513,0.0,0.0116791589753513
no_trend_filter_top3,2025-11-13,2.2744516244123417e-07,1072789.4600460925,1072789.46004632,0.0,0.0727894600463199
no_trend_filter_top3,2025-11-14,2.2745444028220345e-07,1045025.8728488636,1045025.872849091,0.0,0.0450258728490908
no_trend_filter_top3,2025-11-17,2.2748227607591813e-07,1053629.5505411734,1053629.550541401,0.0,0.0536295505414008
no_trend_filter_top3,2025-11-18,2.2749155543081015e-07,1005876.420207419,1005876.4202076464,0.0,0.0058764202076464
no_trend_filter_top3,2025-11-19,2.2750083516422145e-07,1008779.3168062768,1008779.3168065044,0.0,0.0087793168065042
no_trend_filter_top3,2025-11-20,2.2751011527616741e-07,989507.8617444384,989507.861744666,0.0,-0.0104921382553341
no_trend_filter_top3,2025-11-21,2.2751939576666362e-07,932538.4023405848,932538.402340812,0.0,-0.0674615976591879
no_trend_filter_top3,2025-11-24,7.089511200319976e-10,929524.075695238,929524.0756952388,0.003049148263095,-0.0704759243047613
no_trend_filter_top3,2025-11-25,7.089800392478473e-10,951754.7149676428,951754.7149676436,0.0,-0.0482452850323563
no_trend_filter_top3,2025-11-26,7.090089596433569e-10,957436.1431235648,957436.1431235656,0.0,-0.0425638568764344
no_trend_filter_top3,2025-11-27,7.090378812185742e-10,957283.5129487126,957283.5129487131,0.0,-0.0427164870512867
no_trend_filter_top3,2025-11-28,7.090668039735473e-10,970632.8496326508,970632.8496326515,0.0,-0.0293671503673484
no_trend_filter_top3,2025-12-01,7.091535793174839e-10,973926.6445421228,973926.6445421234,0.0,-0.0260733554578765
no_trend_filter_top3,2025-12-02,7.09182506791962e-10,958340.3327388624,958340.3327388632,0.0,-0.0416596672611367
no_trend_filter_top3,2025-12-03,7.092114354464367e-10,945775.7942266482,945775.7942266488,0.0,-0.0542242057733511
no_trend_filter_top3,2025-12-04,7.09240365280956e-10,951696.005269718,951696.0052697186,0.0,-0.0483039947302814
no_trend_filter_top3,2025-12-05,7.092692962955682e-10,960636.0175561092,960636.01755611,0.0,-0.0393639824438899
no_trend_filter_top3,2025-12-08,2.037850208580494e-07,995624.269813008,995624.269813212,1.9301553929534525,-0.0043757301867881
no_trend_filter_top3,2025-12-09,2.037933335651439e-07,1003846.3173891958,1003846.3173893996,0.0,0.0038463173893996
no_trend_filter_top3,2025-12-10,2.0380164661132665e-07,1014222.677068054,1014222.6770682578,0.0,0.0142226770682578
no_trend_filter_top3,2025-12-11,2.038099599966114e-07,983517.4254136144,983517.4254138182,0.0,-0.0164825745861817
no_trend_filter_top3,2025-12-12,2.038182737210121e-07,996582.4954000042,996582.495400208,0.0,-0.0034175045997919
no_trend_filter_top3,2025-12-15,2.038432169290477e-07,980205.3777833944,980205.3777835984,0.0,-0.0197946222164017
no_trend_filter_top3,2025-12-16,2.0385153201005025e-07,954557.6122202903,954557.6122204942,0.0,-0.0454423877795058
no_trend_filter_top3,2025-12-17,2.038598474302378e-07,997771.4662609576,997771.4662611614,0.0,-0.0022285337388385
no_trend_filter_top3,2025-12-18,2.0386816318962425e-07,986097.1145128394,986097.1145130432,0.0,-0.0139028854869568
no_trend_filter_top3,2025-12-19,2.0387647928822346e-07,998850.4656879216,998850.4656881252,0.0,-0.0011495343118747
no_trend_filter_top3,2025-12-22,1.5519617591053247e-08,1033705.2338581769,1033705.2338581925,0.0358626985991465,0.0337052338581922
no_trend_filter_top3,2025-12-23,1.5520250660327476e-08,1029577.1095939142,1029577.1095939296,0.0,0.0295771095939296
no_trend_filter_top3,2025-12-24,1.5520883755425586e-08,1043629.7956104605,1043629.795610476,0.0,0.0436297956104758
no_trend_filter_top3,2025-12-25,1.552151687634862e-08,1045028.4161042288,1045028.4161042444,0.0,0.0450284161042444
no_trend_filter_top3,2025-12-26,1.5522150023097642e-08,1054154.9989288342,1054154.9989288498,0.0,0.0541549989288498
no_trend_filter_top3,2025-12-29,1.552404961831115e-08,1049224.0472959713,1049224.047295987,0.0,0.0492240472959868
no_trend_filter_top3,2025-12-30,1.5524682868374647e-08,1057770.8381012983,1057770.838101314,0.0,0.0577708381013142
no_trend_filter_top3,2025-12-31,1.5525316144269394e-08,1057286.8628483163,1057286.862848332,0.0,0.0572868628483318
no_trend_filter_top3,2026-01-05,1.825392246246338e-07,1083132.4442049633,1083132.4442051458,0.6726370970510305,0.0831324442051457
no_trend_filter_top3,2026-01-06,1.825466706827453e-07,1083868.4090205857,1083868.4090207682,0.0,0.0838684090207682
no_trend_filter_top3,2026-01-07,1.8255411704459306e-07,1092407.1908718294,1092407.190872012,0.0,0.0924071908720118
no_trend_filter_top3,2026-01-08,1.825615637101895e-07,1086032.2709710596,1086032.270971242,0.0,0.086032270971242
no_trend_filter_top3,2026-01-09,1.8256901067954693e-07,1103833.2732284537,1103833.2732286362,0.0,0.1038332732286362
no_trend_filter_top3,2026-01-12,1.825913534103095e-07,1168657.1514702977,1168657.15147048,0.0,0.16865715147048
no_trend_filter_top3,2026-01-13,1.8259880159483505e-07,1117541.4930831809,1117541.4930833634,0.0,0.1175414930833633
no_trend_filter_top3,2026-01-14,1.8260625008318358e-07,1143060.5739974272,1143060.5739976098,0.0,0.1430605739976098
no_trend_filter_top3,2026-01-15,1.8261369887536748e-07,1133477.668100924,1133477.6681011063,0.0,0.1334776681011065
no_trend_filter_top3,2026-01-16,1.826211479713992e-07,1126482.8458980098,1126482.8458981924,0.0,0.1264828458981923
no_trend_filter_top3,2026-01-19,2.3515895009040838e-07,1104578.358874361,1104578.3588745962,2.0057921798974863,0.1045783588745961
no_trend_filter_top3,2026-01-20,2.3516854258874077e-07,1098017.972140082,1098017.972140317,0.0,0.0980179721403171
no_trend_filter_top3,2026-01-21,2.351781354783661e-07,1124310.7911303071,1124310.7911305423,0.0,0.1243107911305423
no_trend_filter_top3,2026-01-22,2.3518772875930026e-07,1119052.7837631158,1119052.783763351,0.0,0.1190527837633508
no_trend_filter_top3,2026-01-23,2.351973224315592e-07,1152484.6729849582,1152484.672985193,0.0,0.1524846729851934
no_trend_filter_top3,2026-01-26,2.3522610579644465e-07,1188786.5973346145,1188786.5973348494,0.0,0.1887865973348494
no_trend_filter_top3,2026-01-27,2.352357010341625e-07,1188573.702790039,1188573.702790274,0.0,0.188573702790274
no_trend_filter_top3,2026-01-28,2.3524529666328493e-07,1247782.9316049046,1247782.9316051395,0.0,0.2477829316051396
no_trend_filter_top3,2026-01-29,2.3525489268382802e-07,1252175.7335075927,1252175.733507828,0.0,0.2521757335078278
no_trend_filter_top3,2026-01-30,2.3526448909580767e-07,1163229.0499501007,1163229.049950336,0.0,0.1632290499503359
no_trend_filter_top3,2026-02-02,8.416827768087387e-08,1077461.3434443637,1077461.343444448,0.6799305621879297,0.077461343444448
no_trend_filter_top3,2026-02-03,8.417171103547504e-08,1153282.2291287482,1153282.2291288325,0.0,0.1532822291288325
no_trend_filter_top3,2026-02-04,8.417514453012805e-08,1153293.3402042529,1153293.3402043371,0.0,0.153293340204337
no_trend_filter_top3,2026-02-05,8.417857816483865e-08,1093579.001699477,1093579.0016995613,0.0,0.0935790016995612
no_trend_filter_top3,2026-02-06,8.418201193961254e-08,1094716.822723896,1094716.8227239803,0.0,0.0947168227239803
no_trend_filter_top3,2026-02-09,8.419231410437103e-08,1126107.4518630465,1126107.4518631308,0.0,0.1261074518631308
no_trend_filter_top3,2026-02-10,8.419574843945519e-08,1121636.2849945975,1121636.2849946818,0.0,0.1216362849946819
no_trend_filter_top3,2026-02-11,8.41991829146312e-08,1136491.8000312154,1136491.8000312997,0.0,0.1364918000312998
no_trend_filter_top3,2026-02-12,8.420261752990478e-08,1154709.1550025323,1154709.1550026168,0.0,0.1547091550026167
no_trend_filter_top3,2026-02-13,8.420605228528166e-08,1134247.4198410292,1134247.4198411135,0.0,0.1342474198411134
no_trend_filter_top3,2026-02-24,2.8352951630949974e-07,1202326.4881633478,1202326.4881636314,1.2956953303252157,0.2023264881636313
no_trend_filter_top3,2026-02-25,2.835410819182565e-07,1216198.7679081757,1216198.7679084593,0.0,0.2161987679084593
no_trend_filter_top3,2026-02-26,2.835526479987924e-07,1280678.387511367,1280678.3875116506,0.0,0.2806783875116505
no_trend_filter_top3,2026-02-27,2.8356421455112656e-07,1272824.0973429864,1272824.09734327,0.0,0.27282409734327
no_trend_filter_top3,2026-03-02,2.83598917039112e-07,1272240.0664025275,1272240.066402811,0.0,0.272240066402811
no_trend_filter_top3,2026-03-03,2.836104854788321e-07,1203222.1790783915,1203222.179078675,0.0,0.203222179078675
no_trend_filter_top3,2026-03-04,2.836220543904469e-07,1228385.6948474566,1228385.6948477402,0.0,0.2283856948477403
no_trend_filter_top3,2026-03-05,2.836336237739755e-07,1295445.9593716655,1295445.9593719493,0.0,0.2954459593719494
no_trend_filter_top3,2026-03-06,2.836451936294372e-07,1301157.9408903306,1301157.9408906142,0.0,0.3011579408906142
no_trend_filter_top3,2026-03-09,1.5337718650698662e-08,1294317.997302238,1294317.9973022533,0.0282311540253731,0.2943179973022531
no_trend_filter_top3,2026-03-10,1.5338344300032972e-08,1315663.6617751005,1315663.661775116,0.0,0.3156636617751158
no_trend_filter_top3,2026-03-11,1.533896997488848e-08,1302609.0499921325,1302609.0499921478,0.0,0.3026090499921479
no_trend_filter_top3,2026-03-12,1.533959567526624e-08,1286497.684124597,1286497.6841246125,0.0,0.2864976841246125
no_trend_filter_top3,2026-03-13,1.5340221401167292e-08,1262248.563053049,1262248.5630530645,0.0,0.2622485630530642
no_trend_filter_top3,2026-03-16,1.5342098732020584e-08,1253776.6196360989,1253776.6196361142,0.0,0.2537766196361142
no_trend_filter_top3,2026-03-17,1.5342724560025202e-08,1214567.0875787274,1214567.0875787428,0.0,0.2145670875787426
no_trend_filter_top3,2026-03-18,1.5343350413558314e-08,1245616.826563633,1245616.8265636484,0.0,0.2456168265636484
no_trend_filter_top3,2026-03-19,1.5343976292620962e-08,1212606.658345737,1212606.6583457524,0.0,0.2126066583457524
no_trend_filter_top3,2026-03-20,1.534460219721419e-08,1190690.3565681032,1190690.3565681186,0.0,0.1906903565681186
no_trend_filter_top3,2026-03-23,5.3514668252319106e-09,1139500.3813276808,1139500.381327686,0.0577824511446436,0.139500381327686
no_trend_filter_top3,2026-03-24,5.351685119864444e-09,1171898.6849645523,1171898.684964558,0.0,0.1718986849645578
no_trend_filter_top3,2026-03-25,5.351903423401554e-09,1204793.657850237,1204793.6578502425,0.0,0.2047936578502425
no_trend_filter_top3,2026-03-26,5.352121735843605e-09,1171246.610757448,1171246.6107574534,0.0,0.1712466107574533
no_trend_filter_top3,2026-03-27,5.352340057190959e-09,1177622.4614518485,1177622.4614518536,0.0,0.1776224614518535
no_trend_filter_top3,2026-03-30,5.352995074668472e-09,1173472.8153601484,1173472.8153601538,0.0,0.1734728153601537
no_trend_filter_top3,2026-03-31,5.353213431640671e-09,1134744.9993059598,1134744.9993059651,0.0,0.134744999305965
no_trend_filter_top3,2026-04-01,5.3534317975199905e-09,1158939.1245398456,1158939.124539851,0.0,0.158939124539851
no_trend_filter_top3,2026-04-02,5.353650172306791e-09,1128675.5769720469,1128675.5769720522,0.0,0.1286755769720522
no_trend_filter_top3,2026-04-03,5.353868556001439e-09,1120966.8099069025,1120966.8099069076,0.0,0.1209668099069076
no_trend_filter_top3,2026-04-07,2.725282683968544e-07,1119700.8929928874,1119700.89299316,1.3366708503128717,0.11970089299316
no_trend_filter_top3,2026-04-08,2.725393852476446e-07,1193578.4268891453,1193578.426889418,0.0,0.1935784268894178
no_trend_filter_top3,2026-04-09,2.725505025519084e-07,1197431.4904900582,1197431.4904903308,0.0,0.1974314904903309
no_trend_filter_top3,2026-04-10,2.725616203096643e-07,1213038.1470060078,1213038.1470062805,0.0,0.2130381470062805
no_trend_filter_top3,2026-04-13,2.7259497630406945e-07,1204424.15837755,1204424.1583778227,0.0,0.2044241583778228
no_trend_filter_top3,2026-04-14,2.726060958759787e-07,1222408.16765268,1222408.1676529527,0.0,0.2224081676529528
no_trend_filter_top3,2026-04-15,2.726172159014725e-07,1217531.7035608084,1217531.703561081,0.0,0.2175317035610811
no_trend_filter_top3,2026-04-16,2.7262833638056933e-07,1249494.61553294,1249494.615533213,0.0,0.2494946155332127
no_trend_filter_top3,2026-04-17,2.726394573132878e-07,1291098.708550804,1291098.7085510767,0.0,0.2910987085510768
no_trend_filter_top3,2026-04-20,3.534369170665741e-07,1308834.1449038214,1308834.1449041748,0.6587952100611222,0.3088341449041749
no_trend_filter_top3,2026-04-21,3.53451334306642e-07,1308470.8912628829,1308470.8912632363,0.0,0.3084708912632363
no_trend_filter_top3,2026-04-22,3.534657521348116e-07,1374967.1782972398,1374967.1782975933,0.0,0.3749671782975932
no_trend_filter_top3,2026-04-23,3.534801705511067e-07,1357163.237408426,1357163.2374087796,0.0,0.3571632374087796
no_trend_filter_top3,2026-04-24,3.5349458955555133e-07,1303819.8581891004,1303819.8581894538,0.0,0.3038198581894538
no_trend_filter_top3,2026-04-27,3.535378500980228e-07,1318807.0639960612,1318807.063996415,0.0,0.3188070639964147
no_trend_filter_top3,2026-04-28,3.535522714553056e-07,1290783.7188731749,1290783.7188735283,0.0,0.2907837188735283
no_trend_filter_top3,2026-04-29,3.53566693400858e-07,1295329.676956776,1295329.6769571295,0.0,0.2953296769571296
no_trend_filter_top3,2026-04-30,3.535811159347039e-07,1295407.8596616576,1295407.8596620113,0.0,0.2954078596620113
no_trend_filter_top3,2026-05-06,4.5038177631795415e-09,1324293.2112899397,1324293.211289944,0.0176468929042838,0.3242932112899441
no_trend_filter_top3,2026-05-07,4.504001480892033e-09,1381052.9214597195,1381052.921459724,0.0,0.381052921459724
no_trend_filter_top3,2026-05-08,4.504185206098657e-09,1397490.133028552,1397490.1330285564,0.0,0.3974901330285563
no_trend_filter_top3,2026-05-11,4.504736426686368e-09,1445599.832214578,1445599.8322145825,0.0,0.4455998322145824
no_trend_filter_top3,2026-05-12,4.50492018187257e-09,1462571.5954513352,1462571.5954513396,0.0,0.4625715954513396
no_trend_filter_top3,2026-05-13,4.5051039445544315e-09,1516188.25540925,1516188.2554092545,0.0,0.5161882554092545
no_trend_filter_top3,2026-05-14,4.5052877147322575e-09,1497173.3313833403,1497173.331383345,0.0,0.4971733313833448
no_trend_filter_top3,2026-05-15,4.505471492406354e-09,1459261.618591644,1459261.6185916483,0.0,0.4592616185916482
no_trend_filter_top3,2026-05-18,3.924360498785973e-07,1433420.837766692,1433420.8377670846,0.6685227654261165,0.4334208377670845
no_trend_filter_top3,2026-05-19,3.924520579537847e-07,1399935.6516259732,1399935.6516263655,0.0,0.3999356516263657
no_trend_filter_top3,2026-05-20,3.924680666819664e-07,1409231.6236381629,1409231.6236385554,0.0,0.4092316236385553
no_trend_filter_top3,2026-05-21,3.924840760631689e-07,1379062.0774540908,1379062.0774544834,0.0,0.3790620774544833
no_trend_filter_top3,2026-05-22,3.925000860974189e-07,1426069.242609324,1426069.2426097165,0.0,0.4260692426097165
no_trend_filter_top3,2026-05-25,3.925481201187203e-07,1490688.5760845111,1490688.5760849037,0.0,0.4906885760849035
no_trend_filter_top3,2026-05-26,3.925641327654267e-07,1489400.6376371756,1489400.6376375682,0.0,0.4894006376375681
no_trend_filter_top3,2026-05-27,3.925801460653138e-07,1510711.1123888805,1510711.112389273,0.0,0.5107111123892729
no_trend_filter_top3,2026-05-28,3.925961600184082e-07,1524983.5919780473,1524983.5919784398,0.0,0.5249835919784398
no_trend_filter_top3,2026-05-29,3.9261217462473653e-07,1494843.5127136172,1494843.5127140095,0.0,0.4948435127140098
no_trend_filter_top3,2026-06-01,3.629247657954693e-07,1448887.1441686207,1448887.1441689837,1.3751471444356091,0.4488871441689837
no_trend_filter_top3,2026-06-02,3.629395700596036e-07,1535206.3974618765,1535206.3974622393,0.0,0.5352063974622392
no_trend_filter_top3,2026-06-03,3.629543749276269e-07,1602032.7092320928,1602032.7092324558,0.0,0.6020327092324558
no_trend_filter_top3,2026-06-04,3.629691803995636e-07,1608030.048954914,1608030.0489552768,0.0,0.6080300489552768
no_trend_filter_top3,2026-06-05,3.629839864754385e-07,1554098.4843853372,1554098.4843857002,0.0,0.5540984843857002
no_trend_filter_top3,2026-06-08,3.630284083269387e-07,1496724.8687598603,1496724.8687602233,0.0,0.4967248687602232
no_trend_filter_top3,2026-06-09,3.630432168188127e-07,1582173.0108922925,1582173.0108926557,0.0,0.5821730108926555
no_trend_filter_top3,2026-06-10,3.63058025914748e-07,1521652.9316739084,1521652.9316742714,0.0,0.5216529316742713
no_trend_filter_top3,2026-06-11,3.630728356147693e-07,1499330.8027449565,1499330.8027453194,0.0,0.4993308027453194
no_trend_filter_top3,2026-06-12,3.630876459189013e-07,1486389.0359185676,1486389.0359189303,0.0,0.4863890359189304
no_trend_filter_top3,2026-06-15,3.649620339274407e-07,1572582.028682233,1572582.028682598,1.2748161583472883,0.572582028682598
no_trend_filter_top3,2026-06-16,3.649769212949021e-07,1593733.3388533867,1593733.3388537518,0.0,0.5937333388537518
no_trend_filter_top3,2026-06-17,3.649918092696424e-07,1693028.639425047,1693028.639425412,0.0,0.6930286394254122
no_trend_filter_top3,2026-06-18,3.650066978516863e-07,1731209.6521819537,1731209.6521823187,0.0,0.7312096521823188
no_trend_filter_top3,2026-06-22,3.6506625825339314e-07,1777993.5517334489,1777993.551733814,0.0,0.7779935517338139
no_trend_filter_top3,2026-06-23,3.650811498723266e-07,1760602.6209344957,1760602.6209348608,0.0,0.7606026209348609
no_trend_filter_top3,2026-06-24,3.650960420987122e-07,1835401.623334302,1835401.6233346672,0.0,0.8354016233346673
no_trend_filter_top3,2026-06-25,3.651109349325748e-07,1890199.6064287503,1890199.6064291156,0.0,0.8901996064291153
no_trend_filter_top3,2026-06-26,3.651258283739392e-07,1892377.926622389,1892377.926622754,0.0,0.8923779266227541
no_trend_filter_top3,2026-06-29,5.208421498537064e-07,2060641.8431844525,2060641.843184973,0.6164740565889354,1.0606418431849731
no_trend_filter_top3,2026-06-30,5.208633958128842e-07,2047086.1853509464,2047086.185351467,0.0,1.0470861853514668
ma120_cash_top3,2023-06-30,1000000.0,0.0,1000000.0,0.0,0.0
ma120_cash_top3,2023-07-03,1000122.3796452607,0.0,1000122.3796452607,0.0,0.0001223796452607
ma120_cash_top3,2023-07-04,1000163.17618843,0.0,1000163.17618843,0.0,0.0001631761884299
ma120_cash_top3,2023-07-05,1000203.9743957534,0.0,1000203.9743957534,0.0,0.0002039743957533
ma120_cash_top3,2023-07-06,1000244.7742672988,0.0,1000244.7742672988,0.0,0.0002447742672988
ma120_cash_top3,2023-07-07,1000285.5758031344,0.0,1000285.5758031344,0.0,0.0002855758031343
ma120_cash_top3,2023-07-10,2.58034560829401e-07,993078.2718076024,993078.2718078604,1.0066258371476902,-0.0069217281921396
ma120_cash_top3,2023-07-11,2.580450864593782e-07,1010126.7100807386,1010126.7100809969,0.0,0.0101267100809967
ma120_cash_top3,2023-07-12,2.580556125187121e-07,978502.2747479448,978502.2747482028,0.0,-0.0214977252517971
ma120_cash_top3,2023-07-13,2.580661390074204e-07,1010513.0760586946,1010513.0760589528,0.0,0.0105130760589526
ma120_cash_top3,2023-07-14,2.580766659255204e-07,1030306.714166201,1030306.714166459,0.0,0.030306714166459
ma120_cash_top3,2023-07-17,2.581082492563464e-07,1031223.351667563,1031223.351667821,0.0,0.031223351667821
ma120_cash_top3,2023-07-18,2.581187778921888e-07,1016084.3659338778,1016084.365934136,0.0,0.0160843659341358
ma120_cash_top3,2023-07-19,2.581293069575106e-07,1010815.3358345884,1010815.3358348464,0.0,0.0108153358348463
ma120_cash_top3,2023-07-20,2.5813983645232925e-07,976459.2056428962,976459.2056431544,0.0,-0.0235407943568456
ma120_cash_top3,2023-07-21,2.581503663766624e-07,970942.0854688836,970942.0854691416,0.0,-0.0290579145308583
ma120_cash_top3,2023-07-24,2.34867911785841e-07,966244.5859383148,966244.5859385498,1.3353339400520208,-0.0337554140614502
ma120_cash_top3,2023-07-25,2.3487749241226957e-07,986542.2054062104,986542.2054064452,0.0,-0.0134577945935546
ma120_cash_top3,2023-07-26,2.3488707342950675e-07,985298.5613626392,985298.5613628742,0.0,-0.0147014386371258
ma120_cash_top3,2023-07-27,2.3489665483756847e-07,985329.7418542008,985329.7418544358,0.0,-0.0146702581455642
ma120_cash_top3,2023-07-28,2.3490623663647065e-07,1015135.8317128238,1015135.8317130588,0.0,0.0151358317130587
ma120_cash_top3,2023-07-31,2.3493498437837978e-07,1024285.9838776636,1024285.9838778988,0.0,0.0242859838778985
ma120_cash_top3,2023-08-01,2.349445677408034e-07,1022196.4008242008,1022196.4008244356,0.0,0.0221964008244357
ma120_cash_top3,2023-08-02,2.349541514941473e-07,1009579.5808422378,1009579.5808424728,0.0,0.0095795808424727
ma120_cash_top3,2023-08-03,2.349637356384273e-07,1019693.106926509,1019693.106926744,0.0,0.0196931069267438
ma120_cash_top3,2023-08-04,2.3497332017365945e-07,1020637.008656994,1020637.0086572288,0.0,0.0206370086572289
ma120_cash_top3,2023-08-07,7.459675543941557e-09,1010012.1802480333,1010012.1802480406,0.0175581406982645,0.0100121802480406
ma120_cash_top3,2023-08-08,7.459979835677799e-09,1008665.2659712085,1008665.2659712158,0.0,0.0086652659712158
ma120_cash_top3,2023-08-09,7.460284139826573e-09,1007202.713966196,1007202.7139662036,0.0,0.0072027139662034
ma120_cash_top3,2023-08-10,7.460588456388384e-09,1009544.6166042836,1009544.6166042913,0.0,0.0095446166042911
ma120_cash_top3,2023-08-11,7.460892785363741e-09,988516.2145752484,988516.214575256,0.0,-0.011483785424744
ma120_cash_top3,2023-08-14,7.46180584677614e-09,982166.4228169736,982166.422816981,0.0,-0.017833577183019
ma120_cash_top3,2023-08-15,7.46211022541074e-09,994270.3223846832,994270.3223846906,0.0,-0.0057296776153094
ma120_cash_top3,2023-08-16,7.462414616461414e-09,993588.8838966136,993588.883896621,0.0,-0.006411116103379
ma120_cash_top3,2023-08-17,7.462719019928672e-09,990777.375405106,990777.3754051134,0.0,-0.0092226245948865
ma120_cash_top3,2023-08-18,7.463023435813019e-09,988083.5468514564,988083.546851464,0.0,-0.011916453148536
ma120_cash_top3,2023-08-21,1.3324097380973399e-10,973834.6499902704,973834.6499902704,0.0088302188500517,-0.0261653500097295
ma120_cash_top3,2023-08-22,1.3324640891572758e-10,982543.4362678728,982543.4362678728,0.0,-0.0174565637321271
ma120_cash_top3,2023-08-23,1.3325184424342758e-10,977652.3159883198,977652.31598832,0.0,-0.02234768401168
ma120_cash_top3,2023-08-24,1.3325727979284303e-10,970027.3324144436,970027.3324144436,0.0,-0.0299726675855562
ma120_cash_top3,2023-08-25,1.3326271556398294e-10,975411.8190844324,975411.8190844324,0.0,-0.0245881809155675
ma120_cash_top3,2023-08-28,1.3327902420784015e-10,991411.249538385,991411.2495383852,0.0,-0.0085887504616148
ma120_cash_top3,2023-08-29,1.3328446086596848e-10,983636.7936750846,983636.7936750848,0.0,-0.0163632063249152
ma120_cash_top3,2023-08-30,1.3328989774586656e-10,972623.3057306074,972623.3057306076,0.0,-0.0273766942693924
ma120_cash_top3,2023-08-31,1.3329533484754335e-10,967801.3133996364,967801.3133996364,0.0,-0.0321986866003635
ma120_cash_top3,2023-09-01,1.33300772171008e-10,978457.4431579104,978457.4431579104,0.0,-0.0215425568420895
ma120_cash_top3,2023-09-04,2.6135239750146866e-07,988696.987375661,988696.9873759224,0.6695305322388921,-0.0113030126240776
ma120_cash_top3,2023-09-05,2.6136305847115e-07,983932.3054742592,983932.3054745208,0.0,-0.0160676945254792
ma120_cash_top3,2023-09-06,2.613737198757089e-07,983505.398469782,983505.3984700432,0.0,-0.0164946015299566
ma120_cash_top3,2023-09-07,2.613843817151629e-07,977116.9090941758,977116.9090944371,0.0,-0.0228830909055628
ma120_cash_top3,2023-09-08,2.613950439895299e-07,971563.4606286169,971563.460628878,0.0,-0.0284365393711218
ma120_cash_top3,2023-09-11,2.614270334222863e-07,980852.5280835798,980852.5280838412,0.0,-0.0191474719161587
ma120_cash_top3,2023-09-12,2.6143769743648254e-07,979312.63938824,979312.6393885014,0.0,-0.0206873606114985
ma120_cash_top3,2023-09-13,2.6144836188568056e-07,978183.5182039893,978183.5182042508,0.0,-0.0218164817957492
ma120_cash_top3,2023-09-14,2.61459026769898e-07,987870.674613688,987870.6746139496,0.0,-0.0121293253860503
ma120_cash_top3,2023-09-15,2.6146969208915257e-07,984748.5732853984,984748.57328566,0.0,-0.0152514267143401
ma120_cash_top3,2023-09-18,8.594724931754171e-10,984230.5856941498,984230.5856941506,0.0058806993770091,-0.0157694143058493
ma120_cash_top3,2023-09-19,8.595075523915532e-10,985874.733728942,985874.7337289428,0.0,-0.0141252662710571
ma120_cash_top3,2023-09-20,8.595426130378092e-10,990623.6931654578,990623.6931654586,0.0,-0.0093763068345413
ma120_cash_top3,2023-09-21,8.595776751142431e-10,986033.5208198576,986033.5208198584,0.0,-0.0139664791801417
ma120_cash_top3,2023-09-22,8.596127386209136e-10,988583.6010670807,988583.6010670816,0.0,-0.0114163989329183
ma120_cash_top3,2023-09-25,8.597179377229276e-10,988282.3944623068,988282.3944623076,0.0,-0.0117176055376923
ma120_cash_top3,2023-09-26,8.597530069511276e-10,982928.1661943544,982928.1661943552,0.0,-0.0170718338056447
ma120_cash_top3,2023-09-27,8.597880776098555e-10,977267.0200778508,977267.0200778516,0.0,-0.0227329799221485
ma120_cash_top3,2023-09-28,8.598231496991702e-10,974292.4395481544,974292.4395481552,0.0,-0.0257075604518448
ma120_cash_top3,2023-10-09,2.6531051844358444e-07,969732.13960048,969732.1396007454,0.667318643906266,-0.0302678603992545
ma120_cash_top3,2023-10-10,2.653213408711585e-07,958227.0298501312,958227.0298503966,0.0,-0.0417729701496034
ma120_cash_top3,2023-10-11,2.6533216374019617e-07,953088.8169233148,953088.8169235802,0.0,-0.0469111830764197
ma120_cash_top3,2023-10-12,2.6534298705071546e-07,969708.9728346664,969708.9728349318,0.0,-0.0302910271650681
ma120_cash_top3,2023-10-13,2.653538108027344e-07,967332.8850027564,967332.8850030216,0.0,-0.0326671149969782
ma120_cash_top3,2023-10-16,2.6538628470796897e-07,968834.7011643796,968834.7011646448,0.0,-0.0311652988353551
ma120_cash_top3,2023-10-17,2.653971102261665e-07,974521.6961566224,974521.6961568878,0.0,-0.0254783038431122
ma120_cash_top3,2023-10-18,2.654079361859537e-07,966751.6740430472,966751.6740433128,0.0,-0.0332483259566873
ma120_cash_top3,2023-10-19,2.6541876258734854e-07,942158.935860941,942158.9358612064,0.0,-0.0578410641387936
ma120_cash_top3,2023-10-20,2.654295894303692e-07,936919.020158381,936919.0201586464,0.0,-0.0630809798413536
ma120_cash_top3,2023-10-23,310894.1096001656,614685.0936882365,925579.2032884022,1.6857787524144,-0.0744207967115978
ma120_cash_top3,2023-10-24,310906.7914531282,627279.975703297,938186.7671564252,0.0,-0.0618132328435748
ma120_cash_top3,2023-10-25,310919.47382340336,631169.130874532,942088.6046979354,0.0,-0.0579113953020645
ma120_cash_top3,2023-10-26,310932.156711012,625672.2751714302,936604.4318824422,0.0,-0.0633955681175577
ma120_cash_top3,2023-10-27,310944.84011597536,625728.0306679009,936672.8707838764,0.0,-0.0633271292161237
ma120_cash_top3,2023-10-30,310982.8934352044,620942.0994032812,931924.9928384856,0.0,-0.0680750071615143
ma120_cash_top3,2023-10-31,310995.5789097974,625552.3924823222,936547.9713921197,0.0,-0.0634520286078804
ma120_cash_top3,2023-11-01,311008.2649018506,623178.0120155024,934186.276917353,0.0,-0.0658137230826469
ma120_cash_top3,2023-11-02,311020.9514113851,620045.3233098967,931066.2747212818,0.0,-0.0689337252787182
ma120_cash_top3,2023-11-03,311033.638438422,624453.0213417017,935486.6597801236,0.0,-0.0645133402198763
ma120_cash_top3,2023-11-06,5.337642505764961e-08,965382.2596609392,965382.2596609928,1.6308719369207234,-0.0346177403390072
ma120_cash_top3,2023-11-07,5.337860236482061e-08,963620.5330547728,963620.5330548262,0.0,-0.0363794669451738
ma120_cash_top3,2023-11-08,5.3380779760807355e-08,965711.113440814,965711.1134408676,0.0,-0.0342888865591325
ma120_cash_top3,2023-11-09,5.338295724561345e-08,955796.4877621774,955796.4877622308,0.0,-0.0442035122377691
ma120_cash_top3,2023-11-10,5.3385134819242525e-08,950542.6109656624,950542.6109657158,0.0,-0.0494573890342842
ma120_cash_top3,2023-11-13,5.339166807310389e-08,943849.0150629692,943849.0150630226,0.0,-0.0561509849369773
ma120_cash_top3,2023-11-14,5.3393846002061134e-08,942273.7357495888,942273.735749642,0.0,-0.0577262642503578
ma120_cash_top3,2023-11-15,5.3396024019859486e-08,954056.7815588594,954056.7815589128,0.0,-0.0459432184410871
ma120_cash_top3,2023-11-16,5.3398202126502555e-08,934689.4845120128,934689.4845120664,0.0,-0.0653105154879336
ma120_cash_top3,2023-11-17,5.3400380321993974e-08,940361.7608885207,940361.7608885742,0.0,-0.0596382391114258
ma120_cash_top3,2023-11-20,2.273591235280037e-07,935196.8198960726,935196.8198963,1.3355343376857018,-0.0648031801037
ma120_cash_top3,2023-11-21,2.2736839785931226e-07,932679.1080274726,932679.1080277,0.0,-0.0673208919723
ma120_cash_top3,2023-11-22,2.2737767256893518e-07,923661.6979427685,923661.6979429958,0.0,-0.0763383020570042
ma120_cash_top3,2023-11-23,2.273869476568878e-07,935351.3807624814,935351.3807627088,0.0,-0.0646486192372912
ma120_cash_top3,2023-11-24,2.273962231231857e-07,936491.2301926065,936491.2301928336,0.0,-0.0635087698071663
ma120_cash_top3,2023-11-27,2.2742405179230518e-07,942317.8474321796,942317.8474324072,0.0,-0.0576821525675927
ma120_cash_top3,2023-11-28,2.274333287721383e-07,949385.9800464668,949385.9800466944,0.0,-0.0506140199533056
ma120_cash_top3,2023-11-29,2.2744260613039385e-07,950519.743223744,950519.7432239716,0.0,-0.0494802567760285
ma120_cash_top3,2023-11-30,2.274518838670872e-07,951511.108157948,951511.1081581754,0.0,-0.0484888918418245
ma120_cash_top3,2023-12-01,2.2746116198223386e-07,953906.0189397152,953906.0189399428,0.0,-0.0460939810600571
ma120_cash_top3,2023-12-04,2.600718289613724e-07,947823.2976878184,947823.2976880786,0.6693566192202797,-0.0521767023119214
ma120_cash_top3,2023-12-05,2.6008243769467664e-07,929657.9292446476,929657.9292449076,0.0,-0.0703420707550923
ma120_cash_top3,2023-12-06,2.600930468607276e-07,933982.888791584,933982.888791844,0.0,-0.066017111208156
ma120_cash_top3,2023-12-07,2.601036564595429e-07,925191.8924196324,925191.8924198926,0.0,-0.0748081075801073
ma120_cash_top3,2023-12-08,2.601142664911402e-07,926639.3190534648,926639.319053725,0.0,-0.073360680946275
ma120_cash_top3,2023-12-11,2.601460991828006e-07,941775.5742782406,941775.5742785007,0.0,-0.0582244257214992
ma120_cash_top3,2023-12-12,2.6015671094570244e-07,942305.1942095582,942305.1942098184,0.0,-0.0576948057901816
ma120_cash_top3,2023-12-13,2.601673231414745e-07,934899.770245618,934899.770245878,0.0,-0.0651002297541218
ma120_cash_top3,2023-12-14,2.6017793577013455e-07,936610.9481408627,936610.9481411228,0.0,-0.0633890518588771
ma120_cash_top3,2023-12-15,2.6018854883170015e-07,925968.8887556,925968.88875586,0.0,-0.0740311112441399
ma120_cash_top3,2023-12-18,7.632479537278414e-09,923312.6604053668,923312.6604053744,0.0194343204750884,-0.0766873395946255
ma120_cash_top3,2023-12-19,7.632790877957581e-09,918659.3916974444,918659.3916974522,0.0,-0.0813406083025478
ma120_cash_top3,2023-12-20,7.633102231336818e-09,916597.6489465518,916597.6489465596,0.0,-0.0834023510534405
ma120_cash_top3,2023-12-21,7.633413597416643e-09,919910.2912303928,919910.2912304006,0.0,-0.0800897087695994
ma120_cash_top3,2023-12-22,7.633724976197573e-09,919502.278767854,919502.2787678615,0.0,-0.0804977212321385
ma120_cash_top3,2023-12-25,7.634659188752177e-09,924174.1602555758,924174.1602555836,0.0,-0.0758258397444164
ma120_cash_top3,2023-12-26,7.634970618342711e-09,914718.552971728,914718.5529717356,0.0,-0.0852814470282642
ma120_cash_top3,2023-12-27,7.63528206063694e-09,922459.4099206894,922459.4099206972,0.0,-0.0775405900793029
ma120_cash_top3,2023-12-28,7.635593515635384e-09,922114.57384762,922114.5738476276,0.0,-0.0778854261523722
ma120_cash_top3,2023-12-29,7.63590498333856e-09,929480.0008854426,929480.0008854504,0.0,-0.0705199991145497
ma120_cash_top3,2024-01-02,2.341112121939659e-07,933590.718551132,933590.718551366,1.3319976080848457,-0.066409281448634
ma120_cash_top3,2024-01-03,2.341207619534444e-07,921572.0368569464,921572.0368571806,0.0,-0.0784279631428193
ma120_cash_top3,2024-01-04,2.3413031210247242e-07,917480.313693048,917480.313693282,0.0,-0.082519686306718
ma120_cash_top3,2024-01-05,2.341398626410657e-07,909975.7046196964,909975.7046199306,0.0,-0.0900242953800694
ma120_cash_top3,2024-01-08,2.3416851659439717e-07,893625.1291419691,893625.1291422033,0.0,-0.1063748708577967
ma120_cash_top3,2024-01-09,2.34178068691411e-07,900144.049198606,900144.0491988403,0.0,-0.0998559508011597
ma120_cash_top3,2024-01-10,2.341876211780697e-07,887214.51249961,887214.5124998442,0.0,-0.1127854875001558
ma120_cash_top3,2024-01-11,2.3419717405438921e-07,890753.2286766295,890753.2286768637,0.0,-0.1092467713231363
ma120_cash_top3,2024-01-12,2.3420672732038525e-07,883012.5458650346,883012.5458652688,0.0,-0.1169874541347312
ma120_cash_top3,2024-01-15,2.130400389432907e-07,881437.1776661084,881437.1776663214,1.3264574657786798,-0.1185628223336786
ma120_cash_top3,2024-01-16,2.130487291769285e-07,880315.9358162807,880315.9358164937,0.0,-0.1196840641835063
ma120_cash_top3,2024-01-17,2.130574197650544e-07,868564.185744819,868564.185745032,0.0,-0.1314358142549679
ma120_cash_top3,2024-01-18,2.130661107076829e-07,862889.9675472807,862889.9675474938,0.0,-0.1371100324525062
ma120_cash_top3,2024-01-19,2.130748020048284e-07,854090.7464167394,854090.7464169525,0.0,-0.1459092535830475
ma120_cash_top3,2024-01-22,2.1310087802351179e-07,824749.2275616425,824749.2275618557,0.0,-0.1752507724381443
ma120_cash_top3,2024-01-23,2.1310957073887e-07,834617.8532928053,834617.8532930184,0.0,-0.1653821467069816
ma120_cash_top3,2024-01-24,2.131182638088176e-07,853740.2186438849,853740.218644098,0.0,-0.146259781355902
ma120_cash_top3,2024-01-25,2.13126957233369e-07,881605.2701111019,881605.2701113151,0.0,-0.1183947298886849
ma120_cash_top3,2024-01-26,2.1313565101253867e-07,889035.605572103,889035.6055723162,0.0,-0.1109643944276838
ma120_cash_top3,2024-01-29,2.154265530407429e-07,887717.4104987041,887717.4104989194,1.331785101323793,-0.1122825895010806
ma120_cash_top3,2024-01-30,2.154353406239925e-07,880324.0252888447,880324.0252890602,0.0,-0.1196759747109398
ma120_cash_top3,2024-01-31,2.154441285657012e-07,878510.4955781777,878510.4955783932,0.0,-0.1214895044216067
ma120_cash_top3,2024-02-01,2.154529168658837e-07,867700.6687080571,867700.6687082726,0.0,-0.1322993312917273
ma120_cash_top3,2024-02-02,2.154617055245546e-07,867531.128216492,867531.1282167075,0.0,-0.1324688717832924
ma120_cash_top3,2024-02-05,2.1548807365164402e-07,873496.2219539077,873496.2219541232,0.0,-0.1265037780458767
ma120_cash_top3,2024-02-06,2.154968637444147e-07,884082.4502065661,884082.4502067816,0.0,-0.1159175497932183
ma120_cash_top3,2024-02-07,2.1550565419574694e-07,898103.2079893829,898103.2079895984,0.0,-0.1018967920104015
ma120_cash_top3,2024-02-08,2.1551444500565533e-07,898935.2598282071,898935.2598284226,0.0,-0.1010647401715774
ma120_cash_top3,2024-02-19,6.682239472866058e-08,921459.0828641189,921459.0828641856,0.6535336192328657,-0.0785409171358144
ma120_cash_top3,2024-02-20,6.68251205177907e-08,929615.4597677472,929615.459767814,0.0,-0.0703845402321859
ma120_cash_top3,2024-02-21,6.682784641810996e-08,931448.5824531132,931448.58245318,0.0,-0.0685514175468199
ma120_cash_top3,2024-02-22,6.683057242962294e-08,952974.3010444908,952974.3010445576,0.0,-0.0470256989554425
ma120_cash_top3,2024-02-23,6.683329855233415e-08,946377.5634392238,946377.5634392906,0.0,-0.0536224365607094
ma120_cash_top3,2024-02-26,6.684147758770259e-08,925282.673450164,925282.6734502309,0.0,-0.0747173265497692
ma120_cash_top3,2024-02-27,6.684420415525212e-08,928895.1309263582,928895.130926425,0.0,-0.071104869073575
ma120_cash_top3,2024-02-28,6.684693083402257e-08,925572.421277078,925572.4212771448,0.0,-0.0744275787228553
ma120_cash_top3,2024-02-29,6.684965762401848e-08,931383.1553890862,931383.155389153,0.0,-0.0686168446108469
ma120_cash_top3,2024-03-01,6.685238452524437e-08,937603.0998744158,937603.0998744826,0.0,-0.0623969001255173
ma120_cash_top3,2024-03-04,1.4551915228366852e-11,946517.9889883404,946517.9889883404,0.0249605597884096,-0.0534820110116596
ma120_cash_top3,2024-03-05,1.455250882356069e-11,955342.656512205,955342.656512205,0.0,-0.0446573434877949
ma120_cash_top3,2024-03-06,1.4553102442968196e-11,955188.237628164,955188.237628164,0.0,-0.044811762371836
ma120_cash_top3,2024-03-07,1.455369608659036e-11,962357.9645900024,962357.9645900024,0.0,-0.0376420354099975
ma120_cash_top3,2024-03-08,1.455428975442817e-11,960377.7084933808,960377.7084933808,0.0,-0.0396222915066193
ma120_cash_top3,2024-03-11,1.455607090324534e-11,945844.6189859486,945844.6189859486,0.0,-0.0541553810140513
ma120_cash_top3,2024-03-12,1.4556664667955598e-11,921862.3425101842,921862.3425101842,0.0,-0.0781376574898158
ma120_cash_top3,2024-03-13,1.4557258456886448e-11,917616.8557125664,917616.8557125664,0.0,-0.0823831442874334
ma120_cash_top3,2024-03-14,1.4557852270038866e-11,919925.8985605644,919925.8985605644,0.0,-0.0800741014394355
ma120_cash_top3,2024-03-15,1.4558446107413843e-11,918744.4667622084,918744.4667622084,0.0,-0.0812555332377917
ma120_cash_top3,2024-03-18,2.498854883015156e-07,911941.970908682,911941.970908932,0.6691119280216806,-0.088058029091068
ma120_cash_top3,2024-03-19,2.498956815181842e-07,906525.9205719236,906525.9205721735,0.0,-0.0934740794278263
ma120_cash_top3,2024-03-20,2.499058751506499e-07,906231.7946101066,906231.7946103566,0.0,-0.0937682053896434
ma120_cash_top3,2024-03-21,2.499160691989297e-07,909497.3368752048,909497.3368754548,0.0,-0.0905026631245451
ma120_cash_top3,2024-03-22,2.499262636630405e-07,904138.7578180986,904138.7578183486,0.0,-0.0958612421816513
ma120_cash_top3,2024-03-25,2.4995684955052896e-07,905297.193741068,905297.193741318,0.0,-0.0947028062586818
ma120_cash_top3,2024-03-26,2.499670456781336e-07,906524.2224967628,906524.2224970128,0.0,-0.0934757775029873
ma120_cash_top3,2024-03-27,2.499772422216541e-07,905150.125075888,905150.1250761378,0.0,-0.0948498749238622
ma120_cash_top3,2024-03-28,2.499874391811074e-07,903645.9651684576,903645.9651687074,0.0,-0.0963540348312925
ma120_cash_top3,2024-03-29,2.4999763655651054e-07,912899.4284762666,912899.4284765164,0.0,-0.0871005715234835
ma120_cash_top3,2024-04-01,2.4959444999694824e-07,917212.5785489624,917212.578549212,0.6635055399195982,-0.0827874214507878
ma120_cash_top3,2024-04-02,2.4960463134171297e-07,921219.5402236,921219.5402238496,0.0,-0.0787804597761505
ma120_cash_top3,2024-04-03,2.4961481310179056e-07,922575.6337388904,922575.63373914,0.0,-0.0774243662608599
ma120_cash_top3,2024-04-08,2.496657281324641e-07,933620.60240456,933620.6024048096,0.0,-0.0663793975951902
ma120_cash_top3,2024-04-09,2.496759123847745e-07,927175.4198092414,927175.4198094913,0.0,-0.0728245801905088
ma120_cash_top3,2024-04-10,2.496860970525164e-07,929217.0368775516,929217.0368778012,0.0,-0.0707829631221986
ma120_cash_top3,2024-04-11,2.496962821357067e-07,936418.027693145,936418.0276933948,0.0,-0.0635819723066053
ma120_cash_top3,2024-04-12,2.497064676343623e-07,930293.667652564,930293.6676528136,0.0,-0.0697063323471863
ma120_cash_top3,2024-04-15,2.2642780095338821e-07,931770.4655769154,931770.4655771418,1.3340106059986272,-0.0682295344228581
ma120_cash_top3,2024-04-16,2.264370372946044e-07,909488.5644725992,909488.5644728256,0.0,-0.0905114355271743
ma120_cash_top3,2024-04-17,2.264462740125852e-07,923163.3308261458,923163.3308263724,0.0,-0.0768366691736277
ma120_cash_top3,2024-04-18,2.26455511107346e-07,929971.84040356,929971.8404037864,0.0,-0.0700281595962135
ma120_cash_top3,2024-04-19,2.264647485789023e-07,928903.1584485464,928903.1584487729,0.0,-0.0710968415512272
ma120_cash_top3,2024-04-22,2.2649246325449745e-07,920562.3632626788,920562.3632629052,0.0,-0.0794376367370947
ma120_cash_top3,2024-04-23,2.265017022333891e-07,892056.9871228754,892056.987123102,0.0,-0.107943012876898
ma120_cash_top3,2024-04-24,2.265109415891531e-07,906765.7417867152,906765.741786942,0.0,-0.093234258213058
ma120_cash_top3,2024-04-25,2.265201813218047e-07,909301.1101469194,909301.110147146,0.0,-0.0906988898528541
ma120_cash_top3,2024-04-26,2.2652942143135933e-07,921818.8155324036,921818.81553263,0.0,-0.0781811844673698
ma120_cash_top3,2024-04-29,2.2316817194223407e-07,918543.062067012,918543.0620672352,1.334041518481863,-0.0814569379327648
ma120_cash_top3,2024-04-30,2.231772753181268e-07,926981.3334359915,926981.3334362148,0.0,-0.0730186665637853
ma120_cash_top3,2024-05-06,2.2323190337217054e-07,930397.7609372644,930397.7609374876,0.0,-0.0696022390625124
ma120_cash_top3,2024-05-07,2.2324100934776715e-07,925216.1304643536,925216.1304645768,0.0,-0.0747838695354231
ma120_cash_top3,2024-05-08,2.2325011569481058e-07,921888.0589513016,921888.058951525,0.0,-0.0781119410484749
ma120_cash_top3,2024-05-09,2.232592224133161e-07,926617.7349824106,926617.7349826338,0.0,-0.0733822650173661
ma120_cash_top3,2024-05-10,2.232683295032987e-07,936633.0630820232,936633.0630822466,0.0,-0.0633669369177534
ma120_cash_top3,2024-05-13,3.247987478971481e-08,940854.3033201096,940854.303320142,0.6678156195260317,-0.0591456966798579
ma120_cash_top3,2024-05-14,3.2481199694187465e-08,944086.0867080992,944086.0867081318,0.0,-0.0559139132918681
ma120_cash_top3,2024-05-15,3.2482524652705015e-08,940735.8958088934,940735.895808926,0.0,-0.0592641041910741
ma120_cash_top3,2024-05-16,3.2483849665269685e-08,941209.489619812,941209.4896198444,0.0,-0.0587905103801554
ma120_cash_top3,2024-05-17,3.2485174731883674e-08,951353.595143468,951353.5951435006,0.0,-0.0486464048564994
ma120_cash_top3,2024-05-20,3.24891502560436e-08,960562.7695705465,960562.7695705788,0.0,-0.039437230429421
ma120_cash_top3,2024-05-21,3.2490475538876906e-08,958932.7593556785,958932.7593557108,0.0,-0.041067240644289
ma120_cash_top3,2024-05-22,3.249180087577055e-08,958097.5074647414,958097.5074647738,0.0,-0.0419024925352261
ma120_cash_top3,2024-05-23,3.249312626672675e-08,940014.4958191894,940014.4958192218,0.0,-0.0599855041807781
ma120_cash_top3,2024-05-24,3.24944517117477e-08,941602.385463486,941602.3854635186,0.0,-0.0583976145364814
ma120_cash_top3,2024-05-27,1.1862721294164659e-07,948927.3276120316,948927.3276121503,0.675393211390268,-0.0510726723878496
ma120_cash_top3,2024-05-28,1.1863205192966675e-07,949350.4335011512,949350.43350127,0.0,-0.05064956649873
ma120_cash_top3,2024-05-29,1.1863689111507675e-07,951418.25074426,951418.2507443784,0.0,-0.0485817492556214
ma120_cash_top3,2024-05-30,1.1864173049788461e-07,939400.827958964,939400.8279590828,0.0,-0.0605991720409173
ma120_cash_top3,2024-05-31,1.1864657007809845e-07,940098.7061828688,940098.7061829872,0.0,-0.0599012938170127
ma120_cash_top3,2024-06-03,1.18661090003256e-07,928629.2590052544,928629.259005373,0.0,-0.071370740994627
ma120_cash_top3,2024-06-04,1.1866593037317405e-07,936144.9673673183,936144.9673674372,0.0,-0.0638550326325628
ma120_cash_top3,2024-06-05,1.1867077094053833e-07,920164.9167809048,920164.9167810234,0.0,-0.0798350832189765
ma120_cash_top3,2024-06-06,1.1867561170535683e-07,922588.1242432594,922588.124243378,0.0,-0.0774118757566219
ma120_cash_top3,2024-06-07,1.1868045266763766e-07,927761.2430274298,927761.2430275484,0.0,-0.0722387569724515
ma120_cash_top3,2024-06-11,2.2386666387319565e-07,908565.4040001448,908565.4040003688,1.353707845699069,-0.0914345959996312
ma120_cash_top3,2024-06-12,2.238757957416577e-07,911619.5805743664,911619.5805745904,0.0,-0.0883804194254096
ma120_cash_top3,2024-06-13,2.2388492798262277e-07,909108.1175089836,909108.1175092072,0.0,-0.0908918824907926
ma120_cash_top3,2024-06-14,2.238940605961061e-07,907054.1969872928,907054.1969875166,0.0,-0.0929458030124834
ma120_cash_top3,2024-06-17,2.239214606718179e-07,896431.5257085646,896431.5257087884,0.0,-0.1035684742912115
ma120_cash_top3,2024-06-18,2.239305947755263e-07,898355.851693607,898355.851693831,0.0,-0.1016441483061689
ma120_cash_top3,2024-06-19,2.2393972925182899e-07,900273.548736477,900273.548736701,0.0,-0.0997264512632989
ma120_cash_top3,2024-06-20,2.2394886410074115e-07,899529.541936042,899529.541936266,0.0,-0.100470458063734
ma120_cash_top3,2024-06-21,2.2395799932227798e-07,900949.7049861297,900949.7049863536,0.0,-0.0990502950136463
ma120_cash_top3,2024-06-24,2.457527443766594e-07,896633.8529105769,896633.8529108226,0.6683738576516467,-0.1033661470891773
ma120_cash_top3,2024-06-25,2.457627690122929e-07,900970.2214525648,900970.2214528106,0.0,-0.0990297785471894
ma120_cash_top3,2024-06-26,2.457727940568469e-07,902090.6663490344,902090.6663492804,0.0,-0.0979093336507197
ma120_cash_top3,2024-06-27,2.45782819510338e-07,906399.1606318768,906399.1606321224,0.0,-0.0936008393678774
ma120_cash_top3,2024-06-28,2.4579284537278294e-07,914112.3496773872,914112.3496776328,0.0,-0.0858876503223671
ma120_cash_top3,2024-07-01,2.458229254140073e-07,925133.8606344984,925133.8606347444,0.0,-0.0748661393652557
ma120_cash_top3,2024-07-02,2.458329529124342e-07,931514.914785256,931514.914785502,0.0,-0.0684850852144981
ma120_cash_top3,2024-07-03,2.458429808198984e-07,924686.839015248,924686.8390154938,0.0,-0.0753131609845062
ma120_cash_top3,2024-07-04,2.4585300913641635e-07,925289.5440630142,925289.54406326,0.0,-0.0747104559367399
ma120_cash_top3,2024-07-05,2.4586303786200495e-07,914577.0767482818,914577.0767485276,0.0,-0.0854229232514722
ma120_cash_top3,2024-07-08,1.1443626135587694e-07,918361.391668879,918361.3916689934,0.666305149662593,-0.0816386083310065
ma120_cash_top3,2024-07-09,1.1444092938848126e-07,926676.9182598684,926676.9182599828,0.0,-0.0733230817400171
ma120_cash_top3,2024-07-10,1.144455976115019e-07,927479.3805566402,927479.3805567548,0.0,-0.0725206194432454
ma120_cash_top3,2024-07-11,1.1445026602494658e-07,927448.0212893288,927448.0212894432,0.0,-0.0725519787105567
ma120_cash_top3,2024-07-12,1.144549346288231e-07,940557.568561196,940557.5685613104,0.0,-0.0594424314386895
ma120_cash_top3,2024-07-15,1.1446894158312133e-07,949491.8478079848,949491.8478080992,0.0,-0.0505081521919007
ma120_cash_top3,2024-07-16,1.1447361094880286e-07,948236.5533718969,948236.5533720112,0.0,-0.0517634466279887
ma120_cash_top3,2024-07-17,1.1447828050495501e-07,952271.559178504,952271.5591786184,0.0,-0.0477284408213816
ma120_cash_top3,2024-07-18,1.1448295025158563e-07,953983.9047355752,953983.9047356896,0.0,-0.0460160952643102
ma120_cash_top3,2024-07-19,1.1448762018870245e-07,954703.6911690114,954703.6911691258,0.0,-0.0452963088308742
ma120_cash_top3,2024-07-22,5.616129783447832e-11,942135.447833244,942135.447833244,0.003560177550128,-0.057864552166756
ma120_cash_top3,2024-07-23,5.616358874092954e-11,943956.0876494024,943956.0876494024,0.0,-0.0560439123505975
ma120_cash_top3,2024-07-24,5.616587974083039e-11,943914.790435368,943914.790435368,0.0,-0.056085209564632
ma120_cash_top3,2024-07-25,5.616817083418468e-11,935293.2219970126,935293.2219970126,0.0,-0.0647067780029874
ma120_cash_top3,2024-07-26,5.6170462020996216e-11,925962.3799112022,925962.3799112022,0.0,-0.0740376200887977
ma120_cash_top3,2024-07-29,5.617733614221248e-11,933954.1413885412,933954.1413885412,0.0,-0.0660458586114589
ma120_cash_top3,2024-07-30,5.617962770289114e-11,929198.8987144886,929198.8987144886,0.0,-0.0708011012855114
ma120_cash_top3,2024-07-31,5.618191935704613e-11,929793.2045108832,929793.2045108832,0.0,-0.0702067954891167
ma120_cash_top3,2024-08-01,5.618421110468124e-11,929591.8020103947,929591.8020103947,0.0,-0.0704081979896051
ma120_cash_top3,2024-08-02,5.6186502945800295e-11,925213.7648777666,925213.7648777666,0.0,-0.0747862351222333
ma120_cash_top3,2024-08-05,2.5227200239896774e-07,917085.8063659624,917085.8063662146,0.6711026622538592,-0.0829141936337853
ma120_cash_top3,2024-08-06,2.5228229296524813e-07,907315.9228414324,907315.9228416844,0.0,-0.0926840771583155
ma120_cash_top3,2024-08-07,2.5229258395129666e-07,908370.055973714,908370.0559739664,0.0,-0.0916299440260337
ma120_cash_top3,2024-08-08,2.523028753571305e-07,910508.2469945124,910508.2469947644,0.0,-0.0894917530052354
ma120_cash_top3,2024-08-09,2.523131671827667e-07,914810.4132352552,914810.4132355076,0.0,-0.0851895867644924
ma120_cash_top3,2024-08-12,2.523440451786611e-07,912430.0973592903,912430.0973595429,0.0,-0.0875699026404571
ma120_cash_top3,2024-08-13,2.523543386836782e-07,916460.2139886322,916460.2139888846,0.0,-0.0835397860111154
ma120_cash_top3,2024-08-14,2.5236463260858336e-07,916192.3049343196,916192.304934572,0.0,-0.083807695065428
ma120_cash_top3,2024-08-15,2.523749269533937e-07,928231.0864240518,928231.0864243042,0.0,-0.0717689135756958
ma120_cash_top3,2024-08-16,2.5238522171812626e-07,939245.6595377374,939245.6595379898,0.0,-0.0607543404620102
ma120_cash_top3,2024-08-19,2.2453150450019166e-10,955374.2761549402,955374.2761549404,0.0009727160616109,-0.0446257238450594
ma120_cash_top3,2024-08-20,2.2454066348853407e-10,958652.1980772984,958652.1980772986,0.0,-0.0413478019227013
ma120_cash_top3,2024-08-21,2.2454982285048584e-10,951909.2772602078,951909.277260208,0.0,-0.0480907227397919
ma120_cash_top3,2024-08-22,2.2455898258606219e-10,960785.6445786715,960785.6445786718,0.0,-0.0392143554213282
ma120_cash_top3,2024-08-23,2.2456814269527837e-10,966171.9497684656,966171.9497684656,0.0,-0.0338280502315342
ma120_cash_top3,2024-08-26,2.2459562526491827e-10,965899.6203706424,965899.6203706426,0.0,-0.0341003796293574
ma120_cash_top3,2024-08-27,2.2460478686884615e-10,969934.341294958,969934.3412949584,0.0,-0.0300656587050417
ma120_cash_top3,2024-08-28,2.2461394884649008e-10,962354.40041228,962354.40041228,0.0,-0.0376455995877198
ma120_cash_top3,2024-08-29,2.246231111978653e-10,932048.1593558446,932048.1593558448,0.0,-0.0679518406441551
ma120_cash_top3,2024-08-30,2.24632273922987e-10,912671.511055616,912671.5110556162,0.0,-0.0873284889443838
ma120_cash_top3,2024-09-02,1.938315108418465e-07,907686.4621760512,907686.462176245,0.666666441208431,-0.0923135378237549
ma120_cash_top3,2024-09-03,1.938394175298284e-07,894748.4853864149,894748.4853866088,0.0,-0.1052515146133912
ma120_cash_top3,2024-09-04,1.938473245403364e-07,890958.2633866151,890958.2633868089,0.0,-0.109041736613191
ma120_cash_top3,2024-09-05,1.9385523187338361e-07,891335.1968564325,891335.1968566263,0.0,-0.1086648031433736
ma120_cash_top3,2024-09-06,1.9386313952898321e-07,892780.2264322003,892780.2264323941,0.0,-0.1072197735676059
ma120_cash_top3,2024-09-09,1.938868644312279e-07,876863.9180948979,876863.9180950917,0.0,-0.1231360819049083
ma120_cash_top3,2024-09-10,1.9389477337716858e-07,882929.6657813524,882929.6657815464,0.0,-0.1170703342184535
ma120_cash_top3,2024-09-11,1.9390268264572746e-07,865993.291330135,865993.2913303289,0.0,-0.1340067086696711
ma120_cash_top3,2024-09-12,1.9391059223691765e-07,870536.5557192195,870536.5557194134,0.0,-0.1294634442805865
ma120_cash_top3,2024-09-13,1.9391850215075238e-07,869155.7838454221,869155.783845616,0.0,-0.1308442161543839
ma120_cash_top3,2024-09-18,578591.220858989,292701.7975918257,871293.0184508148,1.3301160440982396,-0.1287069815491852
ma120_cash_top3,2024-09-19,578614.8224923486,296168.6547545038,874783.4772468524,0.0,-0.1252165227531476
ma120_cash_top3,2024-09-20,578638.4250884554,296663.92006345786,875302.3451519134,0.0,-0.1246976548480867
ma120_cash_top3,2024-09-23,578709.238653652,296663.92006345786,875373.1587171098,0.0,-0.1246268412828901
ma120_cash_top3,2024-09-24,578732.8451011404,314988.7364947566,893721.581595897,0.0,-0.106278418404103
ma120_cash_top3,2024-09-25,578756.4525115725,319446.1242753428,898202.5767869153,0.0,-0.1017974232130847
ma120_cash_top3,2024-09-26,578780.0608849875,338761.4713245496,917541.532209537,0.0,-0.0824584677904629
ma120_cash_top3,2024-09-27,578803.6702214245,368477.3898617908,947281.0600832154,0.0,-0.0527189399167846
ma120_cash_top3,2024-09-30,2.690358087420464e-07,1009844.8750787306,1009844.8750789996,0.7254362686194553,0.0098448750789996
ma120_cash_top3,2024-10-08,2.691236163811633e-07,1112611.2109474482,1112611.2109477173,0.0,0.1126112109477173
ma120_cash_top3,2024-10-09,2.691345943509168e-07,1021229.4217798476,1021229.4217801166,0.0,0.0212294217801165
ma120_cash_top3,2024-10-10,2.6914557276847866e-07,980242.367649771,980242.3676500402,0.0,-0.0197576323499597
ma120_cash_top3,2024-10-11,2.6915655163386725e-07,982619.871357428,982619.8713576972,0.0,-0.0173801286423029
ma120_cash_top3,2024-10-14,1.7299316823482513e-07,1007163.5668398972,1007163.56684007,1.3114461540631892,0.00716356684007
ma120_cash_top3,2024-10-15,1.730002248944895e-07,977187.635176023,977187.635176196,0.0,-0.022812364823804
ma120_cash_top3,2024-10-16,1.7300728184200593e-07,984058.4816769249,984058.4816770976,0.0,-0.0159415183229022
ma120_cash_top3,2024-10-17,1.730143390773862e-07,984989.5422089534,984989.5422091264,0.0,-0.0150104577908736
ma120_cash_top3,2024-10-18,1.7302139660064205e-07,1053019.2254212168,1053019.2254213898,0.0,0.0530192254213897
ma120_cash_top3,2024-10-21,1.7304257089778057e-07,1047300.9320111593,1047300.9320113322,0.0,0.0473009320113322
ma120_cash_top3,2024-10-22,1.7304962957265617e-07,1036516.770451676,1036516.770451849,0.0,0.0365167704518489
ma120_cash_top3,2024-10-23,1.7305668853546608e-07,1030474.206989492,1030474.2069896652,0.0,0.030474206989665
ma120_cash_top3,2024-10-24,1.73063747786222e-07,1022514.5576865184,1022514.5576866916,0.0,0.0225145576866914
ma120_cash_top3,2024-10-25,1.7307080732493573e-07,1028628.0234976276,1028628.0234978008,0.0,0.0286280234978009
ma120_cash_top3,2024-10-28,2.1827872842550278e-09,1036043.0030711752,1036043.0030711772,0.0337194087619461,0.0360430030711773
ma120_cash_top3,2024-10-29,2.1828763235341035e-09,1027384.2709122445,1027384.2709122464,0.0,0.0273842709122464
ma120_cash_top3,2024-10-30,2.1829653664452296e-09,1029575.392780976,1029575.3927809783,0.0,0.0295753927809783
ma120_cash_top3,2024-10-31,2.183054412988554e-09,1056630.7730486155,1056630.7730486176,0.0,0.0566307730486177
ma120_cash_top3,2024-11-01,2.1831434631642244e-09,1023638.7434770596,1023638.7434770616,0.0,0.0236387434770617
ma120_cash_top3,2024-11-04,2.1834106354868004e-09,1061868.6436730209,1061868.643673023,0.0,0.0618686436730229
ma120_cash_top3,2024-11-05,2.1834997001933403e-09,1135142.0472519796,1135142.0472519817,0.0,0.1351420472519817
ma120_cash_top3,2024-11-06,2.1835887685329667e-09,1124268.6390735495,1124268.6390735516,0.0,0.1242686390735516
ma120_cash_top3,2024-11-07,2.183677840505829e-09,1216744.33237691,1216744.3323769122,0.0,0.2167443323769122
ma120_cash_top3,2024-11-08,2.183766916112076e-09,1181713.4753270252,1181713.4753270273,0.0,0.1817134753270273
ma120_cash_top3,2024-11-11,3.1653326004743576e-07,1196689.8018096215,1196689.8018099382,0.6453291290605759,0.1966898018099381
ma120_cash_top3,2024-11-12,3.1654617193009214e-07,1177257.9331758833,1177257.9331762,0.0,0.1772579331761998
ma120_cash_top3,2024-11-13,3.1655908433944425e-07,1175033.3423841635,1175033.3423844802,0.0,0.1750333423844801
ma120_cash_top3,2024-11-14,3.165719972755136e-07,1149038.8325025728,1149038.8325028894,0.0,0.1490388325028895
ma120_cash_top3,2024-11-15,3.165849107383215e-07,1098891.6764230437,1098891.67642336,0.0,0.09889167642336
ma120_cash_top3,2024-11-18,3.1662365428739257e-07,1071032.8182210375,1071032.8182213544,0.0,0.0710328182213544
ma120_cash_top3,2024-11-19,3.166365698573702e-07,1102375.5212902068,1102375.5212905237,0.0,0.1023755212905235
ma120_cash_top3,2024-11-20,3.16649485954194e-07,1105532.677588656,1105532.6775889727,0.0,0.1055326775889726
ma120_cash_top3,2024-11-21,3.166624025778853e-07,1119042.5938838054,1119042.593884122,0.0,0.1190425938841222
ma120_cash_top3,2024-11-22,3.166753197284658e-07,1067933.8996821805,1067933.8996824971,0.0,0.0679338996824971
ma120_cash_top3,2024-11-25,2.590822987258435e-07,1058193.861830108,1058193.861830367,1.3429780563820388,0.058193861830367
ma120_cash_top3,2024-11-26,2.590928670946745e-07,1037539.0146866316,1037539.0146868908,0.0,0.0375390146868908
ma120_cash_top3,2024-11-27,2.5910343589460576e-07,1077864.865038107,1077864.865038366,0.0,0.0778648650383659
ma120_cash_top3,2024-11-28,2.591140051256548e-07,1067522.2838764377,1067522.2838766966,0.0,0.0675222838766966
ma120_cash_top3,2024-11-29,2.591245747878391e-07,1114484.0223794952,1114484.0223797543,0.0,0.1144840223797543
ma120_cash_top3,2024-12-02,2.5915628636138e-07,1123085.3326389012,1123085.3326391603,0.0,0.1230853326391603
ma120_cash_top3,2024-12-03,2.591668577482815e-07,1113250.9206768528,1113250.920677112,0.0,0.1132509206771119
ma120_cash_top3,2024-12-04,2.591774295664063e-07,1098205.622568395,1098205.622568654,0.0,0.098205622568654
ma120_cash_top3,2024-12-05,2.591880018157719e-07,1124403.8412229095,1124403.841223169,0.0,0.1244038412231689
ma120_cash_top3,2024-12-06,2.59198574496396e-07,1126322.9052093471,1126322.9052096065,0.0,0.1263229052096062
ma120_cash_top3,2024-12-09,2.724118530750275e-07,1110812.9962055755,1110812.996205848,1.3453851139947592,0.1108129962058479
ma120_cash_top3,2024-12-10,2.724229651770561e-07,1124794.668161917,1124794.6681621894,0.0,0.1247946681621894
ma120_cash_top3,2024-12-11,2.724340777323646e-07,1118573.8768097712,1118573.8768100436,0.0,0.1185738768100435
ma120_cash_top3,2024-12-12,2.724451907409715e-07,1138128.4296504,1138128.4296506725,0.0,0.1381284296506724
ma120_cash_top3,2024-12-13,2.724563042028953e-07,1101079.0287073166,1101079.028707589,0.0,0.1010790287075891
ma120_cash_top3,2024-12-16,2.724896473087527e-07,1081703.872378477,1081703.8723787493,0.0,0.0817038723787493
ma120_cash_top3,2024-12-17,2.725007625841288e-07,1076740.2136576688,1076740.2136579412,0.0,0.0767402136579411
ma120_cash_top3,2024-12-18,2.725118783129142e-07,1078383.954597181,1078383.9545974534,0.0,0.0783839545974534
ma120_cash_top3,2024-12-19,2.7252299449512746e-07,1078195.3168500396,1078195.316850312,0.0,0.078195316850312
ma120_cash_top3,2024-12-20,2.72534111130787e-07,1085393.3646245955,1085393.364624868,0.0,0.0853933646248681
ma120_cash_top3,2024-12-23,2.630404196679592e-07,1059939.7968834485,1059939.7968837116,1.362696265027567,0.0599397968837116
ma120_cash_top3,2024-12-24,2.63051149494683e-07,1071669.5914801909,1071669.591480454,0.0,0.0716695914804539
ma120_cash_top3,2024-12-25,2.630618797590931e-07,1065073.4677920116,1065073.467792275,0.0,0.0650734677922746
ma120_cash_top3,2024-12-26,2.6307261046120735e-07,1078982.7562218648,1078982.756222128,0.0,0.0789827562221279
ma120_cash_top3,2024-12-27,2.630833416010436e-07,1076732.8111564645,1076732.8111567274,0.0,0.0767328111567273
ma120_cash_top3,2024-12-30,2.631155376470627e-07,1081825.594852485,1081825.594852748,0.0,0.0818255948527479
ma120_cash_top3,2024-12-31,2.631262705379654e-07,1030875.0503093994,1030875.0503096624,0.0,0.0308750503096624
ma120_cash_top3,2025-01-02,2.6314773763322253e-07,984080.5218258096,984080.5218260726,0.0,-0.0159194781739273
ma120_cash_top3,2025-01-03,2.631584718376126e-07,953493.9845210734,953493.9845213366,0.0,-0.0465060154786634
ma120_cash_top3,2025-01-06,2.014567144215107e-07,954622.139814955,954622.1398151563,1.9866899576977055,-0.0453778601848436
ma120_cash_top3,2025-01-07,2.014649321533742e-07,960692.1776326008,960692.1776328022,0.0,-0.0393078223671978
ma120_cash_top3,2025-01-08,2.014731502204517e-07,967423.6758137192,967423.6758139208,0.0,-0.0325763241860792
ma120_cash_top3,2025-01-09,2.0148136862275693e-07,962181.0730622276,962181.0730624292,0.0,-0.0378189269375709
ma120_cash_top3,2025-01-10,2.0148958736030362e-07,956667.1040697524,956667.104069954,0.0,-0.0433328959300459
ma120_cash_top3,2025-01-13,2.015142455845285e-07,943576.5937044328,943576.5937046342,0.0,-0.0564234062953658
ma120_cash_top3,2025-01-14,2.0152246566317734e-07,957302.4127429175,957302.4127431192,0.0,-0.0426975872568807
ma120_cash_top3,2025-01-15,2.01530686077136e-07,965010.497344372,965010.4973445736,0.0,-0.0349895026554265
ma120_cash_top3,2025-01-16,2.015389068264181e-07,974225.0855010248,974225.0855012264,0.0,-0.0257749144987736
ma120_cash_top3,2025-01-17,2.0154712791103725e-07,969153.5140116544,969153.5140118558,0.0,-0.0308464859881442
ma120_cash_top3,2025-01-20,3.1110403142520227e-10,965544.6459426556,965544.645942656,0.0014648630923176,-0.034455354057344
ma120_cash_top3,2025-01-21,3.1111672184120176e-10,964786.3036898832,964786.3036898836,0.0,-0.0352136963101163
ma120_cash_top3,2025-01-22,3.111294127748631e-10,946891.8467381544,946891.8467381548,0.0,-0.0531081532618451
ma120_cash_top3,2025-01-23,3.1114210422620717e-10,971106.9590749834,971106.9590749836,0.0,-0.0288930409250163
ma120_cash_top3,2025-01-24,3.111547961952553e-10,974032.7786138696,974032.7786138698,0.0,-0.0259672213861301
ma120_cash_top3,2025-01-27,3.1119287520883485e-10,986364.9224332704,986364.9224332708,0.0,-0.0136350775667292
ma120_cash_top3,2025-02-05,1.4199486031429842e-10,971368.9371170786,971368.9371170788,0.0007660582743469,-0.0286310628829212
ma120_cash_top3,2025-02-06,1.420006525049008e-10,971368.9371170786,971368.9371170788,0.0,-0.0286310628829212
ma120_cash_top3,2025-02-07,1.4200644493177558e-10,968491.6396606656,968491.6396606656,0.0,-0.0315083603393343
ma120_cash_top3,2025-02-10,1.4202382363013108e-10,969687.3606163254,969687.3606163256,0.0,-0.0303126393836744
ma120_cash_top3,2025-02-11,1.4202961700219206e-10,977636.1814994208,977636.181499421,0.0,-0.022363818500579
ma120_cash_top3,2025-02-12,1.4203541061057366e-10,983903.4258817628,983903.4258817628,0.0,-0.0160965741182371
ma120_cash_top3,2025-02-13,1.4204120445528551e-10,986904.1916038224,986904.1916038224,0.0,-0.0130958083961775
ma120_cash_top3,2025-02-14,1.420469985363373e-10,989706.3579652013,989706.3579652014,0.0,-0.0102936420347986
ma120_cash_top3,2025-02-17,2.0995503291487694e-07,960585.7027083978,960585.7027086078,2.0590309804875013,-0.0394142972913922
ma120_cash_top3,2025-02-18,2.0996359730633365e-07,922823.6967749594,922823.6967751696,0.0,-0.0771763032248304
ma120_cash_top3,2025-02-19,2.0997216204714517e-07,942960.980981925,942960.980982135,0.0,-0.0570390190178649
ma120_cash_top3,2025-02-20,2.099807271373257e-07,932617.9986168548,932617.9986170648,0.0,-0.0673820013829353
ma120_cash_top3,2025-02-21,2.099892925768896e-07,963456.4459224284,963456.4459226384,0.0,-0.0365435540773617
ma120_cash_top3,2025-02-24,2.100149909920237e-07,951049.220416174,951049.220416384,0.0,-0.0489507795836159
ma120_cash_top3,2025-02-25,2.100235578292634e-07,922032.8649389236,922032.8649391336,0.0,-0.0779671350608663
ma120_cash_top3,2025-02-26,2.1003212501595767e-07,929927.5417175664,929927.5417177764,0.0,-0.0700724582822236
ma120_cash_top3,2025-02-27,2.100406925521208e-07,926411.8627458508,926411.8627460608,0.0,-0.0735881372539392
ma120_cash_top3,2025-02-28,2.100492604377669e-07,877387.1933381644,877387.1933383744,0.0,-0.1226128066616256
ma120_cash_top3,2025-03-03,1.867883838713169e-07,861603.8431211271,861603.843121314,2.0410224929299443,-0.138396156878686
ma120_cash_top3,2025-03-04,1.8679600325922505e-07,880950.8007044633,880950.8007046501,0.0,-0.1190491992953498
ma120_cash_top3,2025-03-05,1.8680362295793978e-07,888265.9150871261,888265.9150873129,0.0,-0.1117340849126871
ma120_cash_top3,2025-03-06,1.868112429674739e-07,915976.3777789708,915976.3777791576,0.0,-0.0840236222208423
ma120_cash_top3,2025-03-07,1.8681886328784e-07,902273.9213196908,902273.9213198776,0.0,-0.0977260786801222
ma120_cash_top3,2025-03-10,1.8684172611405718e-07,904504.557461439,904504.557461626,0.0,-0.095495442538374
ma120_cash_top3,2025-03-11,1.868493476778781e-07,897769.971121552,897769.9711217389,0.0,-0.102230028878261
ma120_cash_top3,2025-03-12,1.8685696955259446e-07,894078.4768497213,894078.4768499081,0.0,-0.1059215231500918
ma120_cash_top3,2025-03-13,1.8686459173821888e-07,867715.5959749116,867715.5959750984,0.0,-0.1322844040249016
ma120_cash_top3,2025-03-14,1.868722142347641e-07,882149.8436179361,882149.843618123,0.0,-0.117850156381877
ma120_cash_top3,2025-03-17,2.4103792384266853e-07,877599.2066768192,877599.2066770603,0.6703220253511016,-0.1224007933229396
ma120_cash_top3,2025-03-18,2.4104775615345925e-07,880721.3364790232,880721.3364792643,0.0,-0.1192786635207356
ma120_cash_top3,2025-03-19,2.410575888653252e-07,873812.6242746378,873812.6242748789,0.0,-0.1261873757251211
ma120_cash_top3,2025-03-20,2.410674219782827e-07,868851.0444296604,868851.0444299015,0.0,-0.1311489555700984
ma120_cash_top3,2025-03-21,2.4107725549234815e-07,849034.7484843264,849034.7484845675,0.0,-0.1509652515154325
ma120_cash_top3,2025-03-24,2.4110675844135574e-07,858478.254919513,858478.2549197541,0.0,-0.1415217450802458
ma120_cash_top3,2025-03-25,2.4111659356001653e-07,840798.3172038438,840798.317204085,0.0,-0.159201682795915
ma120_cash_top3,2025-03-26,2.4112642907986706e-07,841519.8513633284,841519.8513635695,0.0,-0.1584801486364304
ma120_cash_top3,2025-03-27,2.411362650009237e-07,846653.5654797202,846653.5654799613,0.0,-0.1533464345200387
ma120_cash_top3,2025-03-28,2.4114610132320284e-07,835527.1640981802,835527.1640984213,0.0,-0.1644728359015786
ma120_cash_top3,2025-03-31,1.1565862223505975e-07,845544.212895841,845544.2128959566,0.6722820398792135,-0.1544557871040434
ma120_cash_top3,2025-04-01,1.1566334012966037e-07,845714.767655908,845714.7676560237,0.0,-0.1542852323439763
ma120_cash_top3,2025-04-02,1.1566805821671123e-07,843520.5474668834,843520.5474669992,0.0,-0.1564794525330008
ma120_cash_top3,2025-04-03,1.1567277649622017e-07,834300.0523910328,834300.0523911485,0.0,-0.1656999476088514
ma120_cash_top3,2025-04-07,1.1569165153899395e-07,745603.2244817021,745603.2244818178,0.0,-0.2543967755181822
ma120_cash_top3,2025-04-08,1.156963707809111e-07,752639.5031014634,752639.5031015791,0.0,-0.2473604968984208
ma120_cash_top3,2025-04-09,1.1570109021533346e-07,783937.6117516552,783937.611751771,0.0,-0.2160623882482291
ma120_cash_top3,2025-04-10,1.1570580984226889e-07,799917.4277455491,799917.4277456648,0.0,-0.2000825722543351
ma120_cash_top3,2025-04-11,1.157105296617252e-07,837466.8056986785,837466.8056987942,0.0,-0.1625331943012058
ma120_cash_top3,2025-04-14,2.302112989127636e-07,836623.3111351976,836623.3111354278,0.6712418736276945,-0.1633766888645722
ma120_cash_top3,2025-04-15,2.302206895887301e-07,826853.7424459098,826853.74244614,0.0,-0.1731462575538599
ma120_cash_top3,2025-04-16,2.302300806477569e-07,834625.3423827005,834625.3423829308,0.0,-0.1653746576170691
ma120_cash_top3,2025-04-17,2.302394720898595e-07,838828.9853761435,838828.9853763737,0.0,-0.1611710146236262
ma120_cash_top3,2025-04-18,2.302488639150536e-07,830177.4754853706,830177.4754856009,0.0,-0.1698225245143991
ma120_cash_top3,2025-04-21,2.3027704168934125e-07,837203.6949927405,837203.6949929708,0.0,-0.1627963050070292
ma120_cash_top3,2025-04-22,2.302864350470576e-07,835750.4336288151,835750.4336290454,0.0,-0.1642495663709546
ma120_cash_top3,2025-04-23,2.302958287879436e-07,834636.1363239697,834636.1363242,0.0,-0.1653638636758
ma120_cash_top3,2025-04-24,2.3030522291201486e-07,826315.5769651985,826315.5769654288,0.0,-0.1736844230345712
ma120_cash_top3,2025-04-25,2.3031461741928697e-07,823958.5041990677,823958.504199298,0.0,-0.176041495800702
ma120_cash_top3,2025-04-28,1.746811904013157e-07,830743.6547759069,830743.6547760817,1.9820203587878684,-0.1692563452239183
ma120_cash_top3,2025-04-29,1.7468831591802253e-07,828172.6037698949,828172.6037700697,0.0,-0.1718273962299303
ma120_cash_top3,2025-04-30,1.7469544172539026e-07,811149.9516830778,811149.9516832526,0.0,-0.1888500483167474
ma120_cash_top3,2025-05-06,1.7473820267413905e-07,809709.9668140942,809709.966814269,0.0,-0.190290033185731
ma120_cash_top3,2025-05-07,1.7474533051646495e-07,821671.1646643188,821671.1646644935,0.0,-0.1783288353355064
ma120_cash_top3,2025-05-08,1.7475245864954658e-07,830311.7494912673,830311.749491442,0.0,-0.1696882505085579
ma120_cash_top3,2025-05-09,1.7475958707339577e-07,840964.0114128154,840964.0114129902,0.0,-0.1590359885870098
ma120_cash_top3,2025-05-12,2.2134827304398638e-10,843530.6911734464,843530.6911734466,0.0017538067397821,-0.1564693088265534
ma120_cash_top3,2025-05-13,2.2135730218338016e-10,855672.7201805675,855672.7201805677,0.0,-0.1443272798194322
ma120_cash_top3,2025-05-14,2.2136633169108654e-10,863144.5913522465,863144.5913522467,0.0,-0.1368554086477532
ma120_cash_top3,2025-05-15,2.2137536156712055e-10,861819.689441819,861819.6894418192,0.0,-0.1381803105581808
ma120_cash_top3,2025-05-16,2.2138439181149724e-10,853932.442066695,853932.4420666952,0.0,-0.1460675579333048
ma120_cash_top3,2025-05-19,2.2141148475483337e-10,850768.3670046064,850768.3670046066,0.0,-0.1492316329953933
ma120_cash_top3,2025-05-20,2.2142051647273089e-10,853932.442066695,853932.4420666952,0.0,-0.1460675579333048
ma120_cash_top3,2025-05-21,2.2142954855904617e-10,858993.279562962,858993.2795629622,0.0,-0.1410067204370377
ma120_cash_top3,2025-05-22,2.2143858101379426e-10,867079.379293543,867079.3792935433,0.0,-0.1329206207064567
ma120_cash_top3,2025-05-23,2.2144761383699023e-10,859486.3667866203,859486.3667866206,0.0,-0.1405136332133794
ma120_cash_top3,2025-05-26,3.6311575968284155e-10,852370.3738525598,852370.3738525602,0.0010717186627051,-0.1476296261474398
ma120_cash_top3,2025-05-27,3.6313057173791285e-10,857491.4651302954,857491.4651302957,0.0,-0.1425085348697042
ma120_cash_top3,2025-05-28,3.631453843971908e-10,856322.5637430198,856322.5637430202,0.0,-0.1436774362569798
ma120_cash_top3,2025-05-29,3.6316019766070006e-10,855513.1399891747,855513.139989175,0.0,-0.144486860010825
ma120_cash_top3,2025-05-30,3.6317501152846535e-10,862019.504904873,862019.5049048733,0.0,-0.1379804950951266
ma120_cash_top3,2025-06-03,3.6323427304257956e-10,876746.4032132782,876746.4032132785,0.0,-0.1232535967867215
ma120_cash_top3,2025-06-04,3.632490899319946e-10,878382.4523400092,878382.4523400095,0.0,-0.1216175476599904
ma120_cash_top3,2025-06-05,3.6326390742581346e-10,872296.0906984254,872296.0906984258,0.0,-0.1277039093015742
ma120_cash_top3,2025-06-06,3.6327872552406097e-10,873781.1456974879,873781.1456974882,0.0,-0.1262188543025117
ma120_cash_top3,2025-06-09,9.168843462248332e-11,876312.7799248034,876312.7799248035,0.0016636782453321,-0.1236872200751965
ma120_cash_top3,2025-06-10,9.169217473595076e-11,880443.1252778163,880443.1252778164,0.0,-0.1195568747221835
ma120_cash_top3,2025-06-11,9.16959150019832e-11,883152.9918377174,883152.9918377175,0.0,-0.1168470081622825
ma120_cash_top3,2025-06-12,9.169965542058692e-11,886927.7162449437,886927.7162449438,0.0,-0.1130722837550561
ma120_cash_top3,2025-06-13,9.170339599176809e-11,879832.2223915013,879832.2223915014,0.0,-0.1201677776084986
ma120_cash_top3,2025-06-16,9.171461862083877e-11,890447.1587116416,890447.1587116417,0.0,-0.1095528412883583
ma120_cash_top3,2025-06-17,9.171835980239211e-11,889122.024572394,889122.0245723941,0.0,-0.1108779754276059
ma120_cash_top3,2025-06-18,9.172210113655404e-11,897506.9061926256,897506.9061926258,0.0,-0.1024930938073742
ma120_cash_top3,2025-06-19,9.17258426233308e-11,896140.0469582013,896140.0469582014,0.0,-0.1038599530417985
ma120_cash_top3,2025-06-20,9.17295842627286e-11,906740.0994534716,906740.0994534716,0.0,-0.0932599005465283
ma120_cash_top3,2025-06-23,3.291233952040784e-11,919193.2545117612,919193.2545117612,0.000630258294499,-0.0808067454882387
ma120_cash_top3,2025-06-24,3.2913682065787657e-11,921977.185156504,921977.185156504,0.0,-0.078022814843496
ma120_cash_top3,2025-06-25,3.291502466593198e-11,933119.0582931256,933119.0582931256,0.0,-0.0668809417068745
ma120_cash_top3,2025-06-26,3.2916367320843046e-11,940583.1759953132,940583.1759953132,0.0,-0.0594168240046866
ma120_cash_top3,2025-06-27,3.2917710030523085e-11,915694.3848563448,915694.3848563448,0.0,-0.0843056151436552
ma120_cash_top3,2025-06-30,3.292173848819941e-11,912468.5512651912,912468.5512651912,0.0,-0.0875314487348086
ma120_cash_top3,2025-07-01,3.2923081416977704e-11,925992.3039392174,925992.3039392174,0.0,-0.0740076960607826
ma120_cash_top3,2025-07-02,3.292442440053614e-11,931942.9716026932,931942.9716026932,0.0,-0.0680570283973066
ma120_cash_top3,2025-07-03,3.292576743887696e-11,932141.6614860706,932141.6614860706,0.0,-0.0678583385139294
ma120_cash_top3,2025-07-04,3.2927110532002395e-11,949694.4301198712,949694.4301198712,0.0,-0.0503055698801288
ma120_cash_top3,2025-07-07,2.592569217085839e-07,951985.695869524,951985.6958697834,0.6647048803145256,-0.0480143041302165
ma120_cash_top3,2025-07-08,2.592674972005573e-07,950535.8252344246,950535.8252346838,0.0,-0.0494641747653161
ma120_cash_top3,2025-07-09,2.592780731239214e-07,953428.0961414046,953428.0961416638,0.0,-0.0465719038583362
ma120_cash_top3,2025-07-10,2.592886494786939e-07,964652.6405060918,964652.640506351,0.0,-0.0353473594936489
ma120_cash_top3,2025-07-11,2.592992262648923e-07,953094.0239990192,953094.0239992784,0.0,-0.0469059760007216
ma120_cash_top3,2025-07-14,2.59330959212219e-07,956520.2846838846,956520.284684144,0.0,-0.043479715315856
ma120_cash_top3,2025-07-15,2.593415377242971e-07,946612.8768184608,946612.87681872,0.0,-0.0533871231812799
ma120_cash_top3,2025-07-16,2.59352116667889e-07,942342.335904723,942342.3359049824,0.0,-0.0576576640950176
ma120_cash_top3,2025-07-17,2.5936269604301244e-07,939846.8470342016,939846.8470344607,0.0,-0.0601531529655391
ma120_cash_top3,2025-07-18,2.5937327584968505e-07,945592.6166610164,945592.6166612756,0.0,-0.0544073833387243
ma120_cash_top3,2025-07-21,2.0087463781237602e-07,946838.8355880108,946838.8355882115,1.9939911895431344,-0.0531611644117883
ma120_cash_top3,2025-07-22,2.0088283180043177e-07,950026.981639936,950026.981640137,0.0,-0.049973018359863
ma120_cash_top3,2025-07-23,2.00891026122733e-07,950092.818876512,950092.818876713,0.0,-0.0499071811232869
ma120_cash_top3,2025-07-24,2.0089922077929335e-07,958413.7415514012,958413.7415516024,0.0,-0.0415862584483976
ma120_cash_top3,2025-07-25,2.0090741577012647e-07,957372.60260569,957372.6026058908,0.0,-0.0426273973941091
ma120_cash_top3,2025-07-28,2.0093200274839866e-07,971766.25268856,971766.2526887608,0.0,-0.0282337473112391
ma120_cash_top3,2025-07-29,2.009401990764591e-07,989305.7384096984,989305.7384098994,0.0,-0.0106942615901005
ma120_cash_top3,2025-07-30,2.009483957388605e-07,980912.5731264808,980912.5731266816,0.0,-0.0190874268733184
ma120_cash_top3,2025-07-31,2.009565927356165e-07,970454.2514030064,970454.2514032072,0.0,-0.0295457485967927
ma120_cash_top3,2025-08-01,2.009647900667407e-07,963694.2060768988,963694.2060770998,0.0,-0.0363057939229002
ma120_cash_top3,2025-08-04,2.3242319002747538e-07,966937.9362217312,966937.9362219636,1.3195965717293388,-0.0330620637780362
ma120_cash_top3,2025-08-05,2.3243267092991138e-07,975968.863806164,975968.8638063966,0.0,-0.0240311361936034
ma120_cash_top3,2025-08-06,2.324421522190881e-07,977596.04204761,977596.0420478424,0.0,-0.0224039579521575
ma120_cash_top3,2025-08-07,2.324516338950213e-07,961135.0956980864,961135.0956983188,0.0,-0.0388649043016812
ma120_cash_top3,2025-08-08,2.3246111595772679e-07,955519.376894989,955519.3768952216,0.0,-0.0444806231047785
ma120_cash_top3,2025-08-11,2.3248956446663455e-07,966025.9492157532,966025.9492159856,0.0,-0.0339740507840143
ma120_cash_top3,2025-08-12,2.3249904807658685e-07,964799.7336280388,964799.7336282711,0.0,-0.0352002663717286
ma120_cash_top3,2025-08-13,2.3250853207339038e-07,995232.5079188192,995232.5079190516,0.0,-0.0047674920809483
ma120_cash_top3,2025-08-14,2.3251801645706077e-07,985121.4644511524,985121.4644513848,0.0,-0.0148785355486151
ma120_cash_top3,2025-08-15,2.325275012276139e-07,1000712.5448281702,1000712.5448284028,0.0,0.0007125448284026
ma120_cash_top3,2025-08-18,2.4295877665281296e-07,1007641.889926196,1007641.889926439,1.3243199824949887,0.0076418899264389
ma120_cash_top3,2025-08-19,2.429686873181693e-07,1003912.1681854216,1003912.1681856648,0.0,0.0039121681856646
ma120_cash_top3,2025-08-20,2.4297859838779706e-07,1017374.8185760436,1017374.8185762864,0.0,0.0173748185762865
ma120_cash_top3,2025-08-21,2.429885098617127e-07,1016161.7033275042,1016161.7033277472,0.0,0.0161617033277472
ma120_cash_top3,2025-08-22,2.429984217399327e-07,1031808.8589715884,1031808.8589718316,0.0,0.0318088589718315
ma120_cash_top3,2025-08-25,2.4302815980058417e-07,1049540.779968422,1049540.779968665,0.0,0.0495407799686649
ma120_cash_top3,2025-08-26,2.430380732961867e-07,1046874.4132303664,1046874.4132306096,0.0,0.0468744132306095
ma120_cash_top3,2025-08-27,2.430479871961761e-07,1030686.312640525,1030686.312640768,0.0,0.0306863126407681
ma120_cash_top3,2025-08-28,2.4305790150056885e-07,1046430.1152351836,1046430.1152354268,0.0,0.0464301152354267
ma120_cash_top3,2025-08-29,2.430678162093815e-07,1050038.27631399,1050038.276314233,0.0,0.0500382763142328
ma120_cash_top3,2025-09-01,2.2264430299401286e-07,1091946.3295475412,1091946.3295477638,1.9201250167164416,0.0919463295477638
ma120_cash_top3,2025-09-02,2.2265338500047857e-07,1029010.6388654028,1029010.6388656256,0.0,0.0290106388656254
ma120_cash_top3,2025-09-03,2.2266246737741346e-07,1043638.006811784,1043638.0068120066,0.0,0.0436380068120065
ma120_cash_top3,2025-09-04,2.2267155012483255e-07,955091.8002150788,955091.8002153016,0.0,-0.0449081997846985
ma120_cash_top3,2025-09-05,2.22680633242751e-07,1018978.8839151989,1018978.8839154214,0.0,0.0189788839154214
ma120_cash_top3,2025-09-08,2.227078848196537e-07,979564.2412944338,979564.2412946564,0.0,-0.0204357587053434
ma120_cash_top3,2025-09-09,2.2271696941972075e-07,958447.3988546568,958447.3988548794,0.0,-0.0415526011451206
ma120_cash_top3,2025-09-10,2.227260543903627e-07,998364.1360143723,998364.136014595,0.0,-0.0016358639854049
ma120_cash_top3,2025-09-11,2.2273513973159466e-07,1098189.6361714378,1098189.6361716606,0.0,0.0981896361716605
ma120_cash_top3,2025-09-12,2.227442254434318e-07,1076398.5320662702,1076398.532066493,0.0,0.076398532066493
ma120_cash_top3,2025-09-15,1.164735294878483e-07,1066251.7892712294,1066251.7892713458,0.6766882719519085,0.0662517892713459
ma120_cash_top3,2025-09-16,1.1647828062377977e-07,1074166.2684156431,1074166.2684157596,0.0,0.0741662684157595
ma120_cash_top3,2025-09-17,1.1648303195351745e-07,1084210.10876369,1084210.1087638063,0.0,0.0842101087638063
ma120_cash_top3,2025-09-18,1.1648778347706926e-07,1089743.6134947138,1089743.6134948302,0.0,0.0897436134948301
ma120_cash_top3,2025-09-19,1.1649253519444307e-07,1096652.9963407957,1096652.996340912,0.0,0.0966529963409121
ma120_cash_top3,2025-09-22,1.1650679150957569e-07,1115378.8266731054,1115378.8266732218,0.0,0.1153788266732218
ma120_cash_top3,2025-09-23,1.1651154400231665e-07,1122967.0738013743,1122967.0738014907,0.0,0.1229670738014907
ma120_cash_top3,2025-09-24,1.1651629668891913e-07,1128670.057513753,1128670.0575138694,0.0,0.1286700575138692
ma120_cash_top3,2025-09-25,1.1652104956939109e-07,1150691.950620925,1150691.9506210417,0.0,0.1506919506210415
ma120_cash_top3,2025-09-26,1.1652580264374038e-07,1113775.3835256551,1113775.3835257716,0.0,0.1137753835257715
ma120_cash_top3,2025-09-29,2.3399479687213898e-07,1139902.027908506,1139902.02790874,1.9348516811293872,0.1399020279087399
ma120_cash_top3,2025-09-30,2.340043418828559e-07,1169266.424936055,1169266.424936289,0.0,0.1692664249362889
ma120_cash_top3,2025-10-09,2.340902645022251e-07,1175298.7784141144,1175298.7784143484,0.0,0.1752987784143482
ma120_cash_top3,2025-10-10,2.340998134072147e-07,1089842.098763885,1089842.098764119,0.0,0.0898420987641188
ma120_cash_top3,2025-10-13,2.306187525391579e-07,1077835.7714029332,1077835.7714031637,0.6303594280980299,0.0778357714031636
ma120_cash_top3,2025-10-14,2.3062815983578987e-07,1034082.8167846986,1034082.8167849293,0.0,0.0340828167849291
ma120_cash_top3,2025-10-15,2.3063756751616e-07,1060879.4084603272,1060879.408460558,0.0,0.0608794084605579
ma120_cash_top3,2025-10-16,2.3064697558028406e-07,1061149.946668513,1061149.9466687434,0.0,0.0611499466687432
ma120_cash_top3,2025-10-17,2.3065638402817762e-07,1015958.4960518176,1015958.4960520484,0.0,0.0159584960520482
ma120_cash_top3,2025-10-20,2.306846116746321e-07,1023862.466175573,1023862.4661758036,0.0,0.0238624661758037
ma120_cash_top3,2025-10-21,2.3069402165776038e-07,1041438.8124622672,1041438.812462498,0.0,0.041438812462498
ma120_cash_top3,2025-10-22,2.307034320247364e-07,1025488.7050808482,1025488.7050810788,0.0,0.025488705081079
ma120_cash_top3,2025-10-23,2.3071284277557594e-07,1038162.3877496452,1038162.387749876,0.0,0.0381623877498757
ma120_cash_top3,2025-10-24,2.3072225391029457e-07,1064786.602920507,1064786.6029207378,0.0,0.0647866029207377
ma120_cash_top3,2025-10-27,2.278829924762249e-07,1092821.760309646,1092821.7603098738,1.9626204037683503,0.0928217603098737
ma120_cash_top3,2025-10-28,2.278922881769604e-07,1094680.7897902643,1094680.7897904925,0.0,0.0946807897904922
ma120_cash_top3,2025-10-29,2.27901584256882e-07,1119725.3082309333,1119725.3082311612,0.0,0.1197253082311611
ma120_cash_top3,2025-10-30,2.2791088071600505e-07,1098194.3758228885,1098194.3758231164,0.0,0.0981943758231163
ma120_cash_top3,2025-10-31,2.279201775543451e-07,1059176.727491972,1059176.7274922,0.0,0.0591767274921999
ma120_cash_top3,2025-11-03,2.2794807034482202e-07,1081654.4577230194,1081654.4577232474,0.0,0.0816544577232474
ma120_cash_top3,2025-11-04,2.279573687001847e-07,1051894.296316729,1051894.2963169569,0.0,0.0518942963169568
ma120_cash_top3,2025-11-05,2.2796666743484173e-07,1036941.301952584,1036941.301952812,0.0,0.0369413019528119
ma120_cash_top3,2025-11-06,2.279759665488086e-07,1067328.787848865,1067328.7878490926,0.0,0.0673287878490926
ma120_cash_top3,2025-11-07,2.279852660421008e-07,1053682.3164576387,1053682.3164578667,0.0,0.0536823164578665
ma120_cash_top3,2025-11-10,2.249144017696381e-07,1026063.0290188948,1026063.0290191196,2.06440539339076,0.0260630290191197
ma120_cash_top3,2025-11-11,2.2492357637695402e-07,1023575.0407721002,1023575.0407723252,0.0,0.0235750407723251
ma120_cash_top3,2025-11-12,2.2493275135851645e-07,1000429.1332628228,1000429.1332630478,0.0,0.0004291332630477
ma120_cash_top3,2025-11-13,2.249419267143406e-07,1060859.8785158866,1060859.8785161115,0.0,0.0608598785161116
ma120_cash_top3,2025-11-14,2.2495110244444175e-07,1033405.0266198284,1033405.0266200532,0.0,0.0334050266200534
ma120_cash_top3,2025-11-17,2.2497863188055994e-07,1041913.0301110836,1041913.0301113088,0.0,0.0419130301113086
ma120_cash_top3,2025-11-18,2.2498780910792174e-07,994690.921830449,994690.921830674,0.0,-0.0053090781693259
ma120_cash_top3,2025-11-19,2.2499698670963689e-07,997561.5377787788,997561.537779004,0.0,-0.002438462220996
ma120_cash_top3,2025-11-20,2.250061646857207e-07,978504.38422057,978504.3842207952,0.0,-0.0214956157792048
ma120_cash_top3,2025-11-21,2.2501534303618835e-07,922168.4338471468,922168.433847372,0.0,-0.0778315661526281
ma120_cash_top3,2025-11-24,9.88620740827173e-10,919187.6269713482,919187.6269713492,0.0030491482630949,-0.0808123730286508
ma120_cash_top3,2025-11-25,9.886610682006543e-10,941171.0581628148,941171.0581628156,0.0,-0.0588289418371843
ma120_cash_top3,2025-11-26,9.887013972191519e-10,946789.307975811,946789.307975812,0.0,-0.0532106920241881
ma120_cash_top3,2025-11-27,9.887417278827327e-10,946638.3750716558,946638.3750716568,0.0,-0.0533616249283431
ma120_cash_top3,2025-11-28,9.887820601914636e-10,959839.2651066696,959839.2651066708,0.0,-0.0401607348933292
ma120_cash_top3,2025-12-01,9.889030669892303e-10,963096.4325171032,963096.432517104,0.0,-0.0369035674828959
ma120_cash_top3,2025-12-02,9.889434058792335e-10,947683.4428654274,947683.4428654284,0.0,-0.0523165571345717
ma120_cash_top3,2025-12-03,9.889837464147231e-10,935258.6239274197,935258.6239274204,0.0,-0.0647413760725795
ma120_cash_top3,2025-12-04,9.890240885957656e-10,941113.0013256366,941113.0013256376,0.0,-0.0588869986743624
ma120_cash_top3,2025-12-05,9.890644324224282e-10,949953.5993192672,949953.5993192684,0.0,-0.0500464006807317
ma120_cash_top3,2025-12-08,2.0168954506516457e-07,984552.7769036016,984552.7769038032,1.9301553929534525,-0.0154472230961967
ma120_cash_top3,2025-12-09,2.016977722945512e-07,992683.3940635164,992683.394063718,0.0,-0.0073166059362819
ma120_cash_top3,2025-12-10,2.0170599985953922e-07,1002944.367048726,1002944.3670489276,0.0,0.0029443670489277
ma120_cash_top3,2025-12-11,2.017142277601424e-07,972580.562450451,972580.5624506528,0.0,-0.0274194375493472
ma120_cash_top3,2025-12-12,2.0172245599637446e-07,985500.3468767144,985500.346876916,0.0,-0.0144996531230838
ma120_cash_top3,2025-12-15,2.017471427189804e-07,969305.345292293,969305.3452924947,0.0,-0.0306946547075052
ma120_cash_top3,2025-12-16,2.0175537229786466e-07,943942.7867728332,943942.786773035,0.0,-0.056057213226965
ma120_cash_top3,2025-12-17,2.0176360221244618e-07,986676.0962013355,986676.0962015372,0.0,-0.0133239037984627
ma120_cash_top3,2025-12-18,2.017718324627387e-07,975131.5650155722,975131.565015774,0.0,-0.0248684349842259
ma120_cash_top3,2025-12-19,2.017800630487559e-07,987743.0969909952,987743.096991197,0.0,-0.012256903008803
ma120_cash_top3,2025-12-22,1.5337718650698662e-08,1022210.2748519784,1022210.2748519938,0.0358626985991464,0.0222102748519936
ma120_cash_top3,2025-12-23,1.5338344300032972e-08,1018128.0559557412,1018128.0559557568,0.0,0.0181280559557566
ma120_cash_top3,2025-12-24,1.533896997488848e-08,1032024.4739720916,1032024.473972107,0.0,0.0320244739721069
ma120_cash_top3,2025-12-25,1.533959567526624e-08,1033407.5415938086,1033407.541593824,0.0,0.0334075415938239
ma120_cash_top3,2025-12-26,1.5340221401167292e-08,1042432.635432967,1042432.6354329824,0.0,0.0424326354329822
ma120_cash_top3,2025-12-29,1.5342098732020584e-08,1037556.5167302516,1037556.5167302669,0.0,0.0375565167302669
ma120_cash_top3,2025-12-30,1.5342724560025202e-08,1046008.2659253364,1046008.2659253518,0.0,0.0460082659253517
ma120_cash_top3,2025-12-31,1.5343350413558314e-08,1045529.6725505828,1045529.6725505982,0.0,0.0455296725505982
ma120_cash_top3,2026-01-05,1.8067657947540286e-07,1071087.8471219535,1071087.8471221344,0.6726370970510305,0.0710878471221343
ma120_cash_top3,2026-01-06,1.8068394955332955e-07,1071815.627897186,1071815.6278973666,0.0,0.0718156278973667
ma120_cash_top3,2026-01-07,1.806913199318932e-07,1080259.4571989714,1080259.457199152,0.0,0.0802594571991521
ma120_cash_top3,2026-01-08,1.806986906111059e-07,1073955.4273745285,1073955.427374709,0.0,0.0739554273747089
ma120_cash_top3,2026-01-09,1.807060615909801e-07,1091558.4797865353,1091558.479786716,0.0,0.0915584797867159
ma120_cash_top3,2026-01-12,1.807281763346941e-07,1155661.5066690107,1155661.5066691914,0.0,0.1556615066691913
ma120_cash_top3,2026-01-13,1.8073554851733674e-07,1105114.262157039,1105114.2621572197,0.0,0.1051142621572196
ma120_cash_top3,2026-01-14,1.807429210007021e-07,1130349.5670204568,1130349.5670206374,0.0,0.1303495670206373
ma120_cash_top3,2026-01-15,1.8075029378480253e-07,1120873.2244911809,1120873.2244913615,0.0,0.1208732244913615
ma120_cash_top3,2026-01-16,1.8075766686965025e-07,1113956.1857722278,1113956.1857724085,0.0,0.1139561857724085
ma120_cash_top3,2026-01-19,2.3300526663661006e-07,1092304.6069491406,1092304.6069493736,2.005775052818053,0.0923046069493735
ma120_cash_top3,2026-01-20,2.3301477128285378e-07,1085841.1106178612,1085841.1106180942,0.0,0.0858411106180943
ma120_cash_top3,2026-01-21,2.330242763168068e-07,1111857.7043133928,1111857.7043136258,0.0,0.1118577043136257
ma120_cash_top3,2026-01-22,2.330337817384849e-07,1106653.970798109,1106653.970798342,0.0,0.106653970798342
ma120_cash_top3,2026-01-23,2.3304328754790386e-07,1139698.7830458512,1139698.7830460842,0.0,0.1396987830460843
ma120_cash_top3,2026-01-26,2.330718073027644e-07,1175749.1737714016,1175749.1737716347,0.0,0.1757491737716348
ma120_cash_top3,2026-01-27,2.330813146633051e-07,1175466.0364370712,1175466.0364373042,0.0,0.1754660364373041
ma120_cash_top3,2026-01-28,2.330908224116658e-07,1234156.2724449146,1234156.2724451476,0.0,0.2341562724451475
ma120_cash_top3,2026-01-29,2.331003305478623e-07,1238574.4664238477,1238574.4664240808,0.0,0.2385744664240807
ma120_cash_top3,2026-01-30,2.3310983907191045e-07,1150426.768302471,1150426.768302704,0.0,0.150426768302704
ma120_cash_top3,2026-02-02,1.1658994480967523e-07,1065448.1651564967,1065448.165156613,0.6769373346365396,0.0654481651566134
ma120_cash_top3,2026-02-03,1.1659470069436825e-07,1140423.7216647975,1140423.7216649144,0.0,0.1404237216649144
ma120_cash_top3,2026-02-04,1.1659945677306121e-07,1140434.6785981646,1140434.6785982812,0.0,0.1404346785982813
ma120_cash_top3,2026-02-05,1.1660421304576197e-07,1081386.1189994635,1081386.1189995804,0.0,0.0813861189995803
ma120_cash_top3,2026-02-06,1.1660896951247849e-07,1082511.2443341706,1082511.2443342872,0.0,0.0825112443342872
ma120_cash_top3,2026-02-09,1.1662324007680162e-07,1113551.9040514329,1113551.9040515495,0.0,0.1135519040515495
ma120_cash_top3,2026-02-10,1.1662799731966025e-07,1109130.567434268,1109130.5674343847,0.0,0.1091305674343847
ma120_cash_top3,2026-02-11,1.1663275475657421e-07,1123820.3708569796,1123820.3708570965,0.0,0.1238203708570961
ma120_cash_top3,2026-02-12,1.1663751238755137e-07,1141834.653301598,1141834.6533017147,0.0,0.1418346533017147
ma120_cash_top3,2026-02-13,1.1664227021259969e-07,1121601.146626643,1121601.1466267596,0.0,0.1216011466267594
ma120_cash_top3,2026-02-24,2.806191332638264e-07,1188921.174099513,1188921.174099794,1.2956953303251872,0.1889211740997938
ma120_cash_top3,2026-02-25,2.806305801535444e-07,1202638.7851511105,1202638.7851513908,0.0,0.2026387851513909
ma120_cash_top3,2026-02-26,2.806420275101987e-07,1266399.49058248,1266399.4905827604,0.0,0.2663994905827604
ma120_cash_top3,2026-02-27,2.806534753338085e-07,1258632.7716582597,1258632.7716585402,0.0,0.2586327716585401
ma120_cash_top3,2026-03-02,2.80687821606561e-07,1258055.2523585714,1258055.2523588522,0.0,0.2580552523588522
ma120_cash_top3,2026-03-03,2.8069927129818304e-07,1189806.87852741,1189806.878527691,0.0,0.1898068785276909
ma120_cash_top3,2026-03-04,2.8071072145685574e-07,1214689.83420306,1214689.8342033408,0.0,0.2146898342033407
ma120_cash_top3,2026-03-05,2.807221720825982e-07,1281002.4117088087,1281002.4117090895,0.0,0.2810024117090894
ma120_cash_top3,2026-03-06,2.807336231754295e-07,1286650.7076088514,1286650.7076091322,0.0,0.2866507076091322
ma120_cash_top3,2026-03-09,1.51012500282377e-08,1279887.0258289117,1279887.0258289268,0.0282311540253733,0.2798870258289267
ma120_cash_top3,2026-03-10,1.5101866031650106e-08,1300994.6972616336,1300994.6972616487,0.0,0.3009946972616486
ma120_cash_top3,2026-03-11,1.5102482060190247e-08,1288085.637600036,1288085.637600051,0.0,0.2880856376000509
ma120_cash_top3,2026-03-12,1.5103098113859146e-08,1272153.9050696832,1272153.9050696983,0.0,0.2721539050696984
ma120_cash_top3,2026-03-13,1.510371419265783e-08,1248175.1490669711,1248175.1490669865,0.0,0.2481751490669863
ma120_cash_top3,2026-03-16,1.5105562579842852e-08,1239797.6634061742,1239797.6634061893,0.0,0.2397976634061893
ma120_cash_top3,2026-03-17,1.5106178759170925e-08,1201025.297207411,1201025.297207426,0.0,0.201025297207426
ma120_cash_top3,2026-03-18,1.5106794963633913e-08,1231728.8477761163,1231728.8477761317,0.0,0.2317288477761314
ma120_cash_top3,2026-03-19,1.5107411193232832e-08,1199086.7257392013,1199086.7257392164,0.0,0.1990867257392163
ma120_cash_top3,2026-03-20,1.5108027447968714e-08,1177414.7793104176,1177414.7793104327,0.0,0.1774147793104328
ma120_cash_top3,2026-03-23,5.689798854291439e-09,1126795.5456296073,1126795.5456296129,0.0577824511446435,0.1267955456296128
ma120_cash_top3,2026-03-24,5.690030950012231e-09,1158832.6250568624,1158832.625056868,0.0,0.1588326250568679
ma120_cash_top3,2026-03-25,5.690263055200565e-09,1191360.836129516,1191360.8361295215,0.0,0.1913608361295218
ma120_cash_top3,2026-03-26,5.690495169856831e-09,1158187.8211375084,1158187.821137514,0.0,0.158187821137514
ma120_cash_top3,2026-03-27,5.690727293981414e-09,1164492.5844177797,1164492.584417785,0.0,0.1644925844177851
ma120_cash_top3,2026-03-30,5.6914237231689275e-09,1160389.2047184953,1160389.2047185008,0.0,0.1603892047185009
ma120_cash_top3,2026-03-31,5.69165588517064e-09,1122093.1836404002,1122093.1836404058,0.0,0.1220931836404057
ma120_cash_top3,2026-04-01,5.691888056642601e-09,1146017.556980393,1146017.5569803985,0.0,0.1460175569803983
ma120_cash_top3,2026-04-02,5.692120237585196e-09,1116091.4322040123,1116091.432204018,0.0,0.1160914322040178
ma120_cash_top3,2026-04-03,5.6923524279988135e-09,1108468.6138762285,1108468.613876234,0.0,0.108468613876234
ma120_cash_top3,2026-04-07,2.693850547075272e-07,1107216.8112764028,1107216.8112766722,1.3366708503128713,0.1072168112766722
ma120_cash_top3,2026-04-08,2.693960433417555e-07,1180270.6491517453,1180270.6491520146,0.0,0.1802706491520147
ma120_cash_top3,2026-04-09,2.694070324242273e-07,1184080.7531005284,1184080.7531007978,0.0,0.1840807531007977
ma120_cash_top3,2026-04-10,2.694180219549608e-07,1199513.4035256675,1199513.403525937,0.0,0.1995134035259371
ma120_cash_top3,2026-04-13,2.694509932369145e-07,1190995.4563834816,1190995.456383751,0.0,0.190995456383751
ma120_cash_top3,2026-04-14,2.694619845608777e-07,1208778.9533228746,1208778.953323144,0.0,0.2087789533231439
ma120_cash_top3,2026-04-15,2.694729763331941e-07,1203956.8592655286,1203956.859265798,0.0,0.2039568592657981
ma120_cash_top3,2026-04-16,2.69483968553882e-07,1235563.4014183148,1235563.4014185842,0.0,0.2355634014185841
ma120_cash_top3,2026-04-17,2.694949612229595e-07,1276703.6304701627,1276703.630470432,0.0,0.276703630470432
ma120_cash_top3,2026-04-20,3.495370037853718e-07,1294241.3259460456,1294241.325946395,0.6587952100611224,0.2942413259463949
ma120_cash_top3,2026-04-21,3.4955126194192777e-07,1293882.1223939883,1293882.122394338,0.0,0.293882122394338
ma120_cash_top3,2026-04-22,3.495655206800961e-07,1359637.010465127,1359637.0104654764,0.0,0.3596370104654764
ma120_cash_top3,2026-04-23,3.4957977999990045e-07,1342031.5742433383,1342031.574243688,0.0,0.3420315742436881
ma120_cash_top3,2026-04-24,3.495940399013646e-07,1289282.9459163048,1289282.9459166543,0.0,0.2892829459166544
ma120_cash_top3,2026-04-27,3.4963682309595297e-07,1304103.0521851953,1304103.052185545,0.0,0.304103052185545
ma120_cash_top3,2026-04-28,3.496510853242935e-07,1276392.152763364,1276392.1527637138,0.0,0.2763921527637138
ma120_cash_top3,2026-04-29,3.496653481344124e-07,1280887.425782275,1280887.4257826246,0.0,0.2808874257826246
ma120_cash_top3,2026-04-30,3.496796115263335e-07,1280964.7367907218,1280964.7367910717,0.0,0.2809647367910715
ma120_cash_top3,2026-05-06,4.5656634029001e-09,1309528.0317944232,1309528.031794428,0.0176468929042836,0.309528031794428
ma120_cash_top3,2026-05-07,4.565849643392166e-09,1365654.9007613442,1365654.900761349,0.0,0.365654900761349
ma120_cash_top3,2026-05-08,4.566035891481271e-09,1381908.845983154,1381908.8459831588,0.0,0.3819088459831588
ma120_cash_top3,2026-05-11,4.566594681333919e-09,1429482.147083091,1429482.1470830955,0.0,0.4294821470830958
ma120_cash_top3,2026-05-12,4.566780959814277e-09,1446264.6840001708,1446264.6840001754,0.0,0.4462646840001754
ma120_cash_top3,2026-05-13,4.566967245893224e-09,1499283.5461279077,1499283.5461279124,0.0,0.4992835461279123
ma120_cash_top3,2026-05-14,4.5671535395710696e-09,1480480.6286002137,1480480.6286002183,0.0,0.4804806286002183
ma120_cash_top3,2026-05-15,4.567339840848123e-09,1442991.611658333,1442991.611658338,0.0,0.4429916116583379
ma120_cash_top3,2026-05-18,3.883033059537411e-07,1417438.942079389,1417438.9420797774,0.6685227654261167,0.4174389420797773
ma120_cash_top3,2026-05-19,3.883191454478935e-07,1384327.098322059,1384327.0983224474,0.0,0.3843270983224474
ma120_cash_top3,2026-05-20,3.883349855881634e-07,1393519.4250884862,1393519.4250888743,0.0,0.3935194250888745
ma120_cash_top3,2026-05-21,3.883508263745772e-07,1363686.2536293685,1363686.2536297569,0.0,0.3636862536297569
ma120_cash_top3,2026-05-22,3.883666678071613e-07,1410169.3133786572,1410169.3133790456,0.0,0.4101693133790456
ma120_cash_top3,2026-05-25,3.884141959821986e-07,1474068.1749451254,1474068.1749455135,0.0,0.4740681749455138
ma120_cash_top3,2026-05-26,3.8843003999972723e-07,1472794.596340604,1472794.5963409925,0.0,0.4727945963409925
ma120_cash_top3,2026-05-27,3.8844588466355805e-07,1493867.470399229,1493867.4703996177,0.0,0.4938674703996175
ma120_cash_top3,2026-05-28,3.884617299737171e-07,1507980.8192753606,1507980.819275749,0.0,0.5079808192757489
ma120_cash_top3,2026-05-29,3.88477575930231e-07,1478176.7861950796,1478176.786195468,0.0,0.478176786195468
ma120_cash_top3,2026-06-01,3.591412678360939e-07,1432732.8072211724,1432732.8072215314,1.3751471444356094,0.4327328072215315
ma120_cash_top3,2026-06-02,3.591559177654778e-07,1518089.6458029968,1518089.645803356,0.0,0.5180896458033561
ma120_cash_top3,2026-06-03,3.591705682924551e-07,1584170.8790060966,1584170.879006456,0.0,0.5841708790064559
ma120_cash_top3,2026-06-04,3.591852194170501e-07,1590101.3515149588,1590101.351515318,0.0,0.590101351515318
ma120_cash_top3,2026-06-05,3.591998711392872e-07,1536771.0957979497,1536771.095798309,0.0,0.536771095798309
ma120_cash_top3,2026-06-08,3.592438298920949e-07,1480037.1661013856,1480037.1661017449,0.0,0.4800371661017448
ma120_cash_top3,2026-06-09,3.5925848400514415e-07,1564532.6059580774,1564532.6059584366,0.0,0.5645326059584366
ma120_cash_top3,2026-06-10,3.592731387159574e-07,1504687.2940987074,1504687.2940990666,0.0,0.5046872940990665
ma120_cash_top3,2026-06-11,3.592877940245591e-07,1482614.0452799518,1482614.045280311,0.0,0.4826140452803109
ma120_cash_top3,2026-06-12,3.593024499309735e-07,1469816.572412447,1469816.5724128063,0.0,0.4698165724128063
ma120_cash_top3,2026-06-15,3.614695742726326e-07,1555048.5582038185,1555048.5582041796,1.274816158347288,0.5550485582041795
ma120_cash_top3,2026-06-16,3.6148431917724765e-07,1575964.0422840582,1575964.0422844198,0.0,0.5759640422844197
ma120_cash_top3,2026-06-17,3.6149906468333e-07,1674152.251976219,1674152.2519765806,0.0,0.6741522519765806
ma120_cash_top3,2026-06-18,3.6151381079090454e-07,1711907.5663289733,1711907.5663293349,0.0,0.7119075663293348
ma120_cash_top3,2026-06-22,3.615728012366142e-07,1758169.849769709,1758169.8497700703,0.0,0.7581698497700706
ma120_cash_top3,2026-06-23,3.615875503520171e-07,1740972.8187904118,1740972.8187907734,0.0,0.7409728187907734
ma120_cash_top3,2026-06-24,3.616023000690593e-07,1814937.8512754715,1814937.8512758329,0.0,0.814937851275833
ma120_cash_top3,2026-06-25,3.616170503877654e-07,1869124.8654021083,1869124.8654024696,0.0,0.8691248654024699
ma120_cash_top3,2026-06-26,3.6163180130815997e-07,1871278.8984602515,1871278.898460613,0.0,0.871278898460613
ma120_cash_top3,2026-06-29,5.153706297278404e-07,2037666.759999548,2037666.760000064,0.6164740565889352,1.0376667600000635
ma120_cash_top3,2026-06-30,5.153916524952254e-07,2024262.240689886,2024262.2406904013,0.0,1.0242622406904016
