scenario,date,cash,position_value,total_equity,turnover,cum_return
no_category_cap,2023-06-30,1000000.0,0.0,1000000.0,0.0,0.0
no_category_cap,2023-07-03,1000122.3796452607,0.0,1000122.3796452607,0.0,0.00012237964526073952
no_category_cap,2023-07-04,1000163.1761884299,0.0,1000163.1761884299,0.0,0.00016317618842998094
no_category_cap,2023-07-05,1000203.9743957534,0.0,1000203.9743957534,0.0,0.00020397439575337017
no_category_cap,2023-07-06,1000244.7742672989,0.0,1000244.7742672989,0.0,0.0002447742672988529
no_category_cap,2023-07-07,1000285.5758031345,0.0,1000285.5758031345,0.0,0.0002855758031343747
no_category_cap,2023-07-10,2.58034560829401e-07,993078.2718076024,993078.2718078604,1.0066258371476902,-0.006921728192139653
no_category_cap,2023-07-11,2.580450864593782e-07,1010126.7100807386,1010126.7100809967,0.0,0.010126710080996748
no_category_cap,2023-07-12,2.580556125187121e-07,978502.2747479448,978502.2747482029,0.0,-0.021497725251797162
no_category_cap,2023-07-13,2.5806613900742033e-07,1010513.0760586946,1010513.0760589527,0.0,0.010513076058952686
no_category_cap,2023-07-14,2.5807666592552036e-07,1030306.714166201,1030306.714166459,0.0,0.030306714166459026
no_category_cap,2023-07-17,2.581082492563464e-07,1031223.351667563,1031223.351667821,0.0,0.031223351667821087
no_category_cap,2023-07-18,2.581187778921888e-07,1016084.3659338778,1016084.3659341359,0.0,0.01608436593413587
no_category_cap,2023-07-19,2.581293069575106e-07,1010815.3358345884,1010815.3358348465,0.0,0.010815335834846396
no_category_cap,2023-07-20,2.5813983645232925e-07,976459.2056428962,976459.2056431543,0.0,-0.02354079435684564
no_category_cap,2023-07-21,2.5815036637666234e-07,970942.0854688835,970942.0854691416,0.0,-0.029057914530858375
no_category_cap,2023-07-24,2.34867911785841e-07,966244.5859383149,966244.5859385498,1.3353339400520208,-0.03375541406145022
no_category_cap,2023-07-25,2.3487749241226955e-07,986542.2054062104,986542.2054064453,0.0,-0.013457794593554673
no_category_cap,2023-07-26,2.3488707342950672e-07,985298.5613626393,985298.5613628742,0.0,-0.014701438637125808
no_category_cap,2023-07-27,2.3489665483756844e-07,985329.7418542008,985329.7418544358,0.0,-0.014670258145564219
no_category_cap,2023-07-28,2.3490623663647065e-07,1015135.8317128238,1015135.8317130588,0.0,0.015135831713058767
no_category_cap,2023-07-31,2.3493498437837976e-07,1024285.9838776637,1024285.9838778987,0.0,0.024285983877898598
no_category_cap,2023-08-01,2.349445677408034e-07,1022196.4008242007,1022196.4008244356,0.0,0.022196400824435747
no_category_cap,2023-08-02,2.3495415149414726e-07,1009579.5808422378,1009579.5808424727,0.0,0.00957958084247279
no_category_cap,2023-08-03,2.349637356384273e-07,1019693.106926509,1019693.1069267439,0.0,0.019693106926743864
no_category_cap,2023-08-04,2.3497332017365943e-07,1020637.008656994,1020637.0086572289,0.0,0.02063700865722895
no_category_cap,2023-08-07,7.459675543941557e-09,1010012.1802480331,1010012.1802480406,0.017558140698264522,0.010012180248040625
no_category_cap,2023-08-08,7.459979835677799e-09,1008665.2659712083,1008665.2659712158,0.0,0.008665265971215863
no_category_cap,2023-08-09,7.460284139826573e-09,1007202.713966196,1007202.7139662035,0.0,0.007202713966203422
no_category_cap,2023-08-10,7.460588456388384e-09,1009544.6166042837,1009544.6166042911,0.0,0.009544616604291178
no_category_cap,2023-08-11,7.46089278536374e-09,988516.2145752485,988516.214575256,0.0,-0.011483785424744042
no_category_cap,2023-08-14,7.46180584677614e-09,982166.4228169735,982166.422816981,0.0,-0.017833577183019034
no_category_cap,2023-08-15,7.46211022541074e-09,994270.3223846832,994270.3223846906,0.0,-0.005729677615309403
no_category_cap,2023-08-16,7.462414616461414e-09,993588.8838966135,993588.883896621,0.0,-0.0064111161033790776
no_category_cap,2023-08-17,7.462719019928672e-09,990777.375405106,990777.3754051134,0.0,-0.009222624594886542
no_category_cap,2023-08-18,7.463023435813019e-09,988083.5468514565,988083.546851464,0.0,-0.011916453148536066
no_category_cap,2023-08-21,1.3324097380973399e-10,973834.6499902704,973834.6499902705,0.008830218850051724,-0.026165350009729527
no_category_cap,2023-08-22,1.3324640891572758e-10,982543.4362678728,982543.4362678729,0.0,-0.017456563732127117
no_category_cap,2023-08-23,1.3325184424342758e-10,977652.3159883198,977652.3159883199,0.0,-0.02234768401168008
no_category_cap,2023-08-24,1.3325727979284303e-10,970027.3324144436,970027.3324144437,0.0,-0.02997266758555628
no_category_cap,2023-08-25,1.3326271556398294e-10,975411.8190844323,975411.8190844324,0.0,-0.02458818091556758
no_category_cap,2023-08-28,1.3327902420784015e-10,991411.249538385,991411.2495383851,0.0,-0.008588750461614891
no_category_cap,2023-08-29,1.332844608659685e-10,983636.7936750846,983636.7936750847,0.0,-0.01636320632491528
no_category_cap,2023-08-30,1.3328989774586656e-10,972623.3057306074,972623.3057306075,0.0,-0.027376694269392488
no_category_cap,2023-08-31,1.3329533484754337e-10,967801.3133996364,967801.3133996365,0.0,-0.03219868660036351
no_category_cap,2023-09-01,1.33300772171008e-10,978457.4431579104,978457.4431579105,0.0,-0.0215425568420895
no_category_cap,2023-09-04,2.6135239750146866e-07,988696.987375661,988696.9873759224,0.6695305322388921,-0.011303012624077624
no_category_cap,2023-09-05,2.6136305847115e-07,983932.3054742593,983932.3054745207,0.0,-0.016067694525479292
no_category_cap,2023-09-06,2.6137371987570883e-07,983505.398469782,983505.3984700433,0.0,-0.016494601529956632
no_category_cap,2023-09-07,2.6138438171516287e-07,977116.9090941758,977116.9090944371,0.0,-0.022883090905562842
no_category_cap,2023-09-08,2.613950439895299e-07,971563.4606286167,971563.4606288781,0.0,-0.028436539371121894
no_category_cap,2023-09-11,2.6142703342228623e-07,980852.5280835798,980852.5280838413,0.0,-0.01914747191615873
no_category_cap,2023-09-12,2.6143769743648254e-07,979312.63938824,979312.6393885014,0.0,-0.020687360611498562
no_category_cap,2023-09-13,2.6144836188568056e-07,978183.5182039893,978183.5182042507,0.0,-0.021816481795749243
no_category_cap,2023-09-14,2.6145902676989797e-07,987870.6746136881,987870.6746139496,0.0,-0.012129325386050382
no_category_cap,2023-09-15,2.6146969208915257e-07,984748.5732853984,984748.5732856599,0.0,-0.0152514267143401
no_category_cap,2023-09-18,8.594724931754172e-10,984230.5856941498,984230.5856941506,0.005880699377009166,-0.015769414305849327
no_category_cap,2023-09-19,8.595075523915533e-10,985874.733728942,985874.7337289428,0.0,-0.014125266271057146
no_category_cap,2023-09-20,8.595426130378092e-10,990623.6931654578,990623.6931654586,0.0,-0.009376306834541381
no_category_cap,2023-09-21,8.595776751142432e-10,986033.5208198575,986033.5208198583,0.0,-0.013966479180141711
no_category_cap,2023-09-22,8.596127386209137e-10,988583.6010670809,988583.6010670817,0.0,-0.011416398932918348
no_category_cap,2023-09-25,8.597179377229277e-10,988282.3944623069,988282.3944623077,0.0,-0.0117176055376923
no_category_cap,2023-09-26,8.597530069511276e-10,982928.1661943545,982928.1661943553,0.0,-0.0170718338056447
no_category_cap,2023-09-27,8.597880776098556e-10,977267.0200778507,977267.0200778515,0.0,-0.02273297992214851
no_category_cap,2023-09-28,8.598231496991703e-10,974292.4395481544,974292.4395481552,0.0,-0.025707560451844857
no_category_cap,2023-10-09,2.6531051844358444e-07,969732.1396004801,969732.1396007454,0.667318643906266,-0.030267860399254554
no_category_cap,2023-10-10,2.653213408711585e-07,958227.0298501312,958227.0298503966,0.0,-0.04177297014960346
no_category_cap,2023-10-11,2.6533216374019617e-07,953088.8169233149,953088.8169235802,0.0,-0.04691118307641973
no_category_cap,2023-10-12,2.6534298705071546e-07,969708.9728346665,969708.9728349318,0.0,-0.030291027165068152
no_category_cap,2023-10-13,2.653538108027344e-07,967332.8850027564,967332.8850030217,0.0,-0.032667114996978275
no_category_cap,2023-10-16,2.6538628470796897e-07,968834.7011643795,968834.7011646449,0.0,-0.031165298835355126
no_category_cap,2023-10-17,2.6539711022616646e-07,974521.6961566224,974521.6961568878,0.0,-0.025478303843112227
no_category_cap,2023-10-18,2.6540793618595367e-07,966751.6740430472,966751.6740433127,0.0,-0.03324832595668736
no_category_cap,2023-10-19,2.6541876258734854e-07,942158.935860941,942158.9358612064,0.0,-0.05784106413879364
no_category_cap,2023-10-20,2.6542958943036914e-07,936919.020158381,936919.0201586464,0.0,-0.06308097984135363
no_category_cap,2023-10-23,5.3958501666784286e-08,928006.7912112281,928006.7912112821,0.6734342033214413,-0.07199320878871784
no_category_cap,2023-10-24,5.396070271776304e-08,928939.0451253653,928939.0451254193,0.0,-0.07106095487458075
no_category_cap,2023-10-25,5.3962903858526076e-08,933300.055680361,933300.055680415,0.0,-0.06669994431958504
no_category_cap,2023-10-26,5.396510508907706e-08,942836.5245486883,942836.5245487423,0.0,-0.05716347545125766
no_category_cap,2023-10-27,5.396730640941965e-08,945215.168412423,945215.168412477,0.0,-0.05478483158752301
no_category_cap,2023-10-30,5.3973910909233715e-08,931168.100026933,931168.100026987,0.0,-0.06883189997301298
no_category_cap,2023-10-31,5.397611258877937e-08,930919.042306799,930919.042306853,0.0,-0.06908095769314704
no_category_cap,2023-11-01,5.397831435813494e-08,931492.4162890041,931492.4162890582,0.0,-0.06850758371094179
no_category_cap,2023-11-02,5.398051621730411e-08,935446.3321568419,935446.3321568959,0.0,-0.06455366784310412
no_category_cap,2023-11-03,5.3982718166290524e-08,932290.6377753132,932290.6377753672,0.0,-0.06770936222463275
no_category_cap,2023-11-06,1.973239704966545e-07,952865.1926944619,952865.1926946592,1.9533432623110012,-0.04713480730534081
no_category_cap,2023-11-07,1.9733201964748297e-07,951125.1606272685,951125.1606274658,0.0,-0.04887483937253423
no_category_cap,2023-11-08,1.9734006912664877e-07,953188.4338355092,953188.4338357066,0.0,-0.046811566164293494
no_category_cap,2023-11-09,1.973481189341653e-07,943402.4249297444,943402.4249299418,0.0,-0.05659757507005825
no_category_cap,2023-11-10,1.9735616907004596e-07,938217.879730456,938217.8797306534,0.0,-0.061782120269346597
no_category_cap,2023-11-13,1.9738032144800677e-07,931611.571394233,931611.5713944304,0.0,-0.0683884286055696
no_category_cap,2023-11-14,1.9738837289747793e-07,930057.401976022,930057.4019762195,0.0,-0.06994259802378056
no_category_cap,2023-11-15,1.9739642467538022e-07,941686.6349410098,941686.6349412072,0.0,-0.05831336505879281
no_category_cap,2023-11-16,1.97404476781727e-07,922572.1249234955,922572.1249236929,0.0,-0.0774278750763071
no_category_cap,2023-11-17,1.9741252921653167e-07,928171.5346034917,928171.5346036891,0.0,-0.07182846539631094
no_category_cap,2023-11-20,2.2462336346507072e-07,919129.3422181775,919129.3422184021,1.3412675178093654,-0.08087065778159797
no_category_cap,2023-11-21,2.2463252620048282e-07,915115.9525791986,915115.9525794233,0.0,-0.08488404742057665
no_category_cap,2023-11-22,2.246416893096571e-07,907731.6257787866,907731.6257790113,0.0,-0.09226837422098866
no_category_cap,2023-11-23,2.2465085279260881e-07,916554.1359304737,916554.1359306984,0.0,-0.08344586406930166
no_category_cap,2023-11-24,2.2466001664935323e-07,918562.083867454,918562.0838676787,0.0,-0.08143791613232132
no_category_cap,2023-11-27,2.2468751046249505e-07,924477.6076026192,924477.6076028439,0.0,-0.07552239239715608
no_category_cap,2023-11-28,2.2469667581456266e-07,926156.7157888665,926156.7157890912,0.0,-0.0738432842109088
no_category_cap,2023-11-29,2.247058415404992e-07,929431.2830163105,929431.2830165352,0.0,-0.07056871698346479
no_category_cap,2023-11-30,2.247150076403199e-07,927347.0338013071,927347.0338015318,0.0,-0.07265296619846828
no_category_cap,2023-12-01,2.2472417411404006e-07,929631.7574909107,929631.7574911354,0.0,-0.07036824250886464
no_category_cap,2023-12-04,2.2596213966608047e-07,925222.4420350539,925222.4420352798,1.3393553358858605,-0.07477755796472019
no_category_cap,2023-12-05,2.259713570122504e-07,907486.4159844909,907486.4159847168,0.0,-0.0925135840152832
no_category_cap,2023-12-06,2.2598057473441018e-07,911709.3735636678,911709.3735638937,0.0,-0.0882906264361063
no_category_cap,2023-12-07,2.2598979283257514e-07,903127.4539115531,903127.4539117791,0.0,-0.09687254608822093
no_category_cap,2023-12-08,2.2599901130676063e-07,904525.1138656195,904525.1138658455,0.0,-0.09547488613415456
no_category_cap,2023-12-11,2.2602666898559362e-07,919308.2637271121,919308.2637273382,0.0,-0.0806917362726618
no_category_cap,2023-12-12,2.2603588896401457e-07,919837.0069706741,919837.0069709002,0.0,-0.0801629930290998
no_category_cap,2023-12-13,2.2604510931853276e-07,912607.3712499754,912607.3712502015,0.0,-0.08739262874979847
no_category_cap,2023-12-14,2.260543300491635e-07,914278.771820554,914278.7718207801,0.0,-0.0857212281792199
no_category_cap,2023-12-15,2.2606355115592216e-07,903899.7900904405,903899.7900906666,0.0,-0.09610020990933343
no_category_cap,2023-12-18,8.19636625237763e-09,901307.1305354098,901307.1305354179,0.021077454168271014,-0.09869286946458211
no_category_cap,2023-12-19,8.196700594870558e-09,896764.7665373269,896764.766537335,0.0,-0.10323523346266494
no_category_cap,2023-12-20,8.197034951001836e-09,894752.1651979205,894752.1651979287,0.0,-0.10524783480207134
no_category_cap,2023-12-21,8.19736932077202e-09,897985.8555706656,897985.8555706737,0.0,-0.10201414442932633
no_category_cap,2023-12-22,8.197703704181664e-09,897587.575705935,897587.5757059432,0.0,-0.10241242429405684
no_category_cap,2023-12-25,8.198706936252934e-09,902148.1118469853,902148.1118469934,0.0,-0.0978518881530066
no_category_cap,2023-12-26,8.19904137422599e-09,892917.8509219706,892917.8509219787,0.0,-0.10708214907802127
no_category_cap,2023-12-27,8.199375825841288e-09,900474.2265200147,900474.2265200228,0.0,-0.09952577347997715
no_category_cap,2023-12-28,8.199710291099387e-09,900137.5958366268,900137.595836635,0.0,-0.099862404163365
no_category_cap,2023-12-29,8.200044770000843e-09,907327.4809325801,907327.4809325882,0.0,-0.09267251906741181
no_category_cap,2024-01-02,5.51808625459671e-08,911340.2271560451,911340.2271561003,1.3319967932822359,-0.0886597728438997
no_category_cap,2024-01-03,5.5183113458942136e-08,899607.9895751406,899607.9895751958,0.0,-0.10039201042480417
no_category_cap,2024-01-04,5.51853644637354e-08,895613.7854281918,895613.785428247,0.0,-0.10438621457175301
no_category_cap,2024-01-05,5.5187615560350647e-08,888288.0355000258,888288.035500081,0.0,-0.11171196449991894
no_category_cap,2024-01-08,5.519436940116571e-08,872327.1472074385,872327.1472074937,0.0,-0.1276728527925063
no_category_cap,2024-01-09,5.519662086510632e-08,878690.7002775922,878690.7002776474,0.0,-0.1213092997223526
no_category_cap,2024-01-10,5.5198872420887636e-08,866069.316326208,866069.3163262631,0.0,-0.13393068367373684
no_category_cap,2024-01-11,5.5201124068513404e-08,869523.6934360419,869523.6934360971,0.0,-0.13047630656390286
no_category_cap,2024-01-12,5.5203375807987374e-08,861967.4961690637,861967.4961691189,0.0,-0.13803250383088106
no_category_cap,2024-01-15,2.0791776478290558e-07,861462.073897541,861462.073897749,1.3248678027385934,-0.13853792610225102
no_category_cap,2024-01-16,2.0792624607103515e-07,862988.915677036,862988.915677244,0.0,-0.137011084322756
no_category_cap,2024-01-17,2.079347277051296e-07,851531.4097451256,851531.4097453335,0.0,-0.14846859025466652
no_category_cap,2024-01-18,2.0794320968520308e-07,846019.3340895083,846019.3340897162,0.0,-0.1539806659102838
no_category_cap,2024-01-19,2.0795169201126967e-07,837721.5612792447,837721.5612794526,0.0,-0.16227843872054737
no_category_cap,2024-01-22,2.0797714106556937e-07,809716.6297030153,809716.6297032234,0.0,-0.19028337029677667
no_category_cap,2024-01-23,2.079856247757496e-07,818528.666069115,818528.6660693231,0.0,-0.18147133393067694
no_category_cap,2024-01-24,2.0799410883199353e-07,838292.8278691676,838292.8278693756,0.0,-0.16170717213062447
no_category_cap,2024-01-25,2.0800259323431527e-07,865544.7475906122,865544.7475908202,0.0,-0.13445525240917977
no_category_cap,2024-01-26,2.0801107798272896e-07,875815.8870470616,875815.8870472696,0.0,-0.12418411295273035
no_category_cap,2024-01-29,2.39349901676178e-07,875807.3181499182,875807.3181501576,0.6655576707386426,-0.12419268184984245
no_category_cap,2024-01-30,2.393596651299262e-07,868511.8873478423,868511.8873480817,0.0,-0.1314881126519183
no_category_cap,2024-01-31,2.393694289819409e-07,866723.9976752497,866723.997675489,0.0,-0.13327600232451098
no_category_cap,2024-02-01,2.393791932322382e-07,856062.1108576094,856062.1108578488,0.0,-0.14393788914215122
no_category_cap,2024-02-02,2.393889578808345e-07,855894.9291307421,855894.9291309814,0.0,-0.14410507086901858
no_category_cap,2024-02-05,2.3941825421657926e-07,861784.3935831868,861784.3935834263,0.0,-0.1382156064165737
no_category_cap,2024-02-06,2.3942802045853365e-07,872229.8822137833,872229.8822140228,0.0,-0.12777011778597724
no_category_cap,2024-02-07,2.394377870988682e-07,886059.254121708,886059.2541219475,0.0,-0.11394074587805259
no_category_cap,2024-02-08,2.394475541375992e-07,886878.9119649604,886878.9119651999,0.0,-0.11312108803480014
no_category_cap,2024-02-19,2.389424480497837e-07,909100.8019421733,909100.8019424123,0.6538615976763849,-0.09089919805758773
no_category_cap,2024-02-20,2.3895219488286654e-07,917147.7877446187,917147.7877448577,0.0,-0.08285221225514228
no_category_cap,2024-02-21,2.389619421135378e-07,918956.3244558102,918956.3244560492,0.0,-0.08104367554395076
no_category_cap,2024-02-22,2.3897168974181373e-07,940193.3505709462,940193.3505711852,0.0,-0.05980664942881475
no_category_cap,2024-02-23,2.3898143776771055e-07,933685.0842426156,933685.0842428546,0.0,-0.06631491575714543
no_category_cap,2024-02-26,2.3901068423128845e-07,912873.111388471,912873.11138871,0.0,-0.08712688861129003
no_category_cap,2024-02-27,2.3902043384783097e-07,916437.1201378728,916437.1201381118,0.0,-0.08356287986188826
no_category_cap,2024-02-28,2.390301838620755e-07,913158.9734971866,913158.9734974256,0.0,-0.08684102650257441
no_category_cap,2024-02-29,2.3903993427403816e-07,918891.7760940162,918891.7760942552,0.0,-0.08110822390574479
no_category_cap,2024-03-01,2.390496850837353e-07,925028.3015972979,925028.3015975369,0.0,-0.0749716984024631
no_category_cap,2024-03-04,3.155946615152061e-09,933823.6270448689,933823.627044872,0.02496072864435336,-0.06617637295512802
no_category_cap,2024-03-05,3.1560753511097247e-09,942529.9412714321,942529.9412714352,0.0,-0.05747005872856481
no_category_cap,2024-03-06,3.156204092318728e-09,942377.5933992648,942377.593399268,0.0,-0.057622406600732035
no_category_cap,2024-03-07,3.1563328387792847e-09,949451.1625386421,949451.1625386452,0.0,-0.050548837461354745
no_category_cap,2024-03-08,3.156461590491609e-09,947497.4649304859,947497.4649304891,0.0,-0.05250253506951097
no_category_cap,2024-03-11,3.1568478771413324e-09,933159.2880390728,933159.2880390759,0.0,-0.06684071196092412
no_category_cap,2024-03-12,3.1569766498628706e-09,909498.6533079171,909498.6533079202,0.0,-0.09050134669207976
no_category_cap,2024-03-13,3.157105427837248e-09,905310.1054660943,905310.1054660975,0.0,-0.09468989453390253
no_category_cap,2024-03-14,3.1572342110646784e-09,907588.1802548266,907588.1802548297,0.0,-0.09241181974517032
no_category_cap,2024-03-15,3.1573629995453766e-09,906422.5933977037,906422.5933977069,0.0,-0.09357740660229319
no_category_cap,2024-03-18,2.4674227461218834e-07,899711.3301939273,899711.3301941741,0.669111928021677,-0.10028866980582596
no_category_cap,2024-03-19,2.4675233961229505e-07,894367.9179941067,894367.9179943535,0.0,-0.10563208200564655
no_category_cap,2024-03-20,2.4676240502296874e-07,894077.7367448683,894077.7367451151,0.0,-0.10592226325488485
no_category_cap,2024-03-21,2.4677247084422614e-07,897299.4827208853,897299.4827211321,0.0,-0.10270051727886786
no_category_cap,2024-03-22,2.4678253707608403e-07,892012.7710163957,892012.7710166425,0.0,-0.10798722898335755
no_category_cap,2024-03-25,2.4681273823542794e-07,893155.6704096112,893155.670409858,0.0,-0.106844329590142
no_category_cap,2024-03-26,2.4682280610985514e-07,894366.2426929246,894366.2426931714,0.0,-0.10563375730682867
no_category_cap,2024-03-27,2.468328743949666e-07,893010.5741769557,893010.5741772025,0.0,-0.10698942582279747
no_category_cap,2024-03-28,2.46842943090779e-07,891526.5875261491,891526.5875263959,0.0,-0.10847341247360409
no_category_cap,2024-03-29,2.468530121973091e-07,900655.9466818355,900655.9466820823,0.0,-0.09934405331791774
no_category_cap,2024-04-01,2.459273673593998e-07,904911.250322883,904911.2503231289,0.6635055399195976,-0.09508874967687109
no_category_cap,2024-04-02,2.459373991181757e-07,908864.4720555462,908864.4720557922,0.0,-0.09113552794420776
no_category_cap,2024-04-03,2.4594743128616256e-07,910202.3781278963,910202.3781281423,0.0,-0.08979762187185769
no_category_cap,2024-04-08,2.4599759826484627e-07,921099.2156100421,921099.2156102881,0.0,-0.07890078438971193
no_category_cap,2024-04-09,2.460076328884497e-07,914740.4735067494,914740.4735069954,0.0,-0.08525952649300461
no_category_cap,2024-04-10,2.46017667921381e-07,916754.7091345338,916754.7091347798,0.0,-0.08324529086522026
no_category_cap,2024-04-11,2.4602770336365683e-07,923859.1228276067,923859.1228278527,0.0,-0.07614087717214724
no_category_cap,2024-04-12,2.4603773921529397e-07,917816.9005212823,917816.9005215283,0.0,-0.08218309947847169
no_category_cap,2024-04-15,2.2328458726406097e-07,919273.8921581756,919273.8921583989,1.3340106059986274,-0.08072610784160117
no_category_cap,2024-04-16,2.2329369538871524e-07,897290.8279706175,897290.8279708407,0.0,-0.1027091720291593
no_category_cap,2024-04-17,2.2330280388490403e-07,910782.1932312612,910782.1932314845,0.0,-0.08921780676851554
no_category_cap,2024-04-18,2.2331191275264251e-07,917499.3895046486,917499.3895048719,0.0,-0.08250061049512813
no_category_cap,2024-04-19,2.2332102199194585e-07,916445.0403311574,916445.0403313807,0.0,-0.08355495966861937
no_category_cap,2024-04-22,2.233483519393965e-07,908216.1089178192,908216.1089180426,0.0,-0.09178389108195739
no_category_cap,2024-04-23,2.2335746266511077e-07,880093.0367240197,880093.0367242431,0.0,-0.1199069632757569
no_category_cap,2024-04-24,2.2336657376246568e-07,894604.5228122334,894604.5228124568,0.0,-0.10539547718754316
no_category_cap,2024-04-25,2.233756852314764e-07,897105.8877155484,897105.8877157718,0.0,-0.10289411228422818
no_category_cap,2024-04-26,2.2338479707215804e-07,909455.7100974787,909455.7100977021,0.0,-0.0905442899022979
no_category_cap,2024-04-29,2.2043241187930107e-07,906223.8898701475,906223.889870368,1.3340415184818626,-0.09377611012963205
no_category_cap,2024-04-30,2.2044140365929735e-07,914548.9901507685,914548.990150989,0.0,-0.085451009849011
no_category_cap,2024-05-06,2.2049536204236044e-07,917919.5977439452,917919.5977441657,0.0,-0.08208040225583435
no_category_cap,2024-05-07,2.205043563901915e-07,912807.4614523009,912807.4614525214,0.0,-0.08719253854747866
no_category_cap,2024-05-08,2.2051335110491595e-07,909524.0248483196,909524.0248485401,0.0,-0.09047597515145989
no_category_cap,2024-05-09,2.2052234618654877e-07,914190.2681500672,914190.2681502877,0.0,-0.0858097318497123
no_category_cap,2024-05-10,2.2053134163510493e-07,924071.2742384835,924071.274238704,0.0,-0.07592872576129595
no_category_cap,2024-05-13,3.1956005841493607e-08,928235.9007068682,928235.9007069,0.6678156195260315,-0.0717640992930999
no_category_cap,2024-05-14,3.1957309376539274e-08,931424.3405678056,931424.3405678376,0.0,-0.06857565943216237
no_category_cap,2024-05-15,3.195861296475816e-08,928119.0812349942,928119.0812350262,0.0,-0.07188091876497371
no_category_cap,2024-05-16,3.1959916606152437e-08,928586.3233745008,928586.3233745329,0.0,-0.07141367662546716
no_category_cap,2024-05-17,3.196122030072426e-08,938594.3797700433,938594.3797700753,0.0,-0.061405620229924684
no_category_cap,2024-05-20,3.196513170352676e-08,947680.0440316834,947680.0440317154,0.0,-0.05231995596828465
no_category_cap,2024-05-21,3.19664356108305e-08,946071.8949329117,946071.8949329437,0.0,-0.05392810506705625
no_category_cap,2024-05-22,3.1967739571322636e-08,945247.8451426679,945247.8451426999,0.0,-0.05475215485730012
no_category_cap,2024-05-23,3.196904358500535e-08,927407.3564048586,927407.3564048907,0.0,-0.07259264359510931
no_category_cap,2024-05-24,3.1970347651880794e-08,928973.94983914,928973.9498391721,0.0,-0.07102605016082797
no_category_cap,2024-05-27,1.1688098311424255e-07,936200.652474062,936200.6524741789,0.6753932113902682,-0.06379934752582106
no_category_cap,2024-05-28,1.1688575087083947e-07,936618.0838177837,936618.0838179006,0.0,-0.06338191618209943
no_category_cap,2024-05-29,1.1689051882192056e-07,938658.1682329593,938658.1682330762,0.0,-0.06134183176692376
no_category_cap,2024-05-30,1.1689528696749378e-07,926801.9188392749,926801.9188393918,0.0,-0.07319808116060822
no_category_cap,2024-05-31,1.1690005530756706e-07,927490.4373691513,927490.4373692682,0.0,-0.07250956263073183
no_category_cap,2024-06-03,1.1691436149486656e-07,916174.8143295867,916174.8143297036,0.0,-0.0838251856702964
no_category_cap,2024-06-04,1.1691913061301938e-07,923589.7246895566,923589.7246896735,0.0,-0.07641027531032651
no_category_cap,2024-06-05,1.1692389992571193e-07,907823.9928466168,907823.9928467337,0.0,-0.09217600715326635
no_category_cap,2024-06-06,1.1692866943295215e-07,910214.7011140722,910214.7011141891,0.0,-0.08978529888581088
no_category_cap,2024-06-07,1.1693343913474797e-07,915318.439872712,915318.4398728289,0.0,-0.0846815601271711
no_category_cap,2024-06-11,2.2078165784478188e-07,896380.0485974228,896380.0485976436,1.3537078456990683,-0.10361995140235636
no_category_cap,2024-06-12,2.207906638710628e-07,899393.2636438825,899393.2636441033,0.0,-0.10060673635589668
no_category_cap,2024-06-13,2.207996702647135e-07,896915.4834260938,896915.4834263147,0.0,-0.10308451657368534
no_category_cap,2024-06-14,2.2080867702574898e-07,894889.1093544611,894889.1093546819,0.0,-0.10511089064531809
no_category_cap,2024-06-17,2.2083569951331388e-07,884408.9055572017,884408.9055574225,0.0,-0.11559109444257742
no_category_cap,2024-06-18,2.2084470774403828e-07,886307.4231679267,886307.4231681476,0.0,-0.11369257683185241
no_category_cap,2024-06-19,2.2085371634222238e-07,888199.4007414891,888199.40074171,0.0,-0.11180059925829
no_category_cap,2024-06-20,2.2086272530788117e-07,887465.3722951114,887465.3722953323,0.0,-0.11253462770466771
no_category_cap,2024-06-21,2.2087173464102965e-07,888866.4886244908,888866.4886247116,0.0,-0.11113351137528837
no_category_cap,2024-06-24,2.4226028472185135e-07,884608.5192188865,884608.5192191288,0.6683738576516463,-0.11539148078087125
no_category_cap,2024-06-25,2.4227016689463835e-07,888886.7299313897,888886.7299316319,0.0,-0.11111327006836802
no_category_cap,2024-06-26,2.422800494705345e-07,889992.1478202138,889992.1478204561,0.0,-0.1100078521795439
no_category_cap,2024-06-27,2.422899324495563e-07,894242.8581132011,894242.8581134434,0.0,-0.1057571418865566
no_category_cap,2024-06-28,2.422998158317201e-07,901852.6006160697,901852.600616312,0.0,-0.098147399383688
no_category_cap,2024-07-01,2.4232946839722833e-07,912726.2949960846,912726.294996327,0.0,-0.08727370500367293
no_category_cap,2024-07-02,2.4233935339212476e-07,919021.7687226607,919021.7687229031,0.0,-0.08097823127709691
no_category_cap,2024-07-03,2.423492387902455e-07,912285.2686714812,912285.2686717235,0.0,-0.08771473132827645
no_category_cap,2024-07-04,2.4235912459160694e-07,912879.8904539398,912879.8904541822,0.0,-0.08712010954581784
no_category_cap,2024-07-05,2.4236901079622556e-07,902311.0949331096,902311.094933352,0.0,-0.09768890506664807
no_category_cap,2024-07-08,1.1257361620664597e-07,906044.655970651,906044.6559707635,0.6663051496625931,-0.09395534402923644
no_category_cap,2024-07-09,1.125782082590655e-07,914248.6576825003,914248.6576826129,0.0,-0.08575134231738712
no_category_cap,2024-07-10,1.1258280049880197e-07,915040.3576409305,915040.357641043,0.0,-0.08495964235895692
no_category_cap,2024-07-11,1.1258739292586303e-07,915009.4189529363,915009.4189530489,0.0,-0.08499058104695112
no_category_cap,2024-07-12,1.125919855402563e-07,927943.1456487908,927943.1456489033,0.0,-0.07205685435109666
no_category_cap,2024-07-15,1.1260576450750593e-07,936757.6015263316,936757.6015264442,0.0,-0.06324239847355584
no_category_cap,2024-07-16,1.1261035787130453e-07,935519.1426518571,935519.1426519697,0.0,-0.06448085734803033
no_category_cap,2024-07-17,1.1261495142247355e-07,939500.0323985866,939500.0323986992,0.0,-0.06049996760130083
no_category_cap,2024-07-18,1.1261954516102066e-07,941189.4125872946,941189.4125874072,0.0,-0.05881058741259282
no_category_cap,2024-07-19,1.1262413908695348e-07,941899.5455016037,941899.5455017163,0.0,-0.058100454498283716
no_category_cap,2024-07-22,1.271700966753997e-09,929499.8629663673,929499.8629663686,0.0035601775501263953,-0.07050013703363145
no_category_cap,2024-07-23,1.2717528414089834e-09,931296.0850101534,931296.0850101546,0.0,-0.0687039149898454
no_category_cap,2024-07-24,1.2718047181800176e-09,931255.341659636,931255.3416596373,0.0,-0.0687446583403627
no_category_cap,2024-07-25,1.2718565970671858e-09,922749.4026246101,922749.4026246114,0.0,-0.07725059737538864
no_category_cap,2024-07-26,1.2719084780705742e-09,913543.7024675168,913543.702467518,0.0,-0.08645629753248196
no_category_cap,2024-07-29,1.2720641337789246e-09,921428.2812880359,921428.2812880372,0.0,-0.07857171871196278
no_category_cap,2024-07-30,1.2721160232480574e-09,916736.8142340484,916736.8142340496,0.0,-0.08326318576595038
no_category_cap,2024-07-31,1.2721679148338422e-09,917323.149412901,917323.1494129023,0.0,-0.08267685058709773
no_category_cap,2024-08-01,1.2722198085363653e-09,917124.4480509735,917124.4480509748,0.0,-0.0828755519490253
no_category_cap,2024-08-02,1.272271704355713e-09,912805.1275921173,912805.1275921186,0.0,-0.08719487240788137
no_category_cap,2024-08-05,2.487795427441597e-07,904786.1783632224,904786.1783634712,0.6711026622538575,-0.0952138216365288
no_category_cap,2024-08-06,2.4878969084759356e-07,895147.3250347192,895147.325034968,0.0,-0.10485267496503203
no_category_cap,2024-08-07,2.487998393649843e-07,896187.3205091042,896187.320509353,0.0,-0.1038126794906471
no_category_cap,2024-08-08,2.488099882963488e-07,898296.8348739428,898296.8348741916,0.0,-0.10170316512580846
no_category_cap,2024-08-09,2.4882013764170395e-07,902541.3019942767,902541.3019945255,0.0,-0.09745869800547458
no_category_cap,2024-08-12,2.4885058816188226e-07,900192.9100665402,900192.9100667891,0.0,-0.09980708993321086
no_category_cap,2024-08-13,2.488607391633689e-07,904168.9762079075,904168.9762081564,0.0,-0.0958310237918436
no_category_cap,2024-08-14,2.4887089057893064e-07,903904.6602543534,903904.6602546023,0.0,-0.09609533974539763
no_category_cap,2024-08-15,2.4888104240858435e-07,915781.9818971421,915781.981897391,0.0,-0.08421801810260898
no_category_cap,2024-08-16,2.4889119465234697e-07,926648.8314816148,926648.8314818637,0.0,-0.07335116851813628
no_category_cap,2024-08-19,2.772253537841607e-10,942561.1368406853,942561.1368406855,0.0009727160616110665,-0.05743886315931446
no_category_cap,2024-08-20,2.7723666223634956e-10,945795.0964424108,945795.0964424111,0.0,-0.05420490355758889
no_category_cap,2024-08-21,2.7724797114982774e-10,939142.6092762682,939142.6092762684,0.0,-0.06085739072373164
no_category_cap,2024-08-22,2.7725928052461405e-10,947899.9299196277,947899.929919628,0.0,-0.052100070080371985
no_category_cap,2024-08-23,2.7727059036072727e-10,953213.9959037947,953213.9959037949,0.0,-0.04678600409620515
no_category_cap,2024-08-26,2.7730452263721685e-10,952945.3188908021,952945.3188908023,0.0,-0.04705468110919764
no_category_cap,2024-08-27,2.7731583431882606e-10,956925.9275759803,956925.9275759805,0.0,-0.043074072424019505
no_category_cap,2024-08-28,2.773271464618563e-10,949447.6461590712,949447.6461590715,0.0,-0.05055235384092849
no_category_cap,2024-08-29,2.773384590663264e-10,919547.861607107,919547.8616071072,0.0,-0.08045213839289278
no_category_cap,2024-08-30,2.773497721322552e-10,900431.0860084058,900431.086008406,0.0,-0.09956891399159395
no_category_cap,2024-09-02,1.912703737616539e-07,895512.8948278356,895512.8948280269,0.6666664412084308,-0.10448710517197313
no_category_cap,2024-09-03,1.9127817597688172e-07,882748.4375720487,882748.43757224,0.0,-0.11725156242776003
no_category_cap,2024-09-04,1.91285978510374e-07,879009.0486789457,879009.048679137,0.0,-0.12099095132086302
no_category_cap,2024-09-05,1.9129378136214371e-07,879380.9268513981,879380.9268515893,0.0,-0.1206190731484107
no_category_cap,2024-09-06,1.9130158453220385e-07,880806.5762054772,880806.5762056685,0.0,-0.11919342379433151
no_category_cap,2024-09-09,1.913249959522567e-07,865103.7317233197,865103.731723511,0.0,-0.13489626827648904
no_category_cap,2024-09-10,1.913328003956084e-07,871088.127763523,871088.1277637144,0.0,-0.12891187223628564
no_category_cap,2024-09-11,1.9134060515731545e-07,854378.8979306379,854378.8979308293,0.0,-0.14562110206917067
no_category_cap,2024-09-12,1.9134841023739084e-07,858861.2296768706,858861.229677062,0.0,-0.14113877032293798
no_category_cap,2024-09-13,1.9135621563584754e-07,857498.9762233633,857498.9762235547,0.0,-0.14250102377644536
no_category_cap,2024-09-18,1.6059493646025658e-07,865754.1711125486,865754.1711127092,0.6641210267620832,-0.13424582888729075
no_category_cap,2024-09-19,1.6060148737681578e-07,867467.5054915159,867467.5054916765,0.0,-0.1325324945083235
no_category_cap,2024-09-20,1.6060803856059704e-07,873451.4517850764,873451.4517852371,0.0,-0.1265485482147629
no_category_cap,2024-09-23,1.606276937153821e-07,885360.9218347296,885360.9218348903,0.0,-0.11463907816510976
no_category_cap,2024-09-24,1.6063424596816056e-07,925079.444634402,925079.4446345627,0.0,-0.07492055536543729
no_category_cap,2024-09-25,1.6064079848821557e-07,941667.471354981,941667.4713551416,0.0,-0.058332528644858384
no_category_cap,2024-09-26,1.6064735127555803e-07,979321.4964944053,979321.496494566,0.0,-0.020678503505433987
no_category_cap,2024-09-27,1.6065390433019885e-07,985648.6523468888,985648.6523470494,0.0,-0.014351347652950541
no_category_cap,2024-09-30,2.416200004518032e-07,1020987.3171006439,1020987.3171008856,1.2987957468993696,0.02098731710088564
no_category_cap,2024-10-08,2.416988601467349e-07,1124888.2264537478,1124888.2264539895,0.0,0.12488822645398945
no_category_cap,2024-10-09,2.4170871941814266e-07,1032488.3501255126,1032488.3501257543,0.0,0.03248835012575424
no_category_cap,2024-10-10,2.417185790917254e-07,991060.8010743741,991060.8010746158,0.0,-0.008939198925384195
no_category_cap,2024-10-11,2.4172843916749953e-07,993463.4594759186,993463.4594761602,0.0,-0.0065365405238397845
no_category_cap,2024-10-14,2.0849984139204025e-07,1018281.3428032736,1018281.3428034821,1.3111684909559593,0.018281342803482037
no_category_cap,2024-10-15,2.0850834642397757e-07,987974.515170793,987974.5151710015,0.0,-0.012025484828998456
no_category_cap,2024-10-16,2.0851685180284832e-07,994921.2067559919,994921.2067562004,0.0,-0.005078793243799562
no_category_cap,2024-10-17,2.085253575286667e-07,995862.5436622908,995862.5436624993,0.0,-0.004137456337500733
no_category_cap,2024-10-18,2.085338636014468e-07,1064643.1870593543,1064643.187059563,0.0,0.06464318705956296
no_category_cap,2024-10-21,2.0855938390169918e-07,1058861.7663111005,1058861.766311309,0.0,0.05886176631130913
no_category_cap,2024-10-22,2.085678913624678e-07,1047958.5655868487,1047958.5655870573,0.0,0.047958565587057356
no_category_cap,2024-10-23,2.0857639917026897e-07,1041849.3002221507,1041849.3002223594,0.0,0.04184930022235944
no_category_cap,2024-10-24,2.085849073251168e-07,1033801.7880362093,1033801.7880364179,0.0,0.03380178803641787
no_category_cap,2024-10-25,2.085934158270255e-07,1039982.7389686038,1039982.7389688124,0.0,0.039982738968812326
no_category_cap,2024-10-28,7.437847671099007e-09,1047479.5713101968,1047479.5713102042,0.033719264738231565,0.047479571310204305
no_category_cap,2024-10-29,7.4381510724424576e-09,1038725.2580018544,1038725.2580018619,0.0,0.03872525800186177
no_category_cap,2024-10-30,7.43845448616212e-09,1040940.5670065241,1040940.5670065315,0.0,0.04094056700653148
no_category_cap,2024-10-31,7.4387579122584984e-09,1068294.603507921,1068294.6035079286,0.0,0.0682946035079286
no_category_cap,2024-11-01,7.439061350732098e-09,1034938.3848115965,1034938.3848116039,0.0,0.03493838481160383
no_category_cap,2024-11-04,7.439971740421273e-09,1073590.293418833,1073590.2934188405,0.0,0.0735902934188406
no_category_cap,2024-11-05,7.440275228408807e-09,1147672.5401399015,1147672.540139909,0.0,0.14767254013990883
no_category_cap,2024-11-06,7.440578728776086e-09,1136679.1036668455,1136679.103666853,0.0,0.13667910366685287
no_category_cap,2024-11-07,7.4408822415236155e-09,1230175.6084359735,1230175.608435981,0.0,0.23017560843598095
no_category_cap,2024-11-08,7.441185766651901e-09,1194758.0562529557,1194758.0562529631,0.0,0.19475805625296316
no_category_cap,2024-11-11,3.1996751204133034e-07,1209899.7019156488,1209899.7019159687,0.6453291290605716,0.20989970191596874
no_category_cap,2024-11-12,3.1998056401245246e-07,1190253.3307072776,1190253.3307075975,0.0,0.19025333070759753
no_category_cap,2024-11-13,3.199936165159847e-07,1188004.1833244588,1188004.1833247787,0.0,0.18800418332477875
no_category_cap,2024-11-14,3.2000666955194886e-07,1161722.7278381498,1161722.7278384697,0.0,0.16172272783846964
no_category_cap,2024-11-15,3.200197231203666e-07,1111022.0123304292,1111022.012330749,0.0,0.11102201233074904
no_category_cap,2024-11-18,3.200588870205585e-07,1082855.6285412912,1082855.6285416114,0.0,0.08285562854161133
no_category_cap,2024-11-19,3.2007194271900777e-07,1114544.3143170648,1114544.314317385,0.0,0.11454431431738499
no_category_cap,2024-11-20,3.200849989500192e-07,1117736.3215177772,1117736.3215180973,0.0,0.11773632151809732
no_category_cap,2024-11-21,3.2009805571361456e-07,1131395.3697303454,1131395.3697306656,0.0,0.13139536973066557
no_category_cap,2024-11-22,3.2011111300981556e-07,1079722.501969347,1079722.5019696672,0.0,0.07972250196966724
no_category_cap,2024-11-25,2.6158522814512253e-07,1069874.946758256,1069874.9467585175,1.342978056382039,0.06987494675851758
no_category_cap,2024-11-26,2.6159589861232696e-07,1048992.0969468723,1048992.096947134,0.0,0.04899209694713402
no_category_cap,2024-11-27,2.616065695147963e-07,1089763.092275791,1089763.0922760528,0.0,0.08976309227605284
no_category_cap,2024-11-28,2.616172408525483e-07,1079306.342460075,1079306.3424603366,0.0,0.07930634246033663
no_category_cap,2024-11-29,2.6162791262560074e-07,1126786.4775212822,1126786.4775215439,0.0,0.12678647752154393
no_category_cap,2024-12-02,2.6165993055673817e-07,1135482.7350670574,1135482.7350673191,0.0,0.13548273506731912
no_category_cap,2024-12-03,2.6167060407116983e-07,1125539.763978472,1125539.7639787337,0.0,0.12553976397873368
no_category_cap,2024-12-04,2.616812780209907e-07,1110328.3853328712,1110328.385333133,0.0,0.11032838533313294
no_category_cap,2024-12-05,2.616919524062186e-07,1136815.7982722027,1136815.7982724644,0.0,0.13681579827246448
no_category_cap,2024-12-06,2.617026272268712e-07,1138756.046230894,1138756.0462311557,0.0,0.13875604623115567
no_category_cap,2024-12-09,2.7532223612070084e-07,1123074.9279895378,1123074.927989813,1.345385113994759,0.12307492798981312
no_category_cap,2024-12-10,2.753334669417683e-07,1137210.9394326697,1137210.939432945,0.0,0.13721093943294504
no_category_cap,2024-12-11,2.753446982209583e-07,1130921.4786289933,1130921.4786292687,0.0,0.13092147862926873
no_category_cap,2024-12-12,2.7535592995828967e-07,1150691.8883184497,1150691.8883187252,0.0,0.15069188831872515
no_category_cap,2024-12-13,2.75367162153781e-07,1113233.5101410768,1113233.5101413522,0.0,0.11323351014135219
no_category_cap,2024-12-16,2.754008614894018e-07,1093644.477267743,1093644.4772680185,0.0,0.0936444772680185
no_category_cap,2024-12-17,2.7541209551771996e-07,1088626.0262057926,1088626.026206068,0.0,0.08862602620606808
no_category_cap,2024-12-18,2.7542333000429157e-07,1090287.9119089504,1090287.9119092259,0.0,0.09028791190922592
no_category_cap,2024-12-19,2.754345649491353e-07,1090097.1918462482,1090097.1918465237,0.0,0.09009719184652365
no_category_cap,2024-12-20,2.754458003522699e-07,1097374.6967131237,1097374.6967133991,0.0,0.09737469671339904
no_category_cap,2024-12-23,2.659508027136326e-07,1071640.1546654399,1071640.1546657057,1.3626962650275667,0.07164015466570572
no_category_cap,2024-12-24,2.659616512593952e-07,1083499.4309496277,1083499.4309498935,0.0,0.08349943094989354
no_category_cap,2024-12-25,2.659725002476868e-07,1076830.4946287377,1076830.4946290036,0.0,0.07683049462900349
no_category_cap,2024-12-26,2.6598334967852546e-07,1090893.3235253238,1090893.3235255897,0.0,0.09089332352558976
no_category_cap,2024-12-27,2.659941995519292e-07,1088618.541990595,1088618.5419908608,0.0,0.08861854199086072
no_category_cap,2024-12-30,2.660267518277118e-07,1093767.543399664,1093767.5433999302,0.0,0.09376754339993032
no_category_cap,2024-12-31,2.6603760347155654e-07,1042254.5710638925,1042254.5710641585,0.0,0.04225457106415842
no_category_cap,2025-01-02,2.660593080872303e-07,994943.4918034495,994943.4918037155,0.0,-0.005056508196284559
no_category_cap,2025-01-03,2.6607016105909537e-07,964019.3188793792,964019.3188796453,0.0,-0.035980681120354685
no_category_cap,2025-01-06,2.0372681319713593e-07,965159.9275414716,965159.9275416753,1.9866899576977062,-0.03484007245832477
no_category_cap,2025-01-07,2.0373512352984967e-07,971296.9706875574,971296.9706877611,0.0,-0.028703029312238892
no_category_cap,2025-01-08,2.0374343420155476e-07,978102.7758598463,978102.77586005,0.0,-0.02189722413994999
no_category_cap,2025-01-09,2.0375174521226504e-07,972802.3015876494,972802.3015878531,0.0,-0.02719769841214692
no_category_cap,2025-01-10,2.0376005656199435e-07,967227.4655438564,967227.4655440601,0.0,-0.03277253445593986
no_category_cap,2025-01-13,2.0378499264543473e-07,953992.4529574923,953992.452957696,0.0,-0.04600754704230392
no_category_cap,2025-01-14,2.037933053513784e-07,967869.7871990798,967869.7871992836,0.0,-0.03213021280071637
no_category_cap,2025-01-15,2.0380161839641026e-07,975662.9590365412,975662.959036745,0.0,-0.024337040963254952
no_category_cap,2025-01-16,2.038099317805441e-07,984979.2642704879,984979.2642706918,0.0,-0.015020735729308177
no_category_cap,2025-01-17,2.0381824550379378e-07,979851.7092232615,979851.7092234653,0.0,-0.020148290776534683
no_category_cap,2025-01-20,1.9917933968827128e-10,976203.0039411313,976203.0039411315,0.0014648630923177345,-0.023796996058868425
no_category_cap,2025-01-21,1.9918746452248695e-10,975436.2905754857,975436.2905754859,0.0,-0.024563709424514135
no_category_cap,2025-01-22,1.991955896881272e-10,957344.30207596,957344.3020759602,0.0,-0.04265569792403978
no_category_cap,2025-01-23,1.9920371518520558e-10,981826.7177812492,981826.7177812494,0.0,-0.018173282218750586
no_category_cap,2025-01-24,1.9921184101373557e-10,984784.8345652346,984784.8345652348,0.0,-0.015215165434765199
no_category_cap,2025-01-27,1.9923622048817056e-10,997253.1092246422,997253.1092246424,0.0,-0.0027468907753576133
no_category_cap,2025-02-05,8.86188900039997e-11,982091.5877204433,982091.5877204434,0.0007660582743468636,-0.01790841227955664
no_category_cap,2025-02-06,8.862250490598092e-11,982091.5877204434,982091.5877204435,0.0,-0.01790841227955653
no_category_cap,2025-02-07,8.862611995541961e-11,979182.5286396586,979182.5286396587,0.0,-0.02081747136034129
no_category_cap,2025-02-10,8.863696598854059e-11,980391.4488006221,980391.4488006223,0.0,-0.019608551199377766
no_category_cap,2025-02-11,8.864058162786926e-11,988428.0143353954,988428.0143353955,0.0,-0.01157198566460449
no_category_cap,2025-02-12,8.864419741468547e-11,994764.4409503473,994764.4409503475,0.0,-0.005235559049652561
no_category_cap,2025-02-13,8.864781334899524e-11,997798.3312259628,997798.331225963,0.0,-0.0022016687740370466
no_category_cap,2025-02-14,8.865142943080457e-11,1000631.4298620704,1000631.4298620705,0.0,0.0006314298620704317
no_category_cap,2025-02-17,2.1228333935141563e-07,971189.3204185739,971189.3204187863,2.0590309804875018,-0.02881067958121375
no_category_cap,2025-02-18,2.1229199871810336e-07,933010.4710179064,933010.4710181188,0.0,-0.06698952898188126
no_category_cap,2025-02-19,2.1230065843802008e-07,953370.0446706235,953370.0446708358,0.0,-0.04662995532916414
no_category_cap,2025-02-20,2.123093185111802e-07,942912.8892227423,942912.8892229546,0.0,-0.05708711077704531
no_category_cap,2025-02-21,2.1231797893759812e-07,974091.7529066585,974091.7529068708,0.0,-0.025908247093129222
no_category_cap,2025-02-24,2.1234396233654298e-07,961547.5677561567,961547.567756369,0.0,-0.03845243224363104
no_category_cap,2025-02-25,2.123526241761363e-07,932210.909426224,932210.9094264363,0.0,-0.06778909057356375
no_category_cap,2025-02-26,2.123612863690595e-07,940192.7331760011,940192.7331762135,0.0,-0.059807266823786565
no_category_cap,2025-02-27,2.1236994891532695e-07,936638.2456776724,936638.2456778848,0.0,-0.06336175432211522
no_category_cap,2025-02-28,2.1237861181495313e-07,887072.407635786,887072.4076359983,0.0,-0.11292759236400163
no_category_cap,2025-03-03,1.8888385966420174e-07,871114.8297455534,871114.8297457423,2.0410224929299448,-0.12888517025425772
no_category_cap,2025-03-04,1.8889156452981776e-07,890675.3525958827,890675.3525960717,0.0,-0.10932464740392833
no_category_cap,2025-03-05,1.888992697097272e-07,898071.2163340703,898071.2163342593,0.0,-0.10192878366574076
no_category_cap,2025-03-06,1.889069752039429e-07,926087.5665194807,926087.5665196696,0.0,-0.07391243348033039
no_category_cap,2025-03-07,1.8891468101247764e-07,912233.8527496089,912233.8527497979,0.0,-0.08776614725020215
no_category_cap,2025-03-10,1.889378003241245e-07,914489.1122152634,914489.1122154524,0.0,-0.08551088778454763
no_category_cap,2025-03-11,1.8894550739006372e-07,907680.184794947,907680.184795136,0.0,-0.09231981520486399
no_category_cap,2025-03-12,1.889532147703861e-07,903947.9412240925,903947.9412242814,0.0,-0.09605205877571854
no_category_cap,2025-03-13,1.8896092246510447e-07,877294.0484075609,877294.0484077499,0.0,-0.12270595159225017
no_category_cap,2025-03-14,1.8896863047423168e-07,891887.631384756,891887.6313849449,0.0,-0.10811236861505513
no_category_cap,2025-03-17,2.439483068883419e-07,887286.761326151,887286.761326395,0.6703220253511017,-0.11271323867360505
no_category_cap,2025-03-18,2.4395825791817143e-07,890443.3553836221,890443.3553838661,0.0,-0.1095566446161339
no_category_cap,2025-03-19,2.439682093539189e-07,883458.37997557,883458.379975814,0.0,-0.116541620024186
no_category_cap,2025-03-20,2.4397816119560086e-07,878442.0307375377,878442.0307377817,0.0,-0.12155796926221829
no_category_cap,2025-03-21,2.4398811344323385e-07,858406.9886396808,858406.9886399248,0.0,-0.14159301136007518
no_category_cap,2025-03-24,2.4401797262200487e-07,867954.7391124372,867954.7391126812,0.0,-0.13204526088731872
no_category_cap,2025-03-25,2.440279264936077e-07,850079.6378625326,850079.6378627766,0.0,-0.14992036213722337
no_category_cap,2025-03-26,2.440378807712444e-07,850809.1368213791,850809.1368216231,0.0,-0.14919086317837693
no_category_cap,2025-03-27,2.4404783545493155e-07,855999.5204694641,855999.5204697081,0.0,-0.14400047953029183
no_category_cap,2025-03-28,2.4405779054468566e-07,844750.2980773603,844750.2980776043,0.0,-0.15524970192239573
no_category_cap,2025-03-31,1.1728843674063683e-07,854877.9220748547,854877.922074972,0.6722820398792132,-0.14512207792502807
no_category_cap,2025-04-01,1.1729322111789916e-07,855050.3595378073,855050.3595379246,0.0,-0.14494964046207537
no_category_cap,2025-04-02,1.1729800569032367e-07,852831.9180096656,852831.9180097829,0.0,-0.14716808199021714
no_category_cap,2025-04-03,1.1730279045791831e-07,843509.6406518103,843509.6406519277,0.0,-0.15649035934807232
no_category_cap,2025-04-07,1.1732193148015743e-07,753833.715039272,753833.7150393893,0.0,-0.24616628496061066
no_category_cap,2025-04-08,1.1732671722372215e-07,760947.665030131,760947.6650302483,0.0,-0.23905233496975165
no_category_cap,2025-04-09,1.1733150316250477e-07,792591.2641225003,792591.2641226177,0.0,-0.2074087358773823
no_category_cap,2025-04-10,1.1733628929651326e-07,808747.4765164244,808747.4765165418,0.0,-0.19125252348345823
no_category_cap,2025-04-11,1.1734107562575557e-07,846711.3508002271,846711.3508003445,0.0,-0.15328864919965546
no_category_cap,2025-04-14,2.3277243599295616e-07,845858.5451530331,845858.5451532658,0.6712418736276944,-0.15414145484673414
no_category_cap,2025-04-15,2.327819311416768e-07,835981.1331226644,835981.1331228972,0.0,-0.16401886687710276
no_category_cap,2025-04-16,2.3279142667771929e-07,843838.5214222155,843838.5214224483,0.0,-0.1561614785775517
no_category_cap,2025-04-17,2.3280092260109942e-07,848088.5671709429,848088.5671711757,0.0,-0.15191143282882424
no_category_cap,2025-04-18,2.32810418911833e-07,839341.5558551135,839341.5558553464,0.0,-0.16065844414465358
no_category_cap,2025-04-21,2.3283891016831244e-07,846445.3356940539,846445.3356942867,0.0,-0.1535546643057133
no_category_cap,2025-04-22,2.328484080286178e-07,844976.032213436,844976.0322136688,0.0,-0.1550239677863312
no_category_cap,2025-04-23,2.328579062763556e-07,843849.4345145677,843849.4345148006,0.0,-0.15615056548519946
no_category_cap,2025-04-24,2.3286740491154168e-07,835437.0269944856,835437.0269947185,0.0,-0.16456297300528155
no_category_cap,2025-04-25,2.328769039341918e-07,833053.9352084415,833053.9352086743,0.0,-0.16694606479132568
no_category_cap,2025-04-28,1.7648562788963318e-07,839915.4847874827,839915.4847876591,1.9820168196799892,-0.1600845152123409
no_category_cap,2025-04-29,1.7649282701214404e-07,837315.3424425293,837315.3424427058,0.0,-0.16268465755729422
no_category_cap,2025-04-30,1.765000264283183e-07,820107.620955054,820107.6209552304,0.0,-0.1798923790447695
no_category_cap,2025-05-06,1.7654322909296555e-07,818648.6043179318,818648.6043181083,0.0,-0.18135139568189174
no_category_cap,2025-05-07,1.7655043056511886e-07,830740.9912793427,830740.9912795193,0.0,-0.16925900872048072
no_category_cap,2025-05-08,1.7655763233103138e-07,839476.8394049332,839476.8394051098,0.0,-0.16052316059489025
no_category_cap,2025-05-09,1.765648343907151e-07,850249.0760586488,850249.0760588254,0.0,-0.14975092394117462
no_category_cap,2025-05-12,2.97859514830634e-11,852842.7977302512,852842.7977302512,0.002236344240329335,-0.14715720226974882
no_category_cap,2025-05-13,2.9787166498225785e-11,865118.8662478797,865118.8662478797,0.0,-0.1348811337521203
no_category_cap,2025-05-14,2.9788381562950526e-11,872673.2231261403,872673.2231261403,0.0,-0.12732677687385974
no_category_cap,2025-05-15,2.9789596677239645e-11,871333.6973180044,871333.6973180044,0.0,-0.12866630268199553
no_category_cap,2025-05-16,2.979081184109516e-11,863359.3776969975,863359.3776969975,0.0,-0.13664062230300256
no_category_cap,2025-05-19,2.97944576300803e-11,860160.3720632121,860160.3720632121,0.0,-0.13983962793678795
no_category_cap,2025-05-20,2.979567299222162e-11,863359.3776969975,863359.3776969975,0.0,-0.13664062230300256
no_category_cap,2025-05-21,2.9796888403939445e-11,868476.0819442639,868476.0819442639,0.0,-0.13152391805573616
no_category_cap,2025-05-22,2.97981038652358e-11,876651.4492120014,876651.4492120014,0.0,-0.12334855078799856
no_category_cap,2025-05-23,2.979931937611271e-11,868974.6171697113,868974.6171697113,0.0,-0.13102538283028875
no_category_cap,2025-05-26,4.5702108764089644e-11,861780.0634304613,861780.0634304613,0.0010714754511319308,-0.13821993656953868
no_category_cap,2025-05-27,4.5703973023995295e-11,866957.6886759889,866957.6886759889,0.0,-0.13304231132401112
no_category_cap,2025-05-28,4.5705837359946995e-11,865775.8832746417,865775.8832746417,0.0,-0.13422411672535828
no_category_cap,2025-05-29,4.570770177194785e-11,864957.5239377908,864957.5239377908,0.0,-0.1350424760622092
no_category_cap,2025-05-30,4.5709566260000966e-11,871535.715463279,871535.715463279,0.0,-0.12846428453672099
no_category_cap,2025-06-03,4.571702497279806e-11,886425.1904469348,886425.1904469348,0.0,-0.1135748095530652
no_category_cap,2025-06-04,4.5718889841159e-11,888079.3006357651,888079.3006357651,0.0,-0.11192069936423488
no_category_cap,2025-06-05,4.572075478559081e-11,881925.7489845911,881925.7489845911,0.0,-0.11807425101540892
no_category_cap,2025-06-06,4.57226198060966e-11,883427.1981557454,883427.1981557454,0.0,-0.11657280184425456
no_category_cap,2025-06-09,3.523155100992881e-10,885986.7802011615,885986.7802011619,0.0016636784866944881,-0.11401321979883816
no_category_cap,2025-06-10,3.523298815954264e-10,890162.7222440799,890162.7222440803,0.0,-0.10983727775591978
no_category_cap,2025-06-11,3.5234425367780036e-10,892902.5042068484,892902.5042068488,0.0,-0.1070974957931512
no_category_cap,2025-06-12,3.523586263464338e-10,896718.8994487303,896718.8994487306,0.0,-0.10328110055126938
no_category_cap,2025-06-13,3.5237299960135077e-10,889545.0753334546,889545.075333455,0.0,-0.11045492466654505
no_category_cap,2025-06-16,3.5241612288404145e-10,900277.1945810234,900277.1945810238,0.0,-0.09972280541897627
no_category_cap,2025-06-17,3.524304984843313e-10,898937.4317060977,898937.431706098,0.0,-0.10106256829390192
no_category_cap,2025-06-18,3.5244487467102425e-10,907414.8777039915,907414.8777039918,0.0,-0.09258512229600813
no_category_cap,2025-06-19,3.5245925144414414e-10,906032.9291123028,906032.9291123032,0.0,-0.09396707088769685
no_category_cap,2025-06-20,3.5247362880371487e-10,916750.0002259451,916750.0002259455,0.0,-0.08324999977405456
no_category_cap,2025-06-23,3.319655661471188e-11,929340.6311127697,929340.6311127697,0.0006302582946184189,-0.07065936888723023
no_category_cap,2025-06-24,3.319791075374782e-11,932155.2947862246,932155.2947862246,0.0,-0.06784470521377539
no_category_cap,2025-06-25,3.31992649480212e-11,943420.1679363941,943420.1679363941,0.0,-0.05657983206360584
no_category_cap,2025-06-26,3.320061919753426e-11,950966.6853004012,950966.6853004012,0.0,-0.04903331469959882
no_category_cap,2025-06-27,3.320197350228926e-11,925803.1359040246,925803.1359040246,0.0,-0.07419686409597537
no_category_cap,2025-06-30,3.3206036748028424e-11,922541.6909241441,922541.6909241441,0.0,-0.07745830907585594
no_category_cap,2025-07-01,3.320739127377371e-11,936214.7382223078,936214.7382223078,0.0,-0.06378526177769228
no_category_cap,2025-07-02,3.3208745854772204e-11,942231.0979102982,942231.0979102982,0.0,-0.05776890208970187
no_category_cap,2025-07-03,3.3210100491026154e-11,942431.9812182502,942431.9812182502,0.0,-0.057568018781749775
no_category_cap,2025-07-04,3.3211455182537824e-11,960178.5225465775,960178.5225465775,0.0,-0.03982147745342246
no_category_cap,2025-07-07,2.621673047542572e-07,962495.0825815622,962495.0825818244,0.6647048803145257,-0.03750491741817563
no_category_cap,2025-07-08,2.621779989652694e-07,961029.2061900182,961029.2061902804,0.0,-0.03897079380971957
no_category_cap,2025-07-09,2.6218869361251506e-07,963953.4061412786,963953.4061415407,0.0,-0.03604659385845932
no_category_cap,2025-07-10,2.6219938869601196e-07,975301.8631633793,975301.8631636414,0.0,-0.024698136836358575
no_category_cap,2025-07-11,2.622100842157779e-07,963615.6460303138,963615.646030576,0.0,-0.03638435396942408
no_category_cap,2025-07-14,2.62242173392868e-07,967079.7307063063,967079.7307065686,0.0,-0.03292026929343139
no_category_cap,2025-07-15,2.622528706578881e-07,957062.9506296995,957062.9506299618,0.0,-0.04293704937003817
no_category_cap,2025-07-16,2.622635683592662e-07,952745.265345908,952745.2653461703,0.0,-0.04725473465382968
no_category_cap,2025-07-17,2.622742664970202e-07,950222.2276816496,950222.2276819119,0.0,-0.04977777231808811
no_category_cap,2025-07-18,2.6228496507116776e-07,956031.4273738831,956031.4273741454,0.0,-0.04396857262585463
no_category_cap,2025-07-21,2.0291190594434738e-07,957291.4038569927,957291.4038571956,1.993991189543135,-0.04270859614280431
no_category_cap,2025-07-22,2.0292018303573025e-07,960514.7452484064,960514.7452486093,0.0,-0.03948525475139064
no_category_cap,2025-07-23,2.0292846046474853e-07,960581.3092910494,960581.3092912523,0.0,-0.039418690708747706
no_category_cap,2025-07-24,2.0293673823141598e-07,968994.090272813,968994.0902730159,0.0,-0.031005909726984138
no_category_cap,2025-07-25,2.0294501633574636e-07,967941.4577386486,967941.4577388515,0.0,-0.03205854226114846
no_category_cap,2025-07-28,2.0296985267485298e-07,982494.0056238439,982494.0056240468,0.0,-0.017505994375953238
no_category_cap,2025-07-29,2.0297813212997287e-07,1000227.1174036232,1000227.1174038262,0.0,0.0002271174038261936
no_category_cap,2025-07-30,2.029864119228246e-07,991741.2962957621,991741.2962959651,0.0,-0.00825870370403492
no_category_cap,2025-07-31,2.029946920534219e-07,981167.5205819311,981167.5205821341,0.0,-0.01883247941786581
no_category_cap,2025-08-01,2.030029725217786e-07,974332.8481570852,974332.8481572883,0.0,-0.025667151842711733
no_category_cap,2025-08-04,2.3463508114218712e-07,977614.7628773097,977614.7628775444,1.319593365089553,-0.02238523712245566
no_category_cap,2025-08-05,2.3464465227109258e-07,986742.7297455732,986742.7297458079,0.0,-0.0132572702541921
no_category_cap,2025-08-06,2.3465422379041922e-07,988397.0185431142,988397.0185433489,0.0,-0.011602981456651174
no_category_cap,2025-08-07,2.34663795700183e-07,971772.4860627052,971772.4860629399,0.0,-0.028227513937060134
no_category_cap,2025-08-08,2.346733680003998e-07,966095.6585747988,966095.6585750335,0.0,-0.033904341424966455
no_category_cap,2025-08-11,2.3470208724392784e-07,976718.3466550956,976718.3466553303,0.0,-0.023281653344669695
no_category_cap,2025-08-12,2.347116611061161e-07,975484.0698799444,975484.0698801791,0.0,-0.024515930119820895
no_category_cap,2025-08-13,2.3472123535883707e-07,1006245.783897982,1006245.7838982167,0.0,0.006245783898216617
no_category_cap,2025-08-14,2.3473081000210666e-07,996012.0400007626,996012.0400009973,0.0,-0.003987959999002699
no_category_cap,2025-08-15,2.347403850359408e-07,1011790.0214907483,1011790.021490983,0.0,0.01179002149098296
no_category_cap,2025-08-18,2.45578121393919e-07,1018800.1848796847,1018800.1848799302,1.3243199824949894,0.018800184879930182
no_category_cap,2025-08-19,2.455881389064102e-07,1015029.1614267705,1015029.1614270161,0.0,0.015029161427016158
no_category_cap,2025-08-20,2.455981568275313e-07,1028640.8927809926,1028640.8927812382,0.0,0.02864089278123827
no_category_cap,2025-08-21,2.456081751572989e-07,1027414.3438930907,1027414.3438933364,0.0,0.0274143438933363
no_category_cap,2025-08-22,2.456181938957298e-07,1043234.7709936374,1043234.770993883,0.0,0.043234770993882954
no_category_cap,2025-08-25,2.456482525631683e-07,1061163.049452931,1061163.0494531766,0.0,0.06116304945317652
no_category_cap,2025-08-26,2.456582729364187e-07,1058467.1562463804,1058467.156246626,0.0,0.05846715624662613
no_category_cap,2025-08-27,2.4566829371841566e-07,1042099.7939536225,1042099.7939538681,0.0,0.04209979395386809
no_category_cap,2025-08-28,2.456783149091759e-07,1058017.9382412941,1058017.9382415398,0.0,0.05801793824153978
no_category_cap,2025-08-29,2.45688336508716e-07,1061666.0549094419,1061666.0549096875,0.0,0.06166605490968746
no_category_cap,2025-09-01,2.2526364773511887e-07,1104038.184144181,1104038.184144406,1.9201250167164414,0.10403818414440602
no_category_cap,2025-09-02,2.2527283658871947e-07,1040405.564318114,1040405.5643183392,0.0,0.04040556431833919
no_category_cap,2025-09-03,2.252820258171477e-07,1055194.9109273222,1055194.9109275476,0.0,0.05519491092754758
no_category_cap,2025-09-04,2.2529121542041878e-07,965668.1727547701,965668.1727549954,0.0,-0.03433182724500461
no_category_cap,2025-09-05,2.2530040539854806e-07,1030262.7210122603,1030262.7210124856,0.0,0.030262721012485505
no_category_cap,2025-09-08,2.2532797758223784e-07,990411.6135995435,990411.6135997688,0.0,-0.009588386400231186
no_category_cap,2025-09-09,2.253371690599527e-07,969060.9301902857,969060.930190511,0.0,-0.030939069809488906
no_category_cap,2025-09-10,2.253463609126022e-07,1009419.6921717778,1009419.6921720032,0.0,0.009419692172003113
no_category_cap,2025-09-11,2.2535555314020165e-07,1110350.6270926893,1110350.6270929147,0.0,0.11035062709291465
no_category_cap,2025-09-12,2.253647457427663e-07,1088318.2154660714,1088318.2154662968,0.0,0.0883182154662967
no_category_cap,2025-09-15,1.1746305972337723e-07,1078059.1109777985,1078059.110977916,0.6766882719519084,0.07805911097791607
no_category_cap,2025-09-16,1.1746785122378189e-07,1086061.2324617966,1086061.2324619142,0.0,0.0860612324619141
no_category_cap,2025-09-17,1.1747264291963928e-07,1096216.2949952148,1096216.2949953324,0.0,0.09621629499533246
no_category_cap,2025-09-18,1.1747743481095739e-07,1101811.075938088,1101811.0759382055,0.0,0.10181107593820538
no_category_cap,2025-09-19,1.1748222689774418e-07,1108796.9710178454,1108796.971017963,0.0,0.10879697101796304
no_category_cap,2025-09-22,1.1749660433099636e-07,1127730.1650377763,1127730.165037894,0.0,0.12773016503789392
no_category_cap,2025-09-23,1.1750139719973761e-07,1135402.4419195557,1135402.4419196732,0.0,0.13540244191967332
no_category_cap,2025-09-24,1.175061902639874e-07,1141168.5785982944,1141168.578598412,0.0,0.14116857859841203
no_category_cap,2025-09-25,1.1751098352375371e-07,1163434.3349084368,1163434.3349085543,0.0,0.1634343349085543
no_category_cap,2025-09-26,1.1751577697904453e-07,1126108.96588816,1126108.9658882776,0.0,0.1261089658882777
no_category_cap,2025-09-29,2.3673055693507195e-07,1152524.9281398712,1152524.928140108,1.9348516811293872,0.15252492814010798
no_category_cap,2025-09-30,2.3674021354168532e-07,1182214.496844422,1182214.4968446589,0.0,0.18221449684465885
no_category_cap,2025-10-09,2.3682714072899238e-07,1188313.6506213227,1188313.6506215595,0.0,0.18831365062155947
no_category_cap,2025-10-10,2.368368012754085e-07,1101910.6518007452,1101910.651800982,0.0,0.10191065180098202
no_category_cap,2025-10-13,2.3317988961935043e-07,1089771.3703185515,1089771.3703187848,0.6303594280980297,0.0897713703187848
no_category_cap,2025-10-14,2.331894013887365e-07,1045533.9098678408,1045533.909868074,0.0,0.04553390986807404
no_category_cap,2025-10-15,2.3319891354612237e-07,1072627.2381883566,1072627.23818859,0.0,0.07262723818858996
no_category_cap,2025-10-16,2.332084260915239e-07,1072900.7722477007,1072900.772247934,0.0,0.07290077224793401
no_category_cap,2025-10-17,2.3321793902495693e-07,1027208.8863668523,1027208.8863670855,0.0,0.027208886367085405
no_category_cap,2025-10-20,2.3324648015360325e-07,1035200.3824567532,1035200.3824569865,0.0,0.03520038245698642
no_category_cap,2025-10-21,2.332559946393205e-07,1052971.3634227244,1052971.3634229577,0.0,0.05297136342295761
no_category_cap,2025-10-22,2.3326550951314837e-07,1036844.6297969213,1036844.6297971546,0.0,0.03684462979715453
no_category_cap,2025-10-23,2.332750247751027e-07,1049658.6566601973,1049658.6566604306,0.0,0.04965865666043068
no_category_cap,2025-10-24,2.3328454042519936e-07,1076577.6996352144,1076577.6996354477,0.0,0.0765776996354477
no_category_cap,2025-10-27,2.3032771423459053e-07,1104924.360796203,1104924.3607964332,1.9626185357631025,0.10492436079643319
no_category_cap,2025-10-28,2.303371096593186e-07,1106806.0898900486,1106806.0898902789,0.0,0.10680608989027895
no_category_cap,2025-10-29,2.303465054673006e-07,1132155.2294484808,1132155.229448711,0.0,0.13215522944871094
no_category_cap,2025-10-30,2.3035590165855222e-07,1110458.516225076,1110458.5162253063,0.0,0.11045851622530622
no_category_cap,2025-10-31,2.3036529823308905e-07,1071082.5744949027,1071082.574495133,0.0,0.07108257449513311
no_category_cap,2025-11-03,2.303934902565672e-07,1093876.8434578595,1093876.84345809,0.0,0.09387684345808989
no_category_cap,2025-11-04,2.3040288836440124e-07,1063712.8885372027,1063712.8885374332,0.0,0.06371288853743318
no_category_cap,2025-11-05,2.3041228685559866e-07,1048548.2314235705,1048548.2314238009,0.0,0.048548231423800825
no_category_cap,2025-11-06,2.3042168573017514e-07,1079289.0649087508,1079289.0649089813,0.0,0.07928906490898124
no_category_cap,2025-11-07,2.3043108498814627e-07,1065495.6023739562,1065495.6023741867,0.0,0.06549560237418683
no_category_cap,2025-11-10,2.2741733118891716e-07,1037601.3130163394,1037601.3130165669,2.0644053933907593,0.037601313016566884
no_category_cap,2025-11-11,2.2742660789460647e-07,1035085.3468440549,1035085.3468442824,0.0,0.03508534684428244
no_category_cap,2025-11-12,2.27435884978707e-07,1011679.1589751238,1011679.1589753513,0.0,0.011679158975351323
no_category_cap,2025-11-13,2.2744516244123417e-07,1072789.4600460925,1072789.46004632,0.0,0.07278946004631992
no_category_cap,2025-11-14,2.2745444028220343e-07,1045025.8728488635,1045025.872849091,0.0,0.045025872849090876
no_category_cap,2025-11-17,2.2748227607591815e-07,1053629.5505411734,1053629.550541401,0.0,0.05362955054140084
no_category_cap,2025-11-18,2.2749155543081015e-07,1005876.420207419,1005876.4202076464,0.0,0.005876420207646449
no_category_cap,2025-11-19,2.2750083516422143e-07,1008779.3168062768,1008779.3168065043,0.0,0.008779316806504234
no_category_cap,2025-11-20,2.2751011527616741e-07,989507.8617444384,989507.8617446659,0.0,-0.010492138255334127
no_category_cap,2025-11-21,2.2751939576666357e-07,932538.4023405847,932538.4023408121,0.0,-0.06746159765918791
no_category_cap,2025-11-24,7.089511200319976e-10,929524.075695238,929524.0756952387,0.0030491482630950516,-0.07047592430476135
no_category_cap,2025-11-25,7.089800392478474e-10,951754.7149676429,951754.7149676436,0.0,-0.048245285032356366
no_category_cap,2025-11-26,7.090089596433569e-10,957436.1431235648,957436.1431235655,0.0,-0.04256385687643449
no_category_cap,2025-11-27,7.090378812185742e-10,957283.5129487126,957283.5129487133,0.0,-0.04271648705128672
no_category_cap,2025-11-28,7.090668039735474e-10,970632.8496326508,970632.8496326515,0.0,-0.029367150367348493
no_category_cap,2025-12-01,7.091535793174839e-10,973926.6445421227,973926.6445421234,0.0,-0.02607335545787659
no_category_cap,2025-12-02,7.09182506791962e-10,958340.3327388625,958340.3327388632,0.0,-0.04165966726113679
no_category_cap,2025-12-03,7.092114354464367e-10,945775.7942266482,945775.7942266489,0.0,-0.054224205773351186
no_category_cap,2025-12-04,7.09240365280956e-10,951696.0052697179,951696.0052697186,0.0,-0.04830399473028146
no_category_cap,2025-12-05,7.092692962955682e-10,960636.0175561093,960636.01755611,0.0,-0.039363982443889944
no_category_cap,2025-12-08,2.037850208580494e-07,995624.2698130081,995624.2698132119,1.9301553929534523,-0.004375730186788163
no_category_cap,2025-12-09,2.037933335651439e-07,1003846.3173891958,1003846.3173893996,0.0,0.003846317389399667
no_category_cap,2025-12-10,2.0380164661132663e-07,1014222.677068054,1014222.6770682578,0.0,0.01422267706825786
no_category_cap,2025-12-11,2.038099599966114e-07,983517.4254136144,983517.4254138182,0.0,-0.016482574586181742
no_category_cap,2025-12-12,2.0381827372101206e-07,996582.4954000042,996582.495400208,0.0,-0.003417504599791954
no_category_cap,2025-12-15,2.038432169290477e-07,980205.3777833944,980205.3777835983,0.0,-0.019794622216401714
no_category_cap,2025-12-16,2.0385153201005022e-07,954557.6122202903,954557.6122204942,0.0,-0.04544238777950582
no_category_cap,2025-12-17,2.038598474302378e-07,997771.4662609575,997771.4662611614,0.0,-0.0022285337388385784
no_category_cap,2025-12-18,2.0386816318962425e-07,986097.1145128394,986097.1145130432,0.0,-0.01390288548695684
no_category_cap,2025-12-19,2.0387647928822343e-07,998850.4656879215,998850.4656881253,0.0,-0.0011495343118747003
no_category_cap,2025-12-22,1.5519617591053247e-08,1033705.2338581769,1033705.2338581923,0.03586269859914653,0.03370523385819224
no_category_cap,2025-12-23,1.5520250660327476e-08,1029577.1095939142,1029577.1095939297,0.0,0.029577109593929674
no_category_cap,2025-12-24,1.5520883755425583e-08,1043629.7956104605,1043629.7956104759,0.0,0.04362979561047586
no_category_cap,2025-12-25,1.552151687634862e-08,1045028.4161042289,1045028.4161042444,0.0,0.04502841610424446
no_category_cap,2025-12-26,1.5522150023097642e-08,1054154.9989288342,1054154.9989288498,0.0,0.054154998928849896
no_category_cap,2025-12-29,1.552404961831115e-08,1049224.0472959713,1049224.047295987,0.0,0.04922404729598684
no_category_cap,2025-12-30,1.5524682868374647e-08,1057770.8381012985,1057770.8381013141,0.0,0.057770838101314226
no_category_cap,2025-12-31,1.5525316144269394e-08,1057286.8628483163,1057286.862848332,0.0,0.05728686284833184
no_category_cap,2026-01-05,1.825392246246338e-07,1083132.4442049633,1083132.4442051458,0.6726370970510305,0.08313244420514576
no_category_cap,2026-01-06,1.825466706827453e-07,1083868.4090205857,1083868.4090207682,0.0,0.0838684090207682
no_category_cap,2026-01-07,1.8255411704459306e-07,1092407.1908718294,1092407.190872012,0.0,0.09240719087201188
no_category_cap,2026-01-08,1.8256156371018947e-07,1086032.2709710596,1086032.270971242,0.0,0.086032270971242
no_category_cap,2026-01-09,1.8256901067954693e-07,1103833.2732284537,1103833.2732286362,0.0,0.10383327322863622
no_category_cap,2026-01-12,1.825913534103095e-07,1168657.1514702975,1168657.15147048,0.0,0.16865715147048
no_category_cap,2026-01-13,1.8259880159483503e-07,1117541.4930831809,1117541.4930833634,0.0,0.11754149308336337
no_category_cap,2026-01-14,1.8260625008318355e-07,1143060.5739974272,1143060.5739976098,0.0,0.14306057399760985
no_category_cap,2026-01-15,1.8261369887536748e-07,1133477.668100924,1133477.6681011065,0.0,0.1334776681011065
no_category_cap,2026-01-16,1.826211479713992e-07,1126482.8458980098,1126482.8458981924,0.0,0.12648284589819236
no_category_cap,2026-01-19,2.3515895009040833e-07,1104578.358874361,1104578.3588745962,2.0057921798974863,0.1045783588745961
no_category_cap,2026-01-20,2.3516854258874074e-07,1098017.972140082,1098017.972140317,0.0,0.09801797214031716
no_category_cap,2026-01-21,2.3517813547836607e-07,1124310.7911303071,1124310.7911305423,0.0,0.12431079113054233
no_category_cap,2026-01-22,2.3518772875930023e-07,1119052.7837631158,1119052.783763351,0.0,0.11905278376335082
no_category_cap,2026-01-23,2.351973224315592e-07,1152484.6729849582,1152484.6729851933,0.0,0.15248467298519341
no_category_cap,2026-01-26,2.3522610579644465e-07,1188786.5973346143,1188786.5973348494,0.0,0.18878659733484948
no_category_cap,2026-01-27,2.3523570103416248e-07,1188573.702790039,1188573.702790274,0.0,0.18857370279027408
no_category_cap,2026-01-28,2.3524529666328495e-07,1247782.9316049046,1247782.9316051397,0.0,0.24778293160513964
no_category_cap,2026-01-29,2.3525489268382802e-07,1252175.7335075927,1252175.7335078279,0.0,0.25217573350782785
no_category_cap,2026-01-30,2.3526448909580764e-07,1163229.0499501007,1163229.0499503359,0.0,0.16322904995033594
no_category_cap,2026-02-02,8.416827768087387e-08,1077461.3434443637,1077461.343444448,0.6799305621879297,0.077461343444448
no_category_cap,2026-02-03,8.417171103547503e-08,1153282.2291287482,1153282.2291288325,0.0,0.1532822291288325
no_category_cap,2026-02-04,8.417514453012805e-08,1153293.3402042529,1153293.3402043371,0.0,0.15329334020433705
no_category_cap,2026-02-05,8.417857816483865e-08,1093579.001699477,1093579.0016995613,0.0,0.09357900169956124
no_category_cap,2026-02-06,8.418201193961253e-08,1094716.822723896,1094716.8227239803,0.0,0.0947168227239803
no_category_cap,2026-02-09,8.419231410437103e-08,1126107.4518630465,1126107.4518631308,0.0,0.12610745186313088
no_category_cap,2026-02-10,8.419574843945519e-08,1121636.2849945975,1121636.2849946818,0.0,0.12163628499468193
no_category_cap,2026-02-11,8.41991829146312e-08,1136491.8000312154,1136491.8000312997,0.0,0.1364918000312998
no_category_cap,2026-02-12,8.420261752990478e-08,1154709.1550025325,1154709.1550026168,0.0,0.15470915500261673
no_category_cap,2026-02-13,8.420605228528165e-08,1134247.4198410292,1134247.4198411135,0.0,0.13424741984111344
no_category_cap,2026-02-24,2.8352951630949974e-07,1202326.4881633478,1202326.4881636314,1.2956953303252157,0.2023264881636313
no_category_cap,2026-02-25,2.8354108191825647e-07,1216198.7679081757,1216198.7679084593,0.0,0.21619876790845938
no_category_cap,2026-02-26,2.8355264799879233e-07,1280678.387511367,1280678.3875116506,0.0,0.28067838751165053
no_category_cap,2026-02-27,2.8356421455112656e-07,1272824.0973429864,1272824.09734327,0.0,0.27282409734327007
no_category_cap,2026-03-02,2.8359891703911197e-07,1272240.0664025275,1272240.066402811,0.0,0.27224006640281107
no_category_cap,2026-03-03,2.836104854788321e-07,1203222.1790783915,1203222.179078675,0.0,0.203222179078675
no_category_cap,2026-03-04,2.8362205439044686e-07,1228385.6948474566,1228385.6948477402,0.0,0.2283856948477403
no_category_cap,2026-03-05,2.836336237739755e-07,1295445.9593716657,1295445.9593719493,0.0,0.2954459593719494
no_category_cap,2026-03-06,2.836451936294372e-07,1301157.9408903306,1301157.9408906142,0.0,0.3011579408906142
no_category_cap,2026-03-09,1.5337718650698662e-08,1294317.997302238,1294317.9973022533,0.028231154025373177,0.29431799730225316
no_category_cap,2026-03-10,1.533834430003297e-08,1315663.6617751005,1315663.6617751159,0.0,0.31566366177511584
no_category_cap,2026-03-11,1.533896997488848e-08,1302609.0499921325,1302609.0499921478,0.0,0.3026090499921479
no_category_cap,2026-03-12,1.533959567526624e-08,1286497.684124597,1286497.6841246125,0.0,0.2864976841246125
no_category_cap,2026-03-13,1.534022140116729e-08,1262248.563053049,1262248.5630530643,0.0,0.2622485630530642
no_category_cap,2026-03-16,1.5342098732020584e-08,1253776.6196360989,1253776.6196361142,0.0,0.2537766196361142
no_category_cap,2026-03-17,1.5342724560025202e-08,1214567.0875787274,1214567.0875787428,0.0,0.21456708757874265
no_category_cap,2026-03-18,1.5343350413558314e-08,1245616.826563633,1245616.8265636484,0.0,0.24561682656364847
no_category_cap,2026-03-19,1.5343976292620962e-08,1212606.658345737,1212606.6583457524,0.0,0.21260665834575243
no_category_cap,2026-03-20,1.534460219721419e-08,1190690.3565681032,1190690.3565681186,0.0,0.1906903565681186
no_category_cap,2026-03-23,5.35146682523191e-09,1139500.3813276808,1139500.3813276861,0.05778245114464363,0.13950038132768605
no_category_cap,2026-03-24,5.351685119864444e-09,1171898.6849645525,1171898.6849645579,0.0,0.17189868496455785
no_category_cap,2026-03-25,5.3519034234015545e-09,1204793.657850237,1204793.6578502425,0.0,0.2047936578502425
no_category_cap,2026-03-26,5.352121735843605e-09,1171246.610757448,1171246.6107574534,0.0,0.1712466107574533
no_category_cap,2026-03-27,5.352340057190959e-09,1177622.4614518483,1177622.4614518536,0.0,0.17762246145185356
no_category_cap,2026-03-30,5.352995074668472e-09,1173472.8153601484,1173472.8153601538,0.0,0.1734728153601537
no_category_cap,2026-03-31,5.353213431640671e-09,1134744.9993059598,1134744.9993059651,0.0,0.13474499930596506
no_category_cap,2026-04-01,5.35343179751999e-09,1158939.1245398456,1158939.124539851,0.0,0.15893912453985104
no_category_cap,2026-04-02,5.353650172306791e-09,1128675.5769720469,1128675.5769720522,0.0,0.12867557697205223
no_category_cap,2026-04-03,5.353868556001439e-09,1120966.8099069023,1120966.8099069076,0.0,0.12096680990690767
no_category_cap,2026-04-07,2.725282683968544e-07,1119700.8929928874,1119700.89299316,1.3366708503128715,0.11970089299316
no_category_cap,2026-04-08,2.725393852476446e-07,1193578.4268891453,1193578.426889418,0.0,0.19357842688941784
no_category_cap,2026-04-09,2.725505025519084e-07,1197431.4904900582,1197431.4904903308,0.0,0.19743149049033093
no_category_cap,2026-04-10,2.725616203096643e-07,1213038.1470060078,1213038.1470062805,0.0,0.21303814700628054
no_category_cap,2026-04-13,2.7259497630406945e-07,1204424.15837755,1204424.1583778227,0.0,0.2044241583778228
no_category_cap,2026-04-14,2.726060958759787e-07,1222408.16765268,1222408.1676529527,0.0,0.2224081676529528
no_category_cap,2026-04-15,2.7261721590147247e-07,1217531.7035608084,1217531.703561081,0.0,0.2175317035610811
no_category_cap,2026-04-16,2.7262833638056933e-07,1249494.61553294,1249494.6155332127,0.0,0.24949461553321273
no_category_cap,2026-04-17,2.726394573132878e-07,1291098.708550804,1291098.7085510767,0.0,0.2910987085510768
no_category_cap,2026-04-20,3.534369170665741e-07,1308834.1449038214,1308834.1449041748,0.6587952100611222,0.30883414490417493
no_category_cap,2026-04-21,3.53451334306642e-07,1308470.8912628829,1308470.8912632363,0.0,0.30847089126323635
no_category_cap,2026-04-22,3.5346575213481154e-07,1374967.1782972398,1374967.1782975933,0.0,0.3749671782975932
no_category_cap,2026-04-23,3.5348017055110663e-07,1357163.2374084261,1357163.2374087796,0.0,0.35716323740877964
no_category_cap,2026-04-24,3.5349458955555133e-07,1303819.8581891004,1303819.8581894538,0.0,0.3038198581894538
no_category_cap,2026-04-27,3.5353785009802274e-07,1318807.0639960612,1318807.0639964147,0.0,0.3188070639964147
no_category_cap,2026-04-28,3.535522714553056e-07,1290783.7188731749,1290783.7188735283,0.0,0.2907837188735283
no_category_cap,2026-04-29,3.53566693400858e-07,1295329.676956776,1295329.6769571297,0.0,0.29532967695712964
no_category_cap,2026-04-30,3.535811159347039e-07,1295407.8596616576,1295407.8596620113,0.0,0.29540785966201133
no_category_cap,2026-05-06,4.503817763179541e-09,1324293.2112899397,1324293.2112899441,0.01764689290428381,0.32429321128994415
no_category_cap,2026-05-07,4.504001480892033e-09,1381052.9214597195,1381052.921459724,0.0,0.381052921459724
no_category_cap,2026-05-08,4.504185206098657e-09,1397490.133028552,1397490.1330285564,0.0,0.3974901330285563
no_category_cap,2026-05-11,4.504736426686368e-09,1445599.832214578,1445599.8322145825,0.0,0.44559983221458244
no_category_cap,2026-05-12,4.50492018187257e-09,1462571.5954513352,1462571.5954513396,0.0,0.46257159545133963
no_category_cap,2026-05-13,4.5051039445544315e-09,1516188.25540925,1516188.2554092545,0.0,0.5161882554092545
no_category_cap,2026-05-14,4.5052877147322575e-09,1497173.3313833405,1497173.331383345,0.0,0.49717333138334485
no_category_cap,2026-05-15,4.505471492406354e-09,1459261.6185916439,1459261.6185916483,0.0,0.45926161859164827
no_category_cap,2026-05-18,3.9243604987859726e-07,1433420.837766692,1433420.8377670846,0.6685227654261165,0.4334208377670845
no_category_cap,2026-05-19,3.924520579537847e-07,1399935.6516259732,1399935.6516263657,0.0,0.3999356516263657
no_category_cap,2026-05-20,3.924680666819664e-07,1409231.6236381629,1409231.6236385554,0.0,0.40923162363855536
no_category_cap,2026-05-21,3.924840760631689e-07,1379062.0774540908,1379062.0774544834,0.0,0.3790620774544833
no_category_cap,2026-05-22,3.925000860974189e-07,1426069.242609324,1426069.2426097165,0.0,0.42606924260971657
no_category_cap,2026-05-25,3.925481201187203e-07,1490688.5760845111,1490688.5760849037,0.0,0.49068857608490357
no_category_cap,2026-05-26,3.925641327654267e-07,1489400.6376371756,1489400.6376375682,0.0,0.48940063763756814
no_category_cap,2026-05-27,3.9258014606531374e-07,1510711.1123888805,1510711.112389273,0.0,0.5107111123892729
no_category_cap,2026-05-28,3.9259616001840815e-07,1524983.5919780473,1524983.5919784398,0.0,0.5249835919784398
no_category_cap,2026-05-29,3.9261217462473653e-07,1494843.5127136172,1494843.5127140097,0.0,0.49484351271400984
no_category_cap,2026-06-01,3.629247657954693e-07,1448887.1441686207,1448887.1441689837,1.3751471444356091,0.4488871441689837
no_category_cap,2026-06-02,3.629395700596036e-07,1535206.3974618763,1535206.3974622393,0.0,0.5352063974622392
no_category_cap,2026-06-03,3.6295437492762685e-07,1602032.7092320928,1602032.7092324558,0.0,0.6020327092324558
no_category_cap,2026-06-04,3.629691803995636e-07,1608030.0489549139,1608030.0489552768,0.0,0.6080300489552768
no_category_cap,2026-06-05,3.629839864754385e-07,1554098.4843853372,1554098.4843857002,0.0,0.5540984843857002
no_category_cap,2026-06-08,3.630284083269387e-07,1496724.8687598603,1496724.8687602233,0.0,0.49672486876022326
no_category_cap,2026-06-09,3.630432168188127e-07,1582173.0108922925,1582173.0108926555,0.0,0.5821730108926555
no_category_cap,2026-06-10,3.63058025914748e-07,1521652.9316739084,1521652.9316742714,0.0,0.5216529316742713
no_category_cap,2026-06-11,3.630728356147693e-07,1499330.8027449565,1499330.8027453194,0.0,0.4993308027453194
no_category_cap,2026-06-12,3.6308764591890124e-07,1486389.0359185676,1486389.0359189305,0.0,0.48638903591893046
no_category_cap,2026-06-15,3.6496203392744064e-07,1572582.028682233,1572582.028682598,1.2748161583472883,0.572582028682598
no_category_cap,2026-06-16,3.649769212949021e-07,1593733.3388533867,1593733.3388537518,0.0,0.5937333388537518
no_category_cap,2026-06-17,3.649918092696424e-07,1693028.639425047,1693028.639425412,0.0,0.6930286394254122
no_category_cap,2026-06-18,3.650066978516863e-07,1731209.6521819537,1731209.6521823187,0.0,0.7312096521823188
no_category_cap,2026-06-22,3.6506625825339314e-07,1777993.5517334489,1777993.551733814,0.0,0.7779935517338139
no_category_cap,2026-06-23,3.6508114987232654e-07,1760602.6209344957,1760602.6209348608,0.0,0.7606026209348609
no_category_cap,2026-06-24,3.6509604209871216e-07,1835401.623334302,1835401.6233346672,0.0,0.8354016233346673
no_category_cap,2026-06-25,3.6511093493257477e-07,1890199.6064287503,1890199.6064291154,0.0,0.8901996064291153
no_category_cap,2026-06-26,3.651258283739392e-07,1892377.926622389,1892377.926622754,0.0,0.8923779266227541
no_category_cap,2026-06-29,5.208421498537064e-07,2060641.8431844525,2060641.8431849733,0.6164740565889354,1.0606418431849733
no_category_cap,2026-06-30,5.208633958128842e-07,2047086.1853509462,2047086.185351467,0.0,1.0470861853514668
category_cap2,2023-06-30,1000000.0,0.0,1000000.0,0.0,0.0
category_cap2,2023-07-03,1000122.3796452607,0.0,1000122.3796452607,0.0,0.00012237964526073952
category_cap2,2023-07-04,1000163.1761884299,0.0,1000163.1761884299,0.0,0.00016317618842998094
category_cap2,2023-07-05,1000203.9743957534,0.0,1000203.9743957534,0.0,0.00020397439575337017
category_cap2,2023-07-06,1000244.7742672989,0.0,1000244.7742672989,0.0,0.0002447742672988529
category_cap2,2023-07-07,1000285.5758031345,0.0,1000285.5758031345,0.0,0.0002855758031343747
category_cap2,2023-07-10,2.58034560829401e-07,993078.2718076024,993078.2718078604,1.0066258371476902,-0.006921728192139653
category_cap2,2023-07-11,2.580450864593782e-07,1010126.7100807386,1010126.7100809967,0.0,0.010126710080996748
category_cap2,2023-07-12,2.580556125187121e-07,978502.2747479448,978502.2747482029,0.0,-0.021497725251797162
category_cap2,2023-07-13,2.5806613900742033e-07,1010513.0760586946,1010513.0760589527,0.0,0.010513076058952686
category_cap2,2023-07-14,2.5807666592552036e-07,1030306.714166201,1030306.714166459,0.0,0.030306714166459026
category_cap2,2023-07-17,2.581082492563464e-07,1031223.351667563,1031223.351667821,0.0,0.031223351667821087
category_cap2,2023-07-18,2.581187778921888e-07,1016084.3659338778,1016084.3659341359,0.0,0.01608436593413587
category_cap2,2023-07-19,2.581293069575106e-07,1010815.3358345884,1010815.3358348465,0.0,0.010815335834846396
category_cap2,2023-07-20,2.5813983645232925e-07,976459.2056428962,976459.2056431543,0.0,-0.02354079435684564
category_cap2,2023-07-21,2.5815036637666234e-07,970942.0854688835,970942.0854691416,0.0,-0.029057914530858375
category_cap2,2023-07-24,2.34867911785841e-07,966244.5859383149,966244.5859385498,1.3353339400520208,-0.03375541406145022
category_cap2,2023-07-25,2.3487749241226955e-07,986542.2054062104,986542.2054064453,0.0,-0.013457794593554673
category_cap2,2023-07-26,2.3488707342950672e-07,985298.5613626393,985298.5613628742,0.0,-0.014701438637125808
category_cap2,2023-07-27,2.3489665483756844e-07,985329.7418542008,985329.7418544358,0.0,-0.014670258145564219
category_cap2,2023-07-28,2.3490623663647065e-07,1015135.8317128238,1015135.8317130588,0.0,0.015135831713058767
category_cap2,2023-07-31,2.3493498437837976e-07,1024285.9838776637,1024285.9838778987,0.0,0.024285983877898598
category_cap2,2023-08-01,2.349445677408034e-07,1022196.4008242007,1022196.4008244356,0.0,0.022196400824435747
category_cap2,2023-08-02,2.3495415149414726e-07,1009579.5808422378,1009579.5808424727,0.0,0.00957958084247279
category_cap2,2023-08-03,2.349637356384273e-07,1019693.106926509,1019693.1069267439,0.0,0.019693106926743864
category_cap2,2023-08-04,2.3497332017365943e-07,1020637.008656994,1020637.0086572289,0.0,0.02063700865722895
category_cap2,2023-08-07,7.459675543941557e-09,1010012.1802480331,1010012.1802480406,0.017558140698264522,0.010012180248040625
category_cap2,2023-08-08,7.459979835677799e-09,1008665.2659712083,1008665.2659712158,0.0,0.008665265971215863
category_cap2,2023-08-09,7.460284139826573e-09,1007202.713966196,1007202.7139662035,0.0,0.007202713966203422
category_cap2,2023-08-10,7.460588456388384e-09,1009544.6166042837,1009544.6166042911,0.0,0.009544616604291178
category_cap2,2023-08-11,7.46089278536374e-09,988516.2145752485,988516.214575256,0.0,-0.011483785424744042
category_cap2,2023-08-14,7.46180584677614e-09,982166.4228169735,982166.422816981,0.0,-0.017833577183019034
category_cap2,2023-08-15,7.46211022541074e-09,994270.3223846832,994270.3223846906,0.0,-0.005729677615309403
category_cap2,2023-08-16,7.462414616461414e-09,993588.8838966135,993588.883896621,0.0,-0.0064111161033790776
category_cap2,2023-08-17,7.462719019928672e-09,990777.375405106,990777.3754051134,0.0,-0.009222624594886542
category_cap2,2023-08-18,7.463023435813019e-09,988083.5468514565,988083.546851464,0.0,-0.011916453148536066
category_cap2,2023-08-21,1.3324097380973399e-10,973834.6499902704,973834.6499902705,0.008830218850051724,-0.026165350009729527
category_cap2,2023-08-22,1.3324640891572758e-10,982543.4362678728,982543.4362678729,0.0,-0.017456563732127117
category_cap2,2023-08-23,1.3325184424342758e-10,977652.3159883198,977652.3159883199,0.0,-0.02234768401168008
category_cap2,2023-08-24,1.3325727979284303e-10,970027.3324144436,970027.3324144437,0.0,-0.02997266758555628
category_cap2,2023-08-25,1.3326271556398294e-10,975411.8190844323,975411.8190844324,0.0,-0.02458818091556758
category_cap2,2023-08-28,1.3327902420784015e-10,991411.249538385,991411.2495383851,0.0,-0.008588750461614891
category_cap2,2023-08-29,1.332844608659685e-10,983636.7936750846,983636.7936750847,0.0,-0.01636320632491528
category_cap2,2023-08-30,1.3328989774586656e-10,972623.3057306074,972623.3057306075,0.0,-0.027376694269392488
category_cap2,2023-08-31,1.3329533484754337e-10,967801.3133996364,967801.3133996365,0.0,-0.03219868660036351
category_cap2,2023-09-01,1.33300772171008e-10,978457.4431579104,978457.4431579105,0.0,-0.0215425568420895
category_cap2,2023-09-04,2.6135239750146866e-07,988696.987375661,988696.9873759224,0.6695305322388921,-0.011303012624077624
category_cap2,2023-09-05,2.6136305847115e-07,983932.3054742593,983932.3054745207,0.0,-0.016067694525479292
category_cap2,2023-09-06,2.6137371987570883e-07,983505.398469782,983505.3984700433,0.0,-0.016494601529956632
category_cap2,2023-09-07,2.6138438171516287e-07,977116.9090941758,977116.9090944371,0.0,-0.022883090905562842
category_cap2,2023-09-08,2.613950439895299e-07,971563.4606286167,971563.4606288781,0.0,-0.028436539371121894
category_cap2,2023-09-11,2.6142703342228623e-07,980852.5280835798,980852.5280838413,0.0,-0.01914747191615873
category_cap2,2023-09-12,2.6143769743648254e-07,979312.63938824,979312.6393885014,0.0,-0.020687360611498562
category_cap2,2023-09-13,2.6144836188568056e-07,978183.5182039893,978183.5182042507,0.0,-0.021816481795749243
category_cap2,2023-09-14,2.6145902676989797e-07,987870.6746136881,987870.6746139496,0.0,-0.012129325386050382
category_cap2,2023-09-15,2.6146969208915257e-07,984748.5732853984,984748.5732856599,0.0,-0.0152514267143401
category_cap2,2023-09-18,8.594724931754172e-10,984230.5856941498,984230.5856941506,0.005880699377009166,-0.015769414305849327
category_cap2,2023-09-19,8.595075523915533e-10,985874.733728942,985874.7337289428,0.0,-0.014125266271057146
category_cap2,2023-09-20,8.595426130378092e-10,990623.6931654578,990623.6931654586,0.0,-0.009376306834541381
category_cap2,2023-09-21,8.595776751142432e-10,986033.5208198575,986033.5208198583,0.0,-0.013966479180141711
category_cap2,2023-09-22,8.596127386209137e-10,988583.6010670809,988583.6010670817,0.0,-0.011416398932918348
category_cap2,2023-09-25,8.597179377229277e-10,988282.3944623069,988282.3944623077,0.0,-0.0117176055376923
category_cap2,2023-09-26,8.597530069511276e-10,982928.1661943545,982928.1661943553,0.0,-0.0170718338056447
category_cap2,2023-09-27,8.597880776098556e-10,977267.0200778507,977267.0200778515,0.0,-0.02273297992214851
category_cap2,2023-09-28,8.598231496991703e-10,974292.4395481544,974292.4395481552,0.0,-0.025707560451844857
category_cap2,2023-10-09,2.6531051844358444e-07,969732.1396004801,969732.1396007454,0.667318643906266,-0.030267860399254554
category_cap2,2023-10-10,2.653213408711585e-07,958227.0298501312,958227.0298503966,0.0,-0.04177297014960346
category_cap2,2023-10-11,2.6533216374019617e-07,953088.8169233149,953088.8169235802,0.0,-0.04691118307641973
category_cap2,2023-10-12,2.6534298705071546e-07,969708.9728346665,969708.9728349318,0.0,-0.030291027165068152
category_cap2,2023-10-13,2.653538108027344e-07,967332.8850027564,967332.8850030217,0.0,-0.032667114996978275
category_cap2,2023-10-16,2.6538628470796897e-07,968834.7011643795,968834.7011646449,0.0,-0.031165298835355126
category_cap2,2023-10-17,2.6539711022616646e-07,974521.6961566224,974521.6961568878,0.0,-0.025478303843112227
category_cap2,2023-10-18,2.6540793618595367e-07,966751.6740430472,966751.6740433127,0.0,-0.03324832595668736
category_cap2,2023-10-19,2.6541876258734854e-07,942158.935860941,942158.9358612064,0.0,-0.05784106413879364
category_cap2,2023-10-20,2.6542958943036914e-07,936919.020158381,936919.0201586464,0.0,-0.06308097984135363
category_cap2,2023-10-23,5.3958501666784286e-08,928006.7912112281,928006.7912112821,0.6734342033214413,-0.07199320878871784
category_cap2,2023-10-24,5.396070271776304e-08,928939.0451253653,928939.0451254193,0.0,-0.07106095487458075
category_cap2,2023-10-25,5.3962903858526076e-08,933300.055680361,933300.055680415,0.0,-0.06669994431958504
category_cap2,2023-10-26,5.396510508907706e-08,942836.5245486883,942836.5245487423,0.0,-0.05716347545125766
category_cap2,2023-10-27,5.396730640941965e-08,945215.168412423,945215.168412477,0.0,-0.05478483158752301
category_cap2,2023-10-30,5.3973910909233715e-08,931168.100026933,931168.100026987,0.0,-0.06883189997301298
category_cap2,2023-10-31,5.397611258877937e-08,930919.042306799,930919.042306853,0.0,-0.06908095769314704
category_cap2,2023-11-01,5.397831435813494e-08,931492.4162890041,931492.4162890582,0.0,-0.06850758371094179
category_cap2,2023-11-02,5.398051621730411e-08,935446.3321568419,935446.3321568959,0.0,-0.06455366784310412
category_cap2,2023-11-03,5.3982718166290524e-08,932290.6377753132,932290.6377753672,0.0,-0.06770936222463275
category_cap2,2023-11-06,1.973239704966545e-07,952865.1926944619,952865.1926946592,1.9533432623110012,-0.04713480730534081
category_cap2,2023-11-07,1.9733201964748297e-07,951125.1606272685,951125.1606274658,0.0,-0.04887483937253423
category_cap2,2023-11-08,1.9734006912664877e-07,953188.4338355092,953188.4338357066,0.0,-0.046811566164293494
category_cap2,2023-11-09,1.973481189341653e-07,943402.4249297444,943402.4249299418,0.0,-0.05659757507005825
category_cap2,2023-11-10,1.9735616907004596e-07,938217.879730456,938217.8797306534,0.0,-0.061782120269346597
category_cap2,2023-11-13,1.9738032144800677e-07,931611.571394233,931611.5713944304,0.0,-0.0683884286055696
category_cap2,2023-11-14,1.9738837289747793e-07,930057.401976022,930057.4019762195,0.0,-0.06994259802378056
category_cap2,2023-11-15,1.9739642467538022e-07,941686.6349410098,941686.6349412072,0.0,-0.05831336505879281
category_cap2,2023-11-16,1.97404476781727e-07,922572.1249234955,922572.1249236929,0.0,-0.0774278750763071
category_cap2,2023-11-17,1.9741252921653167e-07,928171.5346034917,928171.5346036891,0.0,-0.07182846539631094
category_cap2,2023-11-20,2.2462336346507072e-07,919129.3422181775,919129.3422184021,1.3412675178093654,-0.08087065778159797
category_cap2,2023-11-21,2.2463252620048282e-07,915115.9525791986,915115.9525794233,0.0,-0.08488404742057665
category_cap2,2023-11-22,2.246416893096571e-07,907731.6257787866,907731.6257790113,0.0,-0.09226837422098866
category_cap2,2023-11-23,2.2465085279260881e-07,916554.1359304737,916554.1359306984,0.0,-0.08344586406930166
category_cap2,2023-11-24,2.2466001664935323e-07,918562.083867454,918562.0838676787,0.0,-0.08143791613232132
category_cap2,2023-11-27,2.2468751046249505e-07,924477.6076026192,924477.6076028439,0.0,-0.07552239239715608
category_cap2,2023-11-28,2.2469667581456266e-07,926156.7157888665,926156.7157890912,0.0,-0.0738432842109088
category_cap2,2023-11-29,2.247058415404992e-07,929431.2830163105,929431.2830165352,0.0,-0.07056871698346479
category_cap2,2023-11-30,2.247150076403199e-07,927347.0338013071,927347.0338015318,0.0,-0.07265296619846828
category_cap2,2023-12-01,2.2472417411404006e-07,929631.7574909107,929631.7574911354,0.0,-0.07036824250886464
category_cap2,2023-12-04,2.2596213966608047e-07,925222.4420350539,925222.4420352798,1.3393553358858605,-0.07477755796472019
category_cap2,2023-12-05,2.259713570122504e-07,907486.4159844909,907486.4159847168,0.0,-0.0925135840152832
category_cap2,2023-12-06,2.2598057473441018e-07,911709.3735636678,911709.3735638937,0.0,-0.0882906264361063
category_cap2,2023-12-07,2.2598979283257514e-07,903127.4539115531,903127.4539117791,0.0,-0.09687254608822093
category_cap2,2023-12-08,2.2599901130676063e-07,904525.1138656195,904525.1138658455,0.0,-0.09547488613415456
category_cap2,2023-12-11,2.2602666898559362e-07,919308.2637271121,919308.2637273382,0.0,-0.0806917362726618
category_cap2,2023-12-12,2.2603588896401457e-07,919837.0069706741,919837.0069709002,0.0,-0.0801629930290998
category_cap2,2023-12-13,2.2604510931853276e-07,912607.3712499754,912607.3712502015,0.0,-0.08739262874979847
category_cap2,2023-12-14,2.260543300491635e-07,914278.771820554,914278.7718207801,0.0,-0.0857212281792199
category_cap2,2023-12-15,2.2606355115592216e-07,903899.7900904405,903899.7900906666,0.0,-0.09610020990933343
category_cap2,2023-12-18,8.19636625237763e-09,901307.1305354098,901307.1305354179,0.021077454168271014,-0.09869286946458211
category_cap2,2023-12-19,8.196700594870558e-09,896764.7665373269,896764.766537335,0.0,-0.10323523346266494
category_cap2,2023-12-20,8.197034951001836e-09,894752.1651979205,894752.1651979287,0.0,-0.10524783480207134
category_cap2,2023-12-21,8.19736932077202e-09,897985.8555706656,897985.8555706737,0.0,-0.10201414442932633
category_cap2,2023-12-22,8.197703704181664e-09,897587.575705935,897587.5757059432,0.0,-0.10241242429405684
category_cap2,2023-12-25,8.198706936252934e-09,902148.1118469853,902148.1118469934,0.0,-0.0978518881530066
category_cap2,2023-12-26,8.19904137422599e-09,892917.8509219706,892917.8509219787,0.0,-0.10708214907802127
category_cap2,2023-12-27,8.199375825841288e-09,900474.2265200147,900474.2265200228,0.0,-0.09952577347997715
category_cap2,2023-12-28,8.199710291099387e-09,900137.5958366268,900137.595836635,0.0,-0.099862404163365
category_cap2,2023-12-29,8.200044770000843e-09,907327.4809325801,907327.4809325882,0.0,-0.09267251906741181
category_cap2,2024-01-02,5.51808625459671e-08,911340.2271560451,911340.2271561003,1.3319967932822359,-0.0886597728438997
category_cap2,2024-01-03,5.5183113458942136e-08,899607.9895751406,899607.9895751958,0.0,-0.10039201042480417
category_cap2,2024-01-04,5.51853644637354e-08,895613.7854281918,895613.785428247,0.0,-0.10438621457175301
category_cap2,2024-01-05,5.5187615560350647e-08,888288.0355000258,888288.035500081,0.0,-0.11171196449991894
category_cap2,2024-01-08,5.519436940116571e-08,872327.1472074385,872327.1472074937,0.0,-0.1276728527925063
category_cap2,2024-01-09,5.519662086510632e-08,878690.7002775922,878690.7002776474,0.0,-0.1213092997223526
category_cap2,2024-01-10,5.5198872420887636e-08,866069.316326208,866069.3163262631,0.0,-0.13393068367373684
category_cap2,2024-01-11,5.5201124068513404e-08,869523.6934360419,869523.6934360971,0.0,-0.13047630656390286
category_cap2,2024-01-12,5.5203375807987374e-08,861967.4961690637,861967.4961691189,0.0,-0.13803250383088106
category_cap2,2024-01-15,2.0791776478290558e-07,861462.073897541,861462.073897749,1.3248678027385934,-0.13853792610225102
category_cap2,2024-01-16,2.0792624607103515e-07,862988.915677036,862988.915677244,0.0,-0.137011084322756
category_cap2,2024-01-17,2.079347277051296e-07,851531.4097451256,851531.4097453335,0.0,-0.14846859025466652
category_cap2,2024-01-18,2.0794320968520308e-07,846019.3340895083,846019.3340897162,0.0,-0.1539806659102838
category_cap2,2024-01-19,2.0795169201126967e-07,837721.5612792447,837721.5612794526,0.0,-0.16227843872054737
category_cap2,2024-01-22,2.0797714106556937e-07,809716.6297030153,809716.6297032234,0.0,-0.19028337029677667
category_cap2,2024-01-23,2.079856247757496e-07,818528.666069115,818528.6660693231,0.0,-0.18147133393067694
category_cap2,2024-01-24,2.0799410883199353e-07,838292.8278691676,838292.8278693756,0.0,-0.16170717213062447
category_cap2,2024-01-25,2.0800259323431527e-07,865544.7475906122,865544.7475908202,0.0,-0.13445525240917977
category_cap2,2024-01-26,2.0801107798272896e-07,875815.8870470616,875815.8870472696,0.0,-0.12418411295273035
category_cap2,2024-01-29,2.39349901676178e-07,875807.3181499182,875807.3181501576,0.6655576707386426,-0.12419268184984245
category_cap2,2024-01-30,2.393596651299262e-07,868511.8873478423,868511.8873480817,0.0,-0.1314881126519183
category_cap2,2024-01-31,2.393694289819409e-07,866723.9976752497,866723.997675489,0.0,-0.13327600232451098
category_cap2,2024-02-01,2.393791932322382e-07,856062.1108576094,856062.1108578488,0.0,-0.14393788914215122
category_cap2,2024-02-02,2.393889578808345e-07,855894.9291307421,855894.9291309814,0.0,-0.14410507086901858
category_cap2,2024-02-05,2.3941825421657926e-07,861784.3935831868,861784.3935834263,0.0,-0.1382156064165737
category_cap2,2024-02-06,2.3942802045853365e-07,872229.8822137833,872229.8822140228,0.0,-0.12777011778597724
category_cap2,2024-02-07,2.394377870988682e-07,886059.254121708,886059.2541219475,0.0,-0.11394074587805259
category_cap2,2024-02-08,2.394475541375992e-07,886878.9119649604,886878.9119651999,0.0,-0.11312108803480014
category_cap2,2024-02-19,2.389424480497837e-07,909100.8019421733,909100.8019424123,0.6538615976763849,-0.09089919805758773
category_cap2,2024-02-20,2.3895219488286654e-07,917147.7877446187,917147.7877448577,0.0,-0.08285221225514228
category_cap2,2024-02-21,2.389619421135378e-07,918956.3244558102,918956.3244560492,0.0,-0.08104367554395076
category_cap2,2024-02-22,2.3897168974181373e-07,940193.3505709462,940193.3505711852,0.0,-0.05980664942881475
category_cap2,2024-02-23,2.3898143776771055e-07,933685.0842426156,933685.0842428546,0.0,-0.06631491575714543
category_cap2,2024-02-26,2.3901068423128845e-07,912873.111388471,912873.11138871,0.0,-0.08712688861129003
category_cap2,2024-02-27,2.3902043384783097e-07,916437.1201378728,916437.1201381118,0.0,-0.08356287986188826
category_cap2,2024-02-28,2.390301838620755e-07,913158.9734971866,913158.9734974256,0.0,-0.08684102650257441
category_cap2,2024-02-29,2.3903993427403816e-07,918891.7760940162,918891.7760942552,0.0,-0.08110822390574479
category_cap2,2024-03-01,2.390496850837353e-07,925028.3015972979,925028.3015975369,0.0,-0.0749716984024631
category_cap2,2024-03-04,3.155946615152061e-09,933823.6270448689,933823.627044872,0.02496072864435336,-0.06617637295512802
category_cap2,2024-03-05,3.1560753511097247e-09,942529.9412714321,942529.9412714352,0.0,-0.05747005872856481
category_cap2,2024-03-06,3.156204092318728e-09,942377.5933992648,942377.593399268,0.0,-0.057622406600732035
category_cap2,2024-03-07,3.1563328387792847e-09,949451.1625386421,949451.1625386452,0.0,-0.050548837461354745
category_cap2,2024-03-08,3.156461590491609e-09,947497.4649304859,947497.4649304891,0.0,-0.05250253506951097
category_cap2,2024-03-11,3.1568478771413324e-09,933159.2880390728,933159.2880390759,0.0,-0.06684071196092412
category_cap2,2024-03-12,3.1569766498628706e-09,909498.6533079171,909498.6533079202,0.0,-0.09050134669207976
category_cap2,2024-03-13,3.157105427837248e-09,905310.1054660943,905310.1054660975,0.0,-0.09468989453390253
category_cap2,2024-03-14,3.1572342110646784e-09,907588.1802548266,907588.1802548297,0.0,-0.09241181974517032
category_cap2,2024-03-15,3.1573629995453766e-09,906422.5933977037,906422.5933977069,0.0,-0.09357740660229319
category_cap2,2024-03-18,2.4674227461218834e-07,899711.3301939273,899711.3301941741,0.669111928021677,-0.10028866980582596
category_cap2,2024-03-19,2.4675233961229505e-07,894367.9179941067,894367.9179943535,0.0,-0.10563208200564655
category_cap2,2024-03-20,2.4676240502296874e-07,894077.7367448683,894077.7367451151,0.0,-0.10592226325488485
category_cap2,2024-03-21,2.4677247084422614e-07,897299.4827208853,897299.4827211321,0.0,-0.10270051727886786
category_cap2,2024-03-22,2.4678253707608403e-07,892012.7710163957,892012.7710166425,0.0,-0.10798722898335755
category_cap2,2024-03-25,2.4681273823542794e-07,893155.6704096112,893155.670409858,0.0,-0.106844329590142
category_cap2,2024-03-26,2.4682280610985514e-07,894366.2426929246,894366.2426931714,0.0,-0.10563375730682867
category_cap2,2024-03-27,2.468328743949666e-07,893010.5741769557,893010.5741772025,0.0,-0.10698942582279747
category_cap2,2024-03-28,2.46842943090779e-07,891526.5875261491,891526.5875263959,0.0,-0.10847341247360409
category_cap2,2024-03-29,2.468530121973091e-07,900655.9466818355,900655.9466820823,0.0,-0.09934405331791774
category_cap2,2024-04-01,2.459273673593998e-07,904911.250322883,904911.2503231289,0.6635055399195976,-0.09508874967687109
category_cap2,2024-04-02,2.459373991181757e-07,908864.4720555462,908864.4720557922,0.0,-0.09113552794420776
category_cap2,2024-04-03,2.4594743128616256e-07,910202.3781278963,910202.3781281423,0.0,-0.08979762187185769
category_cap2,2024-04-08,2.4599759826484627e-07,921099.2156100421,921099.2156102881,0.0,-0.07890078438971193
category_cap2,2024-04-09,2.460076328884497e-07,914740.4735067494,914740.4735069954,0.0,-0.08525952649300461
category_cap2,2024-04-10,2.46017667921381e-07,916754.7091345338,916754.7091347798,0.0,-0.08324529086522026
category_cap2,2024-04-11,2.4602770336365683e-07,923859.1228276067,923859.1228278527,0.0,-0.07614087717214724
category_cap2,2024-04-12,2.4603773921529397e-07,917816.9005212823,917816.9005215283,0.0,-0.08218309947847169
category_cap2,2024-04-15,2.2328458726406097e-07,919273.8921581756,919273.8921583989,1.3340106059986274,-0.08072610784160117
category_cap2,2024-04-16,2.2329369538871524e-07,897290.8279706175,897290.8279708407,0.0,-0.1027091720291593
category_cap2,2024-04-17,2.2330280388490403e-07,910782.1932312612,910782.1932314845,0.0,-0.08921780676851554
category_cap2,2024-04-18,2.2331191275264251e-07,917499.3895046486,917499.3895048719,0.0,-0.08250061049512813
category_cap2,2024-04-19,2.2332102199194585e-07,916445.0403311574,916445.0403313807,0.0,-0.08355495966861937
category_cap2,2024-04-22,2.233483519393965e-07,908216.1089178192,908216.1089180426,0.0,-0.09178389108195739
category_cap2,2024-04-23,2.2335746266511077e-07,880093.0367240197,880093.0367242431,0.0,-0.1199069632757569
category_cap2,2024-04-24,2.2336657376246568e-07,894604.5228122334,894604.5228124568,0.0,-0.10539547718754316
category_cap2,2024-04-25,2.233756852314764e-07,897105.8877155484,897105.8877157718,0.0,-0.10289411228422818
category_cap2,2024-04-26,2.2338479707215804e-07,909455.7100974787,909455.7100977021,0.0,-0.0905442899022979
category_cap2,2024-04-29,2.2043241187930107e-07,906223.8898701475,906223.889870368,1.3340415184818626,-0.09377611012963205
category_cap2,2024-04-30,2.2044140365929735e-07,914548.9901507685,914548.990150989,0.0,-0.085451009849011
category_cap2,2024-05-06,2.2049536204236044e-07,917919.5977439452,917919.5977441657,0.0,-0.08208040225583435
category_cap2,2024-05-07,2.205043563901915e-07,912807.4614523009,912807.4614525214,0.0,-0.08719253854747866
category_cap2,2024-05-08,2.2051335110491595e-07,909524.0248483196,909524.0248485401,0.0,-0.09047597515145989
category_cap2,2024-05-09,2.2052234618654877e-07,914190.2681500672,914190.2681502877,0.0,-0.0858097318497123
category_cap2,2024-05-10,2.2053134163510493e-07,924071.2742384835,924071.274238704,0.0,-0.07592872576129595
category_cap2,2024-05-13,3.1956005841493607e-08,928235.9007068682,928235.9007069,0.6678156195260315,-0.0717640992930999
category_cap2,2024-05-14,3.1957309376539274e-08,931424.3405678056,931424.3405678376,0.0,-0.06857565943216237
category_cap2,2024-05-15,3.195861296475816e-08,928119.0812349942,928119.0812350262,0.0,-0.07188091876497371
category_cap2,2024-05-16,3.1959916606152437e-08,928586.3233745008,928586.3233745329,0.0,-0.07141367662546716
category_cap2,2024-05-17,3.196122030072426e-08,938594.3797700433,938594.3797700753,0.0,-0.061405620229924684
category_cap2,2024-05-20,3.196513170352676e-08,947680.0440316834,947680.0440317154,0.0,-0.05231995596828465
category_cap2,2024-05-21,3.19664356108305e-08,946071.8949329117,946071.8949329437,0.0,-0.05392810506705625
category_cap2,2024-05-22,3.1967739571322636e-08,945247.8451426679,945247.8451426999,0.0,-0.05475215485730012
category_cap2,2024-05-23,3.196904358500535e-08,927407.3564048586,927407.3564048907,0.0,-0.07259264359510931
category_cap2,2024-05-24,3.1970347651880794e-08,928973.94983914,928973.9498391721,0.0,-0.07102605016082797
category_cap2,2024-05-27,1.1688098311424255e-07,936200.652474062,936200.6524741789,0.6753932113902682,-0.06379934752582106
category_cap2,2024-05-28,1.1688575087083947e-07,936618.0838177837,936618.0838179006,0.0,-0.06338191618209943
category_cap2,2024-05-29,1.1689051882192056e-07,938658.1682329593,938658.1682330762,0.0,-0.06134183176692376
category_cap2,2024-05-30,1.1689528696749378e-07,926801.9188392749,926801.9188393918,0.0,-0.07319808116060822
category_cap2,2024-05-31,1.1690005530756706e-07,927490.4373691513,927490.4373692682,0.0,-0.07250956263073183
category_cap2,2024-06-03,1.1691436149486656e-07,916174.8143295867,916174.8143297036,0.0,-0.0838251856702964
category_cap2,2024-06-04,1.1691913061301938e-07,923589.7246895566,923589.7246896735,0.0,-0.07641027531032651
category_cap2,2024-06-05,1.1692389992571193e-07,907823.9928466168,907823.9928467337,0.0,-0.09217600715326635
category_cap2,2024-06-06,1.1692866943295215e-07,910214.7011140722,910214.7011141891,0.0,-0.08978529888581088
category_cap2,2024-06-07,1.1693343913474797e-07,915318.439872712,915318.4398728289,0.0,-0.0846815601271711
category_cap2,2024-06-11,2.2078165784478188e-07,896380.0485974228,896380.0485976436,1.3537078456990683,-0.10361995140235636
category_cap2,2024-06-12,2.207906638710628e-07,899393.2636438825,899393.2636441033,0.0,-0.10060673635589668
category_cap2,2024-06-13,2.207996702647135e-07,896915.4834260938,896915.4834263147,0.0,-0.10308451657368534
category_cap2,2024-06-14,2.2080867702574898e-07,894889.1093544611,894889.1093546819,0.0,-0.10511089064531809
category_cap2,2024-06-17,2.2083569951331388e-07,884408.9055572017,884408.9055574225,0.0,-0.11559109444257742
category_cap2,2024-06-18,2.2084470774403828e-07,886307.4231679267,886307.4231681476,0.0,-0.11369257683185241
category_cap2,2024-06-19,2.2085371634222238e-07,888199.4007414891,888199.40074171,0.0,-0.11180059925829
category_cap2,2024-06-20,2.2086272530788117e-07,887465.3722951114,887465.3722953323,0.0,-0.11253462770466771
category_cap2,2024-06-21,2.2087173464102965e-07,888866.4886244908,888866.4886247116,0.0,-0.11113351137528837
category_cap2,2024-06-24,2.4226028472185135e-07,884608.5192188865,884608.5192191288,0.6683738576516463,-0.11539148078087125
category_cap2,2024-06-25,2.4227016689463835e-07,888886.7299313897,888886.7299316319,0.0,-0.11111327006836802
category_cap2,2024-06-26,2.422800494705345e-07,889992.1478202138,889992.1478204561,0.0,-0.1100078521795439
category_cap2,2024-06-27,2.422899324495563e-07,894242.8581132011,894242.8581134434,0.0,-0.1057571418865566
category_cap2,2024-06-28,2.422998158317201e-07,901852.6006160697,901852.600616312,0.0,-0.098147399383688
category_cap2,2024-07-01,2.4232946839722833e-07,912726.2949960846,912726.294996327,0.0,-0.08727370500367293
category_cap2,2024-07-02,2.4233935339212476e-07,919021.7687226607,919021.7687229031,0.0,-0.08097823127709691
category_cap2,2024-07-03,2.423492387902455e-07,912285.2686714812,912285.2686717235,0.0,-0.08771473132827645
category_cap2,2024-07-04,2.4235912459160694e-07,912879.8904539398,912879.8904541822,0.0,-0.08712010954581784
category_cap2,2024-07-05,2.4236901079622556e-07,902311.0949331096,902311.094933352,0.0,-0.09768890506664807
category_cap2,2024-07-08,1.1257361620664597e-07,906044.655970651,906044.6559707635,0.6663051496625931,-0.09395534402923644
category_cap2,2024-07-09,1.125782082590655e-07,914248.6576825003,914248.6576826129,0.0,-0.08575134231738712
category_cap2,2024-07-10,1.1258280049880197e-07,915040.3576409305,915040.357641043,0.0,-0.08495964235895692
category_cap2,2024-07-11,1.1258739292586303e-07,915009.4189529363,915009.4189530489,0.0,-0.08499058104695112
category_cap2,2024-07-12,1.125919855402563e-07,927943.1456487908,927943.1456489033,0.0,-0.07205685435109666
category_cap2,2024-07-15,1.1260576450750593e-07,936757.6015263316,936757.6015264442,0.0,-0.06324239847355584
category_cap2,2024-07-16,1.1261035787130453e-07,935519.1426518571,935519.1426519697,0.0,-0.06448085734803033
category_cap2,2024-07-17,1.1261495142247355e-07,939500.0323985866,939500.0323986992,0.0,-0.06049996760130083
category_cap2,2024-07-18,1.1261954516102066e-07,941189.4125872946,941189.4125874072,0.0,-0.05881058741259282
category_cap2,2024-07-19,1.1262413908695348e-07,941899.5455016037,941899.5455017163,0.0,-0.058100454498283716
category_cap2,2024-07-22,1.271700966753997e-09,929499.8629663673,929499.8629663686,0.0035601775501263953,-0.07050013703363145
category_cap2,2024-07-23,1.2717528414089834e-09,931296.0850101534,931296.0850101546,0.0,-0.0687039149898454
category_cap2,2024-07-24,1.2718047181800176e-09,931255.341659636,931255.3416596373,0.0,-0.0687446583403627
category_cap2,2024-07-25,1.2718565970671858e-09,922749.4026246101,922749.4026246114,0.0,-0.07725059737538864
category_cap2,2024-07-26,1.2719084780705742e-09,913543.7024675168,913543.702467518,0.0,-0.08645629753248196
category_cap2,2024-07-29,1.2720641337789246e-09,921428.2812880359,921428.2812880372,0.0,-0.07857171871196278
category_cap2,2024-07-30,1.2721160232480574e-09,916736.8142340484,916736.8142340496,0.0,-0.08326318576595038
category_cap2,2024-07-31,1.2721679148338422e-09,917323.149412901,917323.1494129023,0.0,-0.08267685058709773
category_cap2,2024-08-01,1.2722198085363653e-09,917124.4480509735,917124.4480509748,0.0,-0.0828755519490253
category_cap2,2024-08-02,1.272271704355713e-09,912805.1275921173,912805.1275921186,0.0,-0.08719487240788137
category_cap2,2024-08-05,3.3032847568392754e-09,904522.2638628972,904522.2638629004,0.009241956819902383,-0.09547773613709953
category_cap2,2024-08-06,3.303419502948277e-09,896974.4853460238,896974.4853460271,0.0,-0.10302551465397292
category_cap2,2024-08-07,3.303554254553781e-09,898829.1522665181,898829.1522665214,0.0,-0.10117084773347862
category_cap2,2024-08-08,3.303689011656012e-09,902031.4311433302,902031.4311433334,0.0,-0.0979685688566666
category_cap2,2024-08-09,3.3038237742551944e-09,903808.691628754,903808.6916287573,0.0,-0.09619130837124268
category_cap2,2024-08-12,3.304228095036692e-09,901640.3540094655,901640.3540094688,0.0,-0.09835964599053115
category_cap2,2024-08-13,3.3043628796259216e-09,903924.6694590657,903924.6694590689,0.0,-0.09607533054093109
category_cap2,2024-08-14,3.3044976697132236e-09,902348.3191821235,902348.3191821268,0.0,-0.09765168081787323
category_cap2,2024-08-15,3.3046324652988224e-09,914320.0950372296,914320.0950372329,0.0,-0.08567990496276712
category_cap2,2024-08-16,3.3047672663829422e-09,922379.2371213796,922379.2371213828,0.0,-0.07762076287861719
category_cap2,2024-08-19,2.5209737941622734e-07,932525.764495956,932525.7644962082,0.6595302381310251,-0.06747423550379184
category_cap2,2024-08-20,2.521076628593654e-07,933177.8354808871,933177.8354811392,0.0,-0.0668221645188608
category_cap2,2024-08-21,2.5211794672198105e-07,925813.5511920077,925813.5511922599,0.0,-0.07418644880774017
category_cap2,2024-08-22,2.521282310040914e-07,934056.4705673545,934056.4705676066,0.0,-0.06594352943239334
category_cap2,2024-08-23,2.521385157057136e-07,934239.2118446745,934239.2118449267,0.0,-0.06576078815507325
category_cap2,2024-08-26,2.5216937232782225e-07,932913.1531360872,932913.1531363394,0.0,-0.06708684686366062
category_cap2,2024-08-27,2.5217965870766284e-07,933832.5960633408,933832.5960635929,0.0,-0.06616740393640708
category_cap2,2024-08-28,2.5218994550710083e-07,930119.1022823792,930119.1022826313,0.0,-0.06988089771736872
category_cap2,2024-08-29,2.5220023272615334e-07,906885.6535416974,906885.6535419496,0.0,-0.09311434645805039
category_cap2,2024-08-30,2.5221052036483746e-07,894045.2047974088,894045.2047976609,0.0,-0.10595479520233908
category_cap2,2024-09-02,2.399901859462261e-07,884784.6725362762,884784.6725365161,1.3482961811072376,-0.11521532746348395
category_cap2,2024-09-03,2.399999755181629e-07,879913.7097067963,879913.7097070364,0.0,-0.12008629029296358
category_cap2,2024-09-04,2.4000976548943156e-07,873091.5823895689,873091.582389809,0.0,-0.126908417610191
category_cap2,2024-09-05,2.4001955586004827e-07,874460.0666099964,874460.0666102364,0.0,-0.12553993338976355
category_cap2,2024-09-06,2.400293466300294e-07,869795.8681429838,869795.8681432238,0.0,-0.13020413185677615
category_cap2,2024-09-09,2.400587213363221e-07,856710.2443757583,856710.2443759984,0.0,-0.1432897556240016
category_cap2,2024-09-10,2.400685137039238e-07,863313.5554763587,863313.5554765988,0.0,-0.13668644452340117
category_cap2,2024-09-11,2.400783064709713e-07,851756.9876419234,851756.9876421634,0.0,-0.14824301235783655
category_cap2,2024-09-12,2.40088099637481e-07,849654.1541658338,849654.1541660739,0.0,-0.15034584583392607
category_cap2,2024-09-13,2.400978932034691e-07,847979.183432769,847979.1834330091,0.0,-0.15202081656699096
category_cap2,2024-09-18,2.3201573640108109e-07,853395.1163784061,853395.1163786381,0.6625361172893697,-0.14660488362136193
category_cap2,2024-09-19,2.3202520068285165e-07,860559.234348302,860559.234348534,0.0,-0.13944076565146601
category_cap2,2024-09-20,2.3203466535068496e-07,864869.4046251907,864869.4046254227,0.0,-0.13513059537457728
category_cap2,2024-09-23,2.3206306167071877e-07,868181.5321541133,868181.5321543453,0.0,-0.13181846784565465
category_cap2,2024-09-24,2.3207252788296048e-07,900731.0638709911,900731.0638712231,0.0,-0.09926893612877685
category_cap2,2024-09-25,2.3208199448134368e-07,911402.2544430112,911402.2544432434,0.0,-0.08859774555675659
category_cap2,2024-09-26,2.3209146146588412e-07,939833.8556381492,939833.8556383813,0.0,-0.06016614436161871
category_cap2,2024-09-27,2.3210092883659753e-07,944881.9652830423,944881.9652832744,0.0,-0.055118034716725606
category_cap2,2024-09-30,2.3242319002747536e-07,990270.4572812602,990270.4572814927,1.2888492033913237,-0.009729542718507345
category_cap2,2024-10-08,2.3249904807658696e-07,1073432.750763238,1073432.7507634705,0.0,0.07343275076347044
category_cap2,2024-10-09,2.3250853207339043e-07,973551.5815322518,973551.5815324843,0.0,-0.026448418467515777
category_cap2,2024-10-10,2.3251801645706085e-07,956745.6655096733,956745.6655099058,0.0,-0.04325433449009419
category_cap2,2024-10-11,2.32527501227614e-07,951137.7177372605,951137.717737493,0.0,-0.048862282262506995
category_cap2,2024-10-14,2.0256265997886658e-07,980310.9680548249,980310.9680550274,1.304111666167425,-0.019689031944972624
category_cap2,2024-10-15,2.025709228239648e-07,953534.4064844945,953534.406484697,0.0,-0.046465593515302994
category_cap2,2024-10-16,2.025791860061173e-07,957714.8295986542,957714.8295988567,0.0,-0.04228517040114321
category_cap2,2024-10-17,2.025874495253378e-07,954848.2872278163,954848.2872280189,0.0,-0.045151712771981156
category_cap2,2024-10-18,2.0259571338164008e-07,1008037.7242956616,1008037.7242958641,0.0,0.008037724295864024
category_cap2,2024-10-21,2.0262050697317506e-07,1011297.2465016108,1011297.2465018134,0.0,0.011297246501813518
category_cap2,2024-10-22,2.026287721779419e-07,999795.3639771504,999795.3639773531,0.0,-0.00020463602264686465
category_cap2,2024-10-23,2.0263703771985928e-07,997376.6822342402,997376.6822344429,0.0,-0.0026233177655571316
category_cap2,2024-10-24,2.0264530359894093e-07,987001.5709693355,987001.5709695382,0.0,-0.012998429030461778
category_cap2,2024-10-25,2.026535698152006e-07,990876.3984429021,990876.3984431048,0.0,-0.009123601556895178
category_cap2,2024-10-28,1.7543788999319077e-07,996182.3457091933,996182.3457093687,0.6758378493233062,-0.0038176542906313005
category_cap2,2024-10-29,1.7544504637684769e-07,988896.8417061763,988896.8417063517,0.0,-0.011103158293648274
category_cap2,2024-10-30,1.7545220305242459e-07,988523.0727404181,988523.0727405936,0.0,-0.011476927259406411
category_cap2,2024-10-31,1.7545936001993338e-07,1012803.7592272817,1012803.7592274571,0.0,0.012803759227457023
category_cap2,2024-11-01,1.75466517279386e-07,970389.651938635,970389.6519388105,0.0,-0.029610348061189562
category_cap2,2024-11-04,1.7548799080952578e-07,999650.6163944711,999650.6163946466,0.0,-0.00034938360535341495
category_cap2,2024-11-05,1.754951492368727e-07,1067044.7059643227,1067044.7059644982,0.0,0.0670447059644983
category_cap2,2024-11-06,1.7550230795622297e-07,1062545.226340004,1062545.2263401796,0.0,0.06254522634017956
category_cap2,2024-11-07,1.755094669675885e-07,1131281.6893613662,1131281.6893615418,0.0,0.13128168936154183
category_cap2,2024-11-08,1.7551662627098123e-07,1112502.8161863838,1112502.8161865594,0.0,0.11250281618655933
category_cap2,2024-11-11,2.6711495593190193e-07,1151336.7505202473,1151336.7505205143,1.273262319600821,0.15133675052051432
category_cap2,2024-11-12,2.6712585196528004e-07,1132140.584898694,1132140.584898961,0.0,0.13214058489896097
category_cap2,2024-11-13,2.6713674844312423e-07,1140645.874245675,1140645.874245942,0.0,0.14064587424594222
category_cap2,2024-11-14,2.6714764536545267e-07,1103266.3075486016,1103266.3075488687,0.0,0.10326630754886867
category_cap2,2024-11-15,2.6715854273228346e-07,1058460.6811779772,1058460.6811782443,0.0,0.05846068117824421
category_cap2,2024-11-18,2.671912374999714e-07,1015465.6400557407,1015465.6400560079,0.0,0.015465640056007812
category_cap2,2024-11-19,2.6720213664499296e-07,1047046.0443003285,1047046.0443005956,0.0,0.04704604430059556
category_cap2,2024-11-20,2.6721303623460756e-07,1057367.660252161,1057367.6602524284,0.0,0.057367660252428454
category_cap2,2024-11-21,2.6722393626883335e-07,1068947.5347738813,1068947.5347741486,0.0,0.06894753477414861
category_cap2,2024-11-22,2.6723483674768843e-07,1024238.3689746198,1024238.3689748871,0.0,0.02423836897488707
category_cap2,2024-11-25,2.7957139536738396e-07,1015693.1754980031,1015693.1754982828,0.6711560015226382,0.015693175498282752
category_cap2,2024-11-26,2.7958279951824796e-07,995870.7738318192,995870.7738320988,0.0,-0.004129226167901234
category_cap2,2024-11-27,2.79594204134305e-07,1034568.5497302923,1034568.5497305719,0.0,0.034568549730571885
category_cap2,2024-11-28,2.79605609215574e-07,1024647.1000876434,1024647.100087923,0.0,0.024647100087922924
category_cap2,2024-11-29,2.79617014762074e-07,1069712.332250555,1069712.3322508347,0.0,0.06971233225083462
category_cap2,2024-12-02,2.796512341931494e-07,1077974.6426951971,1077974.6426954768,0.0,0.07797464269547683
category_cap2,2024-12-03,2.79662641600763e-07,1068526.0811688877,1068526.0811691673,0.0,0.06852608116916725
category_cap2,2024-12-04,2.796740494737024e-07,1054088.7615444798,1054088.7615447594,0.0,0.05408876154475939
category_cap2,2024-12-05,2.7968545781198666e-07,1079228.967271492,1079228.9672717715,0.0,0.07922896727177142
category_cap2,2024-12-06,2.796968666156347e-07,1081075.7974861136,1081075.7974863932,0.0,0.08107579748639315
category_cap2,2024-12-09,2.612359821796417e-07,1067633.9408740548,1067633.940874316,1.343562719476025,0.06763394087431607
category_cap2,2024-12-10,2.6124663840056153e-07,1083696.9135204302,1083696.9135206915,0.0,0.08369691352069153
category_cap2,2024-12-11,2.612572950561651e-07,1077780.8875655476,1077780.8875658088,0.0,0.07778088756580881
category_cap2,2024-12-12,2.612679521464702e-07,1091895.5385743286,1091895.5385745899,0.0,0.09189553857458987
category_cap2,2024-12-13,2.6127860967149453e-07,1056292.9844263478,1056292.984426609,0.0,0.056292984426608905
category_cap2,2024-12-16,2.6131058485506033e-07,1035744.702508847,1035744.7025091083,0.0,0.03574470250910844
category_cap2,2024-12-17,2.6132124411913897e-07,1024437.7966556023,1024437.7966558636,0.0,0.024437796655863542
category_cap2,2024-12-18,2.613319038180255e-07,1030277.5369278153,1030277.5369280766,0.0,0.030277536928076554
category_cap2,2024-12-19,2.613425639517377e-07,1035176.3433588473,1035176.3433591087,0.0,0.035176343359108575
category_cap2,2024-12-20,2.613532245202933e-07,1042675.3227486159,1042675.3227488772,0.0,0.0426753227488772
category_cap2,2024-12-23,2.522137947380543e-07,1017025.1581503022,1017025.1581505544,1.362696265027567,0.017025158150554498
category_cap2,2024-12-24,2.522240829299539e-07,1028280.03907835,1028280.0390786022,0.0,0.028280039078602215
category_cap2,2024-12-25,2.522343715415248e-07,1021950.9779780173,1021950.9779782696,0.0,0.021950977978269615
category_cap2,2024-12-26,2.522446605727841e-07,1035297.1098118473,1035297.1098120996,0.0,0.03529710981209955
category_cap2,2024-12-27,2.52254950023749e-07,1033138.2600897249,1033138.2600899772,0.0,0.03313826008997722
category_cap2,2024-12-30,2.522858208950482e-07,1038024.8481384991,1038024.8481387513,0.0,0.03802484813875129
category_cap2,2024-12-31,2.5229611202500646e-07,989137.1794481296,989137.1794483819,0.0,-0.010862820551618135
category_cap2,2025-01-02,2.5231669554431364e-07,944237.2588379923,944237.2588382446,0.0,-0.05576274116175539
category_cap2,2025-01-03,2.5232698793369677e-07,914889.1033756874,914889.1033759397,0.0,-0.08511089662406035
category_cap2,2025-01-06,1.930748112499714e-07,912971.7210322351,912971.7210324281,1.9932178640828317,-0.08702827896757193
category_cap2,2025-01-07,1.9308268707100324e-07,917362.7434660301,917362.7434662232,0.0,-0.08263725653377674
category_cap2,2025-01-08,1.9309056321330205e-07,922426.5467213979,922426.546721591,0.0,-0.07757345327840892
category_cap2,2025-01-09,1.9309843967688092e-07,916747.2092626654,916747.2092628585,0.0,-0.08325279073714154
category_cap2,2025-01-10,1.9310631646175296e-07,909221.8335750019,909221.833575195,0.0,-0.09077816642480496
category_cap2,2025-01-13,1.9312994874425916e-07,896968.0466588353,896968.0466590284,0.0,-0.1030319533409716
category_cap2,2025-01-14,1.9313782681443493e-07,910805.5493177818,910805.549317975,0.0,-0.08919445068202503
category_cap2,2025-01-15,1.931457052059694e-07,916137.7171559295,916137.7171561227,0.0,-0.08386228284387731
category_cap2,2025-01-16,1.9315358391887567e-07,923641.2278244578,923641.2278246509,0.0,-0.07635877217534903
category_cap2,2025-01-17,1.9316146295316686e-07,920456.5410297121,920456.5410299052,0.0,-0.07954345897009485
category_cap2,2025-01-20,2.5180634111166e-07,917072.2109162797,917072.2109165315,0.6696442261949432,-0.08292778908346854
category_cap2,2025-01-21,2.518166126828942e-07,921807.9449941588,921807.9449944106,0.0,-0.07819205500558934
category_cap2,2025-01-22,2.518268846731217e-07,910616.5480897527,910616.5480900045,0.0,-0.08938345190999553
category_cap2,2025-01-23,2.5183715708235963e-07,921956.3147598647,921956.3147601165,0.0,-0.07804368523988348
category_cap2,2025-01-24,2.5184742991062507e-07,926634.5423444342,926634.542344686,0.0,-0.07336545765531399
category_cap2,2025-01-27,2.518782509097574e-07,923917.5482440679,923917.5482443199,0.0,-0.07608245175568018
category_cap2,2025-02-05,2.5512417778372765e-07,925822.827102417,925822.8271026721,0.6719084852008058,-0.07417717289732795
category_cap2,2025-02-06,2.55134584694666e-07,934694.9293277572,934694.9293280124,0.0,-0.06530507067198765
category_cap2,2025-02-07,2.551449920301184e-07,934670.0262000244,934670.0262002796,0.0,-0.06532997379972039
category_cap2,2025-02-10,2.5517621658373315e-07,938714.8470133586,938714.8470136138,0.0,-0.06128515298638626
category_cap2,2025-02-11,2.551866256174149e-07,939943.359798511,939943.3597987662,0.0,-0.0600566402012338
category_cap2,2025-02-12,2.5519703507569727e-07,949905.0945764767,949905.0945767319,0.0,-0.05009490542326811
category_cap2,2025-02-13,2.552074449585976e-07,943459.5918915176,943459.5918917728,0.0,-0.056540408108227136
category_cap2,2025-02-14,2.552178552661332e-07,945217.2006675093,945217.2006677645,0.0,-0.05478279933223551
category_cap2,2025-02-17,2.0139850676059723e-07,919895.8090269163,919895.8090271177,2.0590309804872233,-0.08010419097288235
category_cap2,2025-02-18,2.0140672211807996e-07,883733.3813531778,883733.3813533792,0.0,-0.1162666186466208
category_cap2,2025-02-19,2.0141493781067987e-07,903017.6610326921,903017.6610328935,0.0,-0.09698233896710651
category_cap2,2025-02-20,2.0142315383841062e-07,893112.8018372648,893112.8018374662,0.0,-0.10688719816253378
category_cap2,2025-02-21,2.0143137020128588e-07,922644.9491025318,922644.9491027332,0.0,-0.0773550508972668
category_cap2,2025-02-24,2.014560213009155e-07,910763.2869950542,910763.2869952556,0.0,-0.08923671300474434
category_cap2,2025-02-25,2.0146423900450553e-07,882976.0487283395,882976.048728541,0.0,-0.11702395127145904
category_cap2,2025-02-26,2.0147245704330843e-07,890536.3112450719,890536.3112452734,0.0,-0.10946368875472656
category_cap2,2025-02-27,2.0148067541733789e-07,887169.5545435651,887169.5545437667,0.0,-0.11283044545623333
category_cap2,2025-02-28,2.0148889412660757e-07,840221.5437623232,840221.5437625247,0.0,-0.15977845623747522
category_cap2,2025-03-03,1.7863931134343147e-07,825106.1619614674,825106.161961646,2.041023991489303,-0.1748938380383539
category_cap2,2025-03-04,1.7864659831803104e-07,843634.4136020164,843634.4136021951,0.0,-0.15636558639780496
category_cap2,2025-03-05,1.786538855898776e-07,850640.7521767765,850640.7521769552,0.0,-0.14935924782304477
category_cap2,2025-03-06,1.7866117315898327e-07,877176.1228321282,877176.1228323069,0.0,-0.12282387716769305
category_cap2,2025-03-07,1.786684610253602e-07,864054.3627867684,864054.362786947,0.0,-0.13594563721305297
category_cap2,2025-03-10,1.7869032640823977e-07,866191.364377176,866191.3643773547,0.0,-0.13380863562264522
category_cap2,2025-03-11,1.7869761546382294e-07,859740.3239583775,859740.3239585562,0.0,-0.14025967604144385
category_cap2,2025-03-12,1.78704904816738e-07,856207.3705409326,856207.3705411113,0.0,-0.1437926294588887
category_cap2,2025-03-13,1.787121944669971e-07,830959.4932654995,830959.4932656782,0.0,-0.1690405067343218
category_cap2,2025-03-14,1.7871948441461231e-07,844783.6564940849,844783.6564942636,0.0,-0.15521634350573643
category_cap2,2025-03-17,2.3102620616555214e-07,840431.2882640745,840431.2882643056,0.6703220253511017,-0.15956871173569442
category_cap2,2025-03-18,2.3103563008284952e-07,843421.1902054512,843421.1902056823,0.0,-0.1565788097943177
category_cap2,2025-03-19,2.310450543845631e-07,836805.07449568,836805.0744959111,0.0,-0.16319492550408887
category_cap2,2025-03-20,2.3105447907070855e-07,832053.6265576978,832053.6265579289,0.0,-0.1679463734420712
category_cap2,2025-03-21,2.310639041413016e-07,813076.5866934261,813076.5866936572,0.0,-0.18692341330634277
category_cap2,2025-03-24,2.3109218165992296e-07,822120.1435000773,822120.1435003084,0.0,-0.17787985649969162
category_cap2,2025-03-25,2.3110160826846308e-07,805188.983218981,805188.983219212,0.0,-0.19481101678078794
category_cap2,2025-03-26,2.3111103526152918e-07,805879.9590979113,805879.9590981423,0.0,-0.19412004090185764
category_cap2,2025-03-27,2.3112046263913697e-07,810796.251108653,810796.2511088841,0.0,-0.1892037488911159
category_cap2,2025-03-28,2.311298904013021e-07,800141.0730094843,800141.0730097154,0.0,-0.19985892699028462
category_cap2,2025-03-31,1.1117663234472275e-07,809733.8816191236,809733.8816192348,0.672282039879213,-0.19026611838076524
category_cap2,2025-04-01,1.1118116741200367e-07,809897.2130757065,809897.2130758177,0.0,-0.19010278692418237
category_cap2,2025-04-02,1.1118570266427703e-07,807795.9220921153,807795.9220922265,0.0,-0.1922040779077735
category_cap2,2025-04-03,1.1119023810155036e-07,798965.9317091781,798965.9317092893,0.0,-0.2010340682907107
category_cap2,2025-04-07,1.112083817007944e-07,714025.5753624034,714025.5753625146,0.0,-0.28597442463748546
category_cap2,2025-04-08,1.112129180631808e-07,720763.8548184475,720763.8548185587,0.0,-0.27923614518144135
category_cap2,2025-04-09,1.1121745461061246e-07,750736.4317909289,750736.4317910401,0.0,-0.2492635682089599
category_cap2,2025-04-10,1.1122199134309694e-07,766039.4735892756,766039.4735893868,0.0,-0.23396052641061316
category_cap2,2025-04-11,1.1122652826064177e-07,801998.567269592,801998.5672697031,0.0,-0.1980014327302969
category_cap2,2025-04-14,4.0618033381178975e-09,803125.6632364815,803125.6632364856,0.012258061147879463,-0.1968743367635144
category_cap2,2025-04-15,4.061969025376378e-09,795815.2530374065,795815.2530374106,0.0,-0.20418474696258948
category_cap2,2025-04-16,4.062134719393499e-09,797594.285942825,797594.2859428291,0.0,-0.2024057140571709
category_cap2,2025-04-17,4.062300420169535e-09,803080.0075118066,803080.0075118106,0.0,-0.19691999248818937
category_cap2,2025-04-18,4.0624661277047635e-09,797090.9861178632,797090.9861178673,0.0,-0.20290901388213267
category_cap2,2025-04-21,4.062963290868356e-09,808838.398896525,808838.3988965291,0.0,-0.1911616011034709
category_cap2,2025-04-22,4.063129025443108e-09,806915.6370323385,806915.6370323426,0.0,-0.1930843629676574
category_cap2,2025-04-23,4.063294766778431e-09,805676.6459023292,805676.6459023333,0.0,-0.19432335409766666
category_cap2,2025-04-24,4.063460514874599e-09,798544.4482030612,798544.4482030653,0.0,-0.20145555179693464
category_cap2,2025-04-25,4.06362626973189e-09,794930.4419410848,794930.4419410889,0.0,-0.20506955805891114
category_cap2,2025-04-28,1.682201400399208e-07,799161.5844206926,799161.5844208609,1.9846156468875895,-0.20083841557913917
category_cap2,2025-04-29,1.6822700200036157e-07,797517.0970028201,797517.0970029883,0.0,-0.20248290299701166
category_cap2,2025-04-30,1.6823386424071234e-07,781110.4190463318,781110.4190465,0.0,-0.21888958095349997
category_cap2,2025-05-06,1.6827504356156676e-07,780318.6004908349,780318.6004910031,0.0,-0.2196813995089969
category_cap2,2025-05-07,1.6828190776160735e-07,790464.0998823253,790464.0998824936,0.0,-0.20953590011750634
category_cap2,2025-05-08,1.682887722416493e-07,798451.1163552074,798451.1163553757,0.0,-0.2015488836446243
category_cap2,2025-05-09,1.68295637001704e-07,806388.5016082681,806388.5016084365,0.0,-0.19361149839156355
category_cap2,2025-05-12,2.692559064598754e-09,808046.593188425,808046.5931884276,0.007462207134957386,-0.19195340681157236
category_cap2,2025-05-13,2.692668898259464e-09,818796.5059957409,818796.5059957436,0.0,-0.1812034940042564
category_cap2,2025-05-14,2.692778736400459e-09,825147.4676361268,825147.4676361295,0.0,-0.17485253236387055
category_cap2,2025-05-15,2.6928885790219227e-09,823126.3566515379,823126.3566515406,0.0,-0.17687364334845934
category_cap2,2025-05-16,2.692998426124037e-09,816584.6695156253,816584.669515628,0.0,-0.18341533048437197
category_cap2,2025-05-19,2.693327994316114e-09,815067.2958338542,815067.2958338569,0.0,-0.18493270416614305
category_cap2,2025-05-20,2.69343785934266e-09,817782.2082894174,817782.2082894201,0.0,-0.18221779171057984
category_cap2,2025-05-21,2.6935477288507708e-09,823338.0617263367,823338.0617263394,0.0,-0.1766619382736606
category_cap2,2025-05-22,2.6936576028406293e-09,829351.951093501,829351.9510935036,0.0,-0.17064804890649643
category_cap2,2025-05-23,2.693767481312418e-09,822708.9572250958,822708.9572250985,0.0,-0.17729104277490149
category_cap2,2025-05-26,2.2427411749958992e-07,816150.0730813147,816150.073081539,0.6712560818322603,-0.18384992691846103
category_cap2,2025-05-27,2.2428326598871735e-07,819811.2346086181,819811.2346088424,0.0,-0.18018876539115758
category_cap2,2025-05-28,2.2429241485102583e-07,819309.119050197,819309.1190504213,0.0,-0.18069088094957875
category_cap2,2025-05-29,2.243015640865306e-07,818742.462310304,818742.4623105284,0.0,-0.18125753768947162
category_cap2,2025-05-30,2.2431071369524691e-07,824344.4885277604,824344.4885279847,0.0,-0.1756555114720153
category_cap2,2025-06-03,2.243473158625317e-07,832869.9605983411,832869.9605985654,0.0,-0.16713003940143456
category_cap2,2025-06-04,2.2435646733753392e-07,833195.7228677592,833195.7228679835,0.0,-0.1668042771320165
category_cap2,2025-06-05,2.2436561918583898e-07,828407.424439653,828407.4244398774,0.0,-0.17159257556012264
category_cap2,2025-06-06,2.2437477140746214e-07,830653.2836696192,830653.2836698436,0.0,-0.1693467163301564
category_cap2,2025-06-09,2.2683525457978249e-07,843433.2612158386,843433.2612160654,0.65606153527511,-0.15656673878393457
category_cap2,2025-06-10,2.2684450754166405e-07,848498.5091547293,848498.5091549562,0.0,-0.15150149084504383
category_cap2,2025-06-11,2.2685376088098828e-07,848307.2547148315,848307.2547150584,0.0,-0.1516927452849416
category_cap2,2025-06-12,2.2686301459777056e-07,862063.6013844929,862063.6013847198,0.0,-0.13793639861528018
category_cap2,2025-06-13,2.268722686920263e-07,851339.197017332,851339.1970175589,0.0,-0.1486608029824411
category_cap2,2025-06-16,2.2690003323978834e-07,854490.9617287928,854490.9617290196,0.0,-0.14550903827098038
category_cap2,2025-06-17,2.269092888440919e-07,842258.1152537495,842258.1152539764,0.0,-0.15774188474602358
category_cap2,2025-06-18,2.2691854482594594e-07,847104.8023728577,847104.8023730846,0.0,-0.1528951976269154
category_cap2,2025-06-19,2.2692780118536583e-07,840851.7374552079,840851.7374554347,0.0,-0.15914826254456527
category_cap2,2025-06-20,2.2693705792236698e-07,847410.792138766,847410.7921389929,0.0,-0.15258920786100705
category_cap2,2025-06-23,2.3085158318281174e-07,855464.0518755668,855464.0518757977,0.6582023069745095,-0.14453594812420234
category_cap2,2025-06-24,2.3086099997696678e-07,857090.4977048187,857090.4977050496,0.0,-0.14290950229495047
category_cap2,2025-06-25,2.3087041715524749e-07,865447.1154007681,865447.115400999,0.0,-0.13455288459900105
category_cap2,2025-06-26,2.308798347176695e-07,872602.5244904645,872602.5244906953,0.0,-0.1273974755093047
category_cap2,2025-06-27,2.3088925266424846e-07,853449.2952665291,853449.2952667599,0.0,-0.14655070473324006
category_cap2,2025-06-30,2.3091750880908404e-07,850728.2899176198,850728.2899178508,0.0,-0.14927171008214923
category_cap2,2025-07-01,2.3092692829244764e-07,861470.3817974677,861470.3817976987,0.0,-0.13852961820230136
category_cap2,2025-07-02,2.309363481600466e-07,866204.7670077335,866204.7670079644,0.0,-0.13379523299203555
category_cap2,2025-07-03,2.3094576841189655e-07,866630.3675164145,866630.3675166455,0.0,-0.13336963248335454
category_cap2,2025-07-04,2.3095518904801318e-07,879554.9815878054,879554.9815880364,0.0,-0.12044501841196364
category_cap2,2025-07-07,2.1356390789151192e-07,881250.56845581,881250.5684560235,1.330360285255709,-0.11874943154397655
category_cap2,2025-07-08,2.1357261949457669e-07,881996.1405241807,881996.1405243943,0.0,-0.11800385947560565
category_cap2,2025-07-09,2.1358133145300126e-07,883335.8204281544,883335.820428368,0.0,-0.116664179571632
category_cap2,2025-07-10,2.1359004376680013e-07,891672.9478621975,891672.9478624112,0.0,-0.10832705213758886
category_cap2,2025-07-11,2.1359875643598778e-07,885713.9000004905,885713.9000007041,0.0,-0.11428609999929584
category_cap2,2025-07-14,2.1362489657602854e-07,888496.4247211779,888496.4247213915,0.0,-0.11150357527860844
category_cap2,2025-07-15,2.1363361066691635e-07,881377.8830285636,881377.8830287772,0.0,-0.11862211697122282
category_cap2,2025-07-16,2.1364232511326545e-07,879164.0005071566,879164.0005073702,0.0,-0.1208359994926298
category_cap2,2025-07-17,2.1365103991509032e-07,878866.9465893551,878866.9465895687,0.0,-0.12113305341043124
category_cap2,2025-07-18,2.136597550724055e-07,884071.2848265513,884071.284826765,0.0,-0.115928715173235
category_cap2,2025-07-21,2.1472806110978127e-07,886824.8111080211,886824.8111082357,1.328669554174665,-0.11317518889176426
category_cap2,2025-07-22,2.1473682020046155e-07,889808.8117166772,889808.8117168919,0.0,-0.11019118828310803
category_cap2,2025-07-23,2.1474557964843873e-07,889871.0369502385,889871.0369504533,0.0,-0.11012896304954667
category_cap2,2025-07-24,2.147543394537274e-07,897668.3824055815,897668.3824057963,0.0,-0.10233161759420373
category_cap2,2025-07-25,2.1476309961634209e-07,896696.6747513138,896696.6747515285,0.0,-0.10330332524847141
category_cap2,2025-07-28,2.1478938224828824e-07,910189.0772360556,910189.0772362704,0.0,-0.0898109227637296
category_cap2,2025-07-29,2.1479814384035288e-07,926630.0119160083,926630.0119162231,0.0,-0.07336998808377693
category_cap2,2025-07-30,2.1480690578981645e-07,918760.8957321304,918760.8957323452,0.0,-0.0812391042676548
category_cap2,2025-07-31,2.1481566809669352e-07,908965.5755648597,908965.5755650745,0.0,-0.0910344244349256
category_cap2,2025-08-01,2.148244307609987e-07,902630.0414568253,902630.0414570401,0.0,-0.09736995854295993
category_cap2,2025-08-04,2.175220288336277e-07,905667.3851105839,905667.3851108013,1.3195933650895235,-0.09433261488919864
category_cap2,2025-08-05,2.175309018945852e-07,914123.5809444366,914123.5809446542,0.0,-0.08587641905534582
category_cap2,2025-08-06,2.175397753174886e-07,915656.1226637096,915656.1226639271,0.0,-0.08434387733607285
category_cap2,2025-08-07,2.175486491023527e-07,900255.0695782341,900255.0695784517,0.0,-0.0997449304215483
category_cap2,2025-08-08,2.1755752324919223e-07,894996.0271599671,894996.0271601847,0.0,-0.10500397283981533
category_cap2,2025-08-11,2.1758414786171126e-07,904836.9404745454,904836.9404747629,0.0,-0.09516305952523707
category_cap2,2025-08-12,2.1759302345660027e-07,903693.5000705116,903693.5000707292,0.0,-0.09630649992927087
category_cap2,2025-08-13,2.1760189941353855e-07,932191.3114315416,932191.3114317592,0.0,-0.06780868856824085
category_cap2,2025-08-14,2.176107757325409e-07,922710.7180247814,922710.718024999,0.0,-0.07728928197500096
category_cap2,2025-08-15,2.1761965241362204e-07,937327.5218834928,937327.5218837104,0.0,-0.06267247811628962
category_cap2,2025-08-18,2.277083694934845e-07,954589.6296702758,954589.6296705035,1.3093815350954765,-0.04541037032949646
category_cap2,2025-08-19,2.277176580710777e-07,965533.7975904145,965533.7975906422,0.0,-0.034466202409357716
category_cap2,2025-08-20,2.2772694702756637e-07,975084.6262131006,975084.6262133283,0.0,-0.024915373786671635
category_cap2,2025-08-21,2.2773623636296598e-07,970435.237493319,970435.2374935467,0.0,-0.029564762506453346
category_cap2,2025-08-22,2.27745526077292e-07,993500.0829789157,993500.0829791434,0.0,-0.006499917020856616
category_cap2,2025-08-25,2.2777339749398307e-07,1028899.5858438591,1028899.585844087,0.0,0.028899585844087028
category_cap2,2025-08-26,2.2778268872416926e-07,1019576.3947437659,1019576.3947439938,0.0,0.019576394743993752
category_cap2,2025-08-27,2.2779198033335915e-07,1019869.2392122124,1019869.2392124402,0.0,0.019869239212440215
category_cap2,2025-08-28,2.2780127232156817e-07,1065410.817689321,1065410.8176895487,0.0,0.0654108176895487
category_cap2,2025-08-29,2.278105646888118e-07,1067802.334630246,1067802.3346304737,0.0,0.06780233463047369
category_cap2,2025-09-01,2.5972258299589157e-07,1107205.210237851,1107205.2102381107,1.2900390356852784,0.10720521023811069
category_cap2,2025-09-02,2.597331774829112e-07,1049806.8800235102,1049806.88002377,0.0,0.049806880023770095
category_cap2,2025-09-03,2.597437724020964e-07,1060580.9793358915,1060580.9793361514,0.0,0.060580979336151364
category_cap2,2025-09-04,2.5975436775346476e-07,966153.6123809399,966153.6123811996,0.0,-0.03384638761880043
category_cap2,2025-09-05,2.5976496353703397e-07,1028504.6418999536,1028504.6419002133,0.0,0.02850464190021329
category_cap2,2025-09-08,2.597967534811228e-07,991713.3543763948,991713.3543766546,0.0,-0.008286645623345357
category_cap2,2025-09-09,2.5980735099367157e-07,972958.7800008267,972958.7800010865,0.0,-0.027041219998913513
category_cap2,2025-09-10,2.598179489385093e-07,1009739.0110345682,1009739.011034828,0.0,0.009739011034828104
category_cap2,2025-09-11,2.5982854731565365e-07,1102971.5479086896,1102971.5479089494,0.0,0.10297154790894947
category_cap2,2025-09-12,2.598391461251222e-07,1084627.2926313141,1084627.292631574,0.0,0.08462729263157387
category_cap2,2025-09-15,1.0774238035082817e-07,1078692.9949957295,1078692.9949958373,0.6671537592136756,0.07869299499583726
category_cap2,2025-09-16,1.0774677532964336e-07,1086699.8523501449,1086699.8523502527,0.0,0.08669985235025268
category_cap2,2025-09-17,1.0775117048773654e-07,1096860.9620042974,1096860.9620044052,0.0,0.0968609620044052
category_cap2,2025-09-18,1.0775556582511504e-07,1102458.8702834253,1102458.8702835331,0.0,0.10245887028353318
category_cap2,2025-09-19,1.0775996134178617e-07,1109448.7947479668,1109448.7947480746,0.0,0.10944879474807467
category_cap2,2025-09-22,1.0777314896762848e-07,1128393.0562726823,1128393.05627279,0.0,0.12839305627278996
category_cap2,2025-09-23,1.0777754520154328e-07,1136069.849774019,1136069.849774127,0.0,0.13606984977412684
category_cap2,2025-09-24,1.0778194161478726e-07,1141839.490231452,1141839.4902315598,0.0,0.14183949023155984
category_cap2,2025-09-25,1.0778633820736777e-07,1164118.3491347262,1164118.349134834,0.0,0.16411834913483392
category_cap2,2025-09-26,1.077907349792921e-07,1126771.0706864602,1126771.070686568,0.0,0.12677107068656812
category_cap2,2025-09-29,2.367887645959854e-07,1150303.8532583003,1150303.8532585371,1.9397275155547204,0.15030385325853723
category_cap2,2025-09-30,2.3679842357697955e-07,1171282.4782664864,1171282.4782667232,0.0,0.17128247826672327
category_cap2,2025-10-09,2.3688537213807253e-07,1180073.2989598257,1180073.2989600624,0.0,0.1800732989600624
category_cap2,2025-10-10,2.3689503505983817e-07,1101343.3905932875,1101343.3905935243,0.0,0.10134339059352437
category_cap2,2025-10-13,1.9598519429564476e-07,1093865.6739891125,1093865.6739893085,0.6323378367497128,0.09386567398930845
category_cap2,2025-10-14,1.9599318883571536e-07,1049462.0138379028,1049462.0138380989,0.0,0.049462013838098784
category_cap2,2025-10-15,1.9600118370189566e-07,1076657.167660158,1076657.167660354,0.0,0.07665716766035402
category_cap2,2025-10-16,1.9600917889419897e-07,1076931.7641195245,1076931.7641197206,0.0,0.07693176411972047
category_cap2,2025-10-17,1.9601717441263856e-07,1031068.1709656212,1031068.1709658173,0.0,0.031068170965817377
category_cap2,2025-10-20,1.9604116292490818e-07,1039089.7353693494,1039089.7353695454,0.0,0.03908973536954541
category_cap2,2025-10-21,1.96049159748026e-07,1056927.4856678173,1056927.4856680133,0.0,0.05692748566801331
category_cap2,2025-10-22,1.9605715689734663e-07,1040740.1589755976,1040740.1589757936,0.0,0.04074015897579364
category_cap2,2025-10-23,1.960651543728834e-07,1053602.3296538899,1053602.329654086,0.0,0.053602329654085956
category_cap2,2025-10-24,1.9607315217464957e-07,1080622.5221037108,1080622.5221039068,0.0,0.08062252210390675
category_cap2,2025-10-27,2.310844138264656e-07,1109070.4884690712,1109070.4884693022,1.9626277455969359,0.10907048846930212
category_cap2,2025-10-28,2.3109384011814375e-07,1110958.0450879573,1110958.0450881885,0.0,0.1109580450881884
category_cap2,2025-10-29,2.3110326679433496e-07,1136409.4419927145,1136409.4419929457,0.0,0.1364094419929458
category_cap2,2025-10-30,2.3111269385505492e-07,1114627.6524659123,1114627.6524661435,0.0,0.11462765246614337
category_cap2,2025-10-31,2.311221213003193e-07,1075097.3574149415,1075097.3574151727,0.0,0.07509735741517276
category_cap2,2025-11-03,2.3115040594353596e-07,1097978.1737372368,1097978.173737468,0.0,0.09797817373746787
category_cap2,2025-11-04,2.3115983492713491e-07,1067704.381271679,1067704.3812719102,0.0,0.06770438127191025
category_cap2,2025-11-05,2.3116926429535676e-07,1052482.715164143,1052482.715164374,0.0,0.05248271516437408
category_cap2,2025-11-06,2.3117869404821715e-07,1083336.8966777218,1083336.896677953,0.0,0.08333689667795285
category_cap2,2025-11-07,2.311881241857318e-07,1069501.5828685802,1069501.5828688114,0.0,0.06950158286881147
category_cap2,2025-11-10,2.611195668578148e-07,1049461.9211835568,1049461.921183818,1.3658338949185689,0.04946192118381809
category_cap2,2025-11-11,2.61130218329973e-07,1049728.6556398545,1049728.6556401157,0.0,0.04972865564011575
category_cap2,2025-11-12,2.6114087023662135e-07,1031493.4594912875,1031493.4594915486,0.0,0.03149345949154858
category_cap2,2025-11-13,2.6115152257777747e-07,1070158.1024986713,1070158.1024989325,0.0,0.07015810249893262
category_cap2,2025-11-14,2.611621753534591e-07,1035980.7940127398,1035980.7940130009,0.0,0.035980794013000805
category_cap2,2025-11-17,2.611941362878344e-07,1039372.6880684413,1039372.6880687026,0.0,0.039372688068702644
category_cap2,2025-11-18,2.6120479080179535e-07,1000926.0928818356,1000926.0928820969,0.0,0.000926092882096885
category_cap2,2025-11-19,2.6121544575037045e-07,996302.529004708,996302.5290049693,0.0,-0.003697470995030705
category_cap2,2025-11-20,2.612261011335774e-07,986619.1821571183,986619.1821573796,0.0,-0.013380817842620463
category_cap2,2025-11-21,2.61236756951434e-07,927373.7568503645,927373.7568506257,0.0,-0.07262624314937427
category_cap2,2025-11-24,2.5512417778372765e-07,927590.9804567334,927590.9804569886,0.6708267800271648,-0.07240901954301149
category_cap2,2025-11-25,2.55134584694666e-07,948742.0935045735,948742.0935048286,0.0,-0.05125790649517137
category_cap2,2025-11-26,2.551449920301184e-07,950512.8456370893,950512.8456373445,0.0,-0.049487154362655494
category_cap2,2025-11-27,2.5515539979010217e-07,953023.4130303946,953023.4130306498,0.0,-0.046976586969350254
category_cap2,2025-11-28,2.551658079746346e-07,966402.7016145677,966402.7016148228,0.0,-0.03359729838517711
category_cap2,2025-12-01,2.551970350756972e-07,977529.0328102508,977529.032810506,0.0,-0.02247096718949404
category_cap2,2025-12-02,2.552074449585975e-07,962394.031180819,962394.0311810742,0.0,-0.03760596881892575
category_cap2,2025-12-03,2.552178552661331e-07,956484.004528804,956484.0045290592,0.0,-0.04351599547094087
category_cap2,2025-12-04,2.5522826599832134e-07,961346.0945333637,961346.0945336189,0.0,-0.038653905466381144
category_cap2,2025-12-05,2.552386771551794e-07,974857.9478917585,974857.9478920137,0.0,-0.025142052107986257
category_cap2,2025-12-08,2.0704464986920357e-07,1009567.1907722233,1009567.1907724303,1.9301553929532,0.009567190772430179
category_cap2,2025-12-09,2.070530955416215e-07,1017904.381543443,1017904.3815436501,0.0,0.01790438154365015
category_cap2,2025-12-10,2.070615415585515e-07,1028426.0538339291,1028426.0538341362,0.0,0.028426053834136322
category_cap2,2025-12-11,2.0706998792000766e-07,997290.7997078432,997290.7997080503,0.0,-0.002709200291949654
category_cap2,2025-12-12,2.07078434626004e-07,1010538.8355415611,1010538.8355417682,0.0,0.010538835541768155
category_cap2,2025-12-15,2.0710377681137467e-07,993932.3695016641,993932.3695018712,0.0,-0.006067630498128862
category_cap2,2025-12-16,2.0711222489567228e-07,967925.4275113983,967925.4275116054,0.0,-0.032074572488394515
category_cap2,2025-12-17,2.0712067332458035e-07,1011744.45698772,1011744.4569879271,0.0,0.011744456987927032
category_cap2,2025-12-18,2.0712912209811296e-07,999906.6152880113,999906.6152882184,0.0,-9.33847117816633e-05
category_cap2,2025-12-19,2.0713757121628414e-07,1012838.566937982,1012838.5669381891,0.0,0.012838566938189189
category_cap2,2025-12-22,1.550142769701779e-08,1048181.448237241,1048181.4482372565,0.03586269859914625,0.04818144823725645
category_cap2,2025-12-23,1.5502060024298025e-08,1043995.5128969816,1043995.512896997,0.0,0.0439955128969971
category_cap2,2025-12-24,1.5502692377371873e-08,1058244.995532829,1058244.9955328447,0.0,0.05824499553284479
category_cap2,2025-12-25,1.5503324756240383e-08,1059663.202587098,1059663.2025871137,0.0,0.05966320258711377
category_cap2,2025-12-26,1.5503957160904606e-08,1068917.5958988615,1068917.5958988771,0.0,0.06891759589887703
category_cap2,2025-12-29,1.5505854529682094e-08,1063917.590235321,1063917.5902353367,0.0,0.06391759023533661
category_cap2,2025-12-30,1.5506487037539703e-08,1072584.0720046666,1072584.0720046822,0.0,0.0725840720046822
category_cap2,2025-12-31,1.5507119571198285e-08,1072093.3190656602,1072093.3190656758,0.0,0.07209331906567584
category_cap2,2026-01-05,1.852167770266533e-07,1098300.847101317,1098300.8471015021,0.6726370970510303,0.09830084710150211
category_cap2,2026-01-06,1.8522433230628047e-07,1099047.118515085,1099047.1185152703,0.0,0.09904711851527037
category_cap2,2026-01-07,1.8523188789409922e-07,1107705.4791713553,1107705.4791715406,0.0,0.10770547917154061
category_cap2,2026-01-08,1.8523944379012213e-07,1101241.283620129,1101241.2836203144,0.0,0.10124128362031448
category_cap2,2026-01-09,1.8524699999436174e-07,1119291.5746654677,1119291.574665653,0.0,0.1192915746656531
category_cap2,2026-01-12,1.8526967045650667e-07,1185023.2594343314,1185023.2594345168,0.0,0.1850232594345167
category_cap2,2026-01-13,1.852772278937389e-07,1133191.767166625,1133191.7671668103,0.0,0.13319176716681036
category_cap2,2026-01-14,1.852847856392507e-07,1159068.22238253,1159068.2223827154,0.0,0.15906822238271534
category_cap2,2026-01-15,1.8529234369305468e-07,1149351.1155595072,1149351.1155596925,0.0,0.1493511155596925
category_cap2,2026-01-16,1.852999020551634e-07,1142258.3364705911,1142258.3364707765,0.0,0.14225833647077657
category_cap2,2026-01-19,2.385932020843029e-07,1120047.094639448,1120047.0946396866,2.0057921798974863,0.12004709463968655
category_cap2,2026-01-20,2.3860293467110106e-07,1113394.8349401646,1113394.8349404032,0.0,0.11339483494040326
category_cap2,2026-01-21,2.3861266765490653e-07,1140055.8638144706,1140055.8638147092,0.0,0.14005586381470914
category_cap2,2026-01-22,2.386224010357355e-07,1134724.2222628319,1134724.2222630705,0.0,0.13472422226307046
category_cap2,2026-01-23,2.386321348136042e-07,1168624.2983329366,1168624.2983331752,0.0,0.16862429833317516
category_cap2,2026-01-26,2.386613385296105e-07,1205434.6020755232,1205434.6020757619,0.0,0.2054346020757618
category_cap2,2026-01-27,2.3867107389579995e-07,1205218.7261132612,1205218.7261134998,0.0,0.2052187261134999
category_cap2,2026-01-28,2.386808096591101e-07,1265257.1327841235,1265257.1327843622,0.0,0.26525713278436225
category_cap2,2026-01-29,2.3869054581955715e-07,1269711.4523612752,1269711.4523615139,0.0,0.26971145236151384
category_cap2,2026-01-30,2.3870028237715725e-07,1179519.141697225,1179519.1416974636,0.0,0.17951914169746352
category_cap2,2026-02-02,8.591450750827789e-08,1092550.327113952,1092550.327114038,0.6799305621879297,0.09255032711403799
category_cap2,2026-02-03,8.591801209430231e-08,1169433.0236121225,1169433.0236122084,0.0,0.16943302361220836
category_cap2,2026-02-04,8.592151682328423e-08,1169444.2902893457,1169444.2902894316,0.0,0.16944429028943153
category_cap2,2026-02-05,8.592502169522948e-08,1108893.7002716772,1108893.7002717631,0.0,0.10889370027176315
category_cap2,2026-02-06,8.59285267101439e-08,1110047.4555687835,1110047.4555688694,0.0,0.1100474555688693
category_cap2,2026-02-09,8.593904261276046e-08,1141877.6853426485,1141877.6853427344,0.0,0.14187768534273437
category_cap2,2026-02-10,8.594254819960986e-08,1137343.903361117,1137343.903361203,0.0,0.13734390336120295
category_cap2,2026-02-11,8.594605392945758e-08,1152407.4579948438,1152407.4579949297,0.0,0.15240745799492972
category_cap2,2026-02-12,8.594955980230945e-08,1170879.9324405976,1170879.9324406835,0.0,0.17087993244068356
category_cap2,2026-02-13,8.595306581817132e-08,1150131.6470565903,1150131.6470566762,0.0,0.15013164705667625
category_cap2,2026-02-24,2.8777867555618286e-07,1219164.108237416,1219164.1082377038,1.2956953303252146,0.21916410823770383
category_cap2,2026-02-25,2.877904144947362e-07,1233230.658156114,1233230.6581564017,0.0,0.23323065815640165
category_cap2,2026-02-26,2.878021539121391e-07,1298613.2632196504,1298613.2632199381,0.0,0.2986132632199381
category_cap2,2026-02-27,2.8781389380841097e-07,1290648.9800043653,1290648.980004653,0.0,0.290648980004653
category_cap2,2026-03-02,2.8784911637063636e-07,1290056.7701780682,1290056.770178356,0.0,0.29005677017835607
category_cap2,2026-03-03,2.878608581825798e-07,1220072.3425867758,1220072.3425870636,0.0,0.22007234258706365
category_cap2,2026-03-04,2.8787260047348994e-07,1245588.253252251,1245588.2532525389,0.0,0.24558825325253886
category_cap2,2026-03-05,2.878843432433864e-07,1313587.6431032673,1313587.643103555,0.0,0.31358764310355514
category_cap2,2026-03-06,2.878960864922886e-07,1319379.6163509907,1319379.6163512787,0.0,0.31937961635127876
category_cap2,2026-03-09,1.537409843876958e-08,1312443.8848279254,1312443.8848279407,0.028231154025373115,0.3124438848279407
category_cap2,2026-03-10,1.5374725572091868e-08,1334088.4782457638,1334088.4782457792,0.0,0.33408847824577914
category_cap2,2026-03-11,1.53753527309959e-08,1320851.0470742353,1320851.0470742506,0.0,0.3208510470742507
category_cap2,2026-03-12,1.5375979915482713e-08,1304514.0544239394,1304514.0544239548,0.0,0.30451405442395485
category_cap2,2026-03-13,1.5376607125553358e-08,1279925.3438218,1279925.3438218154,0.0,0.27992534382181544
category_cap2,2026-03-16,1.5378488909278696e-08,1271334.7576185954,1271334.7576186107,0.0,0.2713347576186107
category_cap2,2026-03-17,1.5379116221695087e-08,1231576.1274497178,1231576.1274497332,0.0,0.23157612744973322
category_cap2,2026-03-18,1.5379743559700525e-08,1263060.693175591,1263060.6931756064,0.0,0.2630606931756063
category_cap2,2026-03-19,1.5380370923296053e-08,1229588.2439745294,1229588.2439745448,0.0,0.22958824397454491
category_cap2,2026-03-20,1.5380998312482716e-08,1207365.021933229,1207365.0219332443,0.0,0.20736502193324435
category_cap2,2026-03-23,5.6970748119056225e-09,1155458.1720641716,1155458.1720641772,0.05778245114464354,0.15545817206417722
category_cap2,2026-03-24,5.69730720442401e-09,1188310.1880105138,1188310.1880105194,0.0,0.18831018801051935
category_cap2,2026-03-25,5.697539606422049e-09,1221665.8286609435,1221665.8286609491,0.0,0.2216658286609492
category_cap2,2026-03-26,5.697772017900126e-09,1187648.9820260864,1187648.982026092,0.0,0.18764898202609204
category_cap2,2026-03-27,5.698004438858627e-09,1194114.1214059629,1194114.1214059684,0.0,0.1941141214059685
category_cap2,2026-03-30,5.698701758620549e-09,1189906.3628423,1189906.3628423056,0.0,0.18990636284230566
category_cap2,2026-03-31,5.698934217504617e-09,1150636.1947236445,1150636.19472365,0.0,0.15063619472365009
category_cap2,2026-04-01,5.6991666858710426e-09,1175169.139315436,1175169.1393154415,0.0,0.17516913931544154
category_cap2,2026-04-02,5.699399163720214e-09,1144481.7749881658,1144481.7749881714,0.0,0.1444817749881715
category_cap2,2026-04-03,5.699631651052518e-09,1136665.052810695,1136665.0528107006,0.0,0.13666505281070052
category_cap2,2026-04-07,2.764863893389702e-07,1135381.4077435927,1135381.4077438693,1.336670850312871,0.1353814077438693
category_cap2,2026-04-08,2.764976676476531e-07,1210293.537367384,1210293.5373676606,0.0,0.21029353736766065
category_cap2,2026-04-09,2.7650894641639575e-07,1214200.5600398737,1214200.5600401503,0.0,0.2142005600401502
category_cap2,2026-04-10,2.765202256452169e-07,1230025.775288105,1230025.7752883816,0.0,0.23002577528838164
category_cap2,2026-04-13,2.7655406609233877e-07,1221291.1546439047,1221291.1546441813,0.0,0.22129115464418114
category_cap2,2026-04-14,2.7656534716166143e-07,1239527.0155737759,1239527.0155740525,0.0,0.23952701557405254
category_cap2,2026-04-15,2.7657662869115644e-07,1234582.260505624,1234582.2605059007,0.0,0.2345822605059007
category_cap2,2026-04-16,2.765879106808425e-07,1266992.7874754672,1266992.7874757438,0.0,0.26699278747574384
category_cap2,2026-04-17,2.7659919313073844e-07,1309179.5125143817,1309179.5125146583,0.0,0.30917951251465836
category_cap2,2026-04-20,3.586173988878727e-07,1323505.8460584714,1323505.84605883,0.6606157731989971,0.3235058460588298
category_cap2,2026-04-21,3.586320274478296e-07,1315458.4412627467,1315458.4412631053,0.0,0.3154584412631052
category_cap2,2026-04-22,3.5864665660450824e-07,1382347.2466249724,1382347.246625331,0.0,0.38234724662533104
category_cap2,2026-04-23,3.5866128635793285e-07,1358315.100035488,1358315.1000358465,0.0,0.35831510003584643
category_cap2,2026-04-24,3.586759167081278e-07,1304539.4652813366,1304539.4652816954,0.0,0.3045394652816953
category_cap2,2026-04-27,3.587198113395781e-07,1307880.285772282,1307880.2857726407,0.0,0.3078802857726408
category_cap2,2026-04-28,3.587344440770978e-07,1277153.3599263816,1277153.3599267404,0.0,0.2771533599267404
category_cap2,2026-04-29,3.5874907741150956e-07,1286029.0375640374,1286029.0375643962,0.0,0.2860290375643961
category_cap2,2026-04-30,3.5876371134283773e-07,1284887.97485942,1284887.9748597788,0.0,0.2848879748597788
category_cap2,2026-05-06,2.1187588572502136e-08,1315124.4250482603,1315124.4250482814,0.6599643641209767,0.3151244250482814
category_cap2,2026-05-07,2.1188452847104365e-08,1361814.5121650295,1361814.5121650507,0.0,0.3618145121650507
category_cap2,2026-05-08,2.1189317156961697e-08,1370115.7830592578,1370115.783059279,0.0,0.37011578305927895
category_cap2,2026-05-11,2.1191910298078683e-08,1418298.1975505906,1418298.1975506118,0.0,0.4182981975506117
category_cap2,2026-05-12,2.1192774748970802e-08,1436436.790657576,1436436.7906575971,0.0,0.4364367906575972
category_cap2,2026-05-13,2.1193639235125214e-08,1485122.6161401602,1485122.6161401814,0.0,0.4851226161401814
category_cap2,2026-05-14,2.1194503756543358e-08,1468504.5050240555,1468504.5050240767,0.0,0.4685045050240766
category_cap2,2026-05-15,2.119536831322667e-08,1438259.0459650857,1438259.045965107,0.0,0.438259045965107
category_cap2,2026-05-18,3.863242454826832e-07,1409392.3468681183,1409392.3468685045,0.6685227654261048,0.40939234686850456
category_cap2,2026-05-19,3.863400042478892e-07,1376468.4742434446,1376468.474243831,0.0,0.3764684742438309
category_cap2,2026-05-20,3.8635576365591967e-07,1385608.6175045772,1385608.6175049634,0.0,0.38560861750496334
category_cap2,2026-05-21,3.863715237068009e-07,1355944.804631197,1355944.8046315832,0.0,0.3559448046315832
category_cap2,2026-05-22,3.8638728440055897e-07,1402163.9867947353,1402163.9867951218,0.0,0.4021639867951219
category_cap2,2026-05-25,3.864345703393572e-07,1465700.1037954786,1465700.103795865,0.0,0.465700103795865
category_cap2,2026-05-26,3.8645033360488525e-07,1464433.7551119057,1464433.7551122922,0.0,0.46443375511229235
category_cap2,2026-05-27,3.8646609751342137e-07,1485387.0015220628,1485387.0015224493,0.0,0.4853870015224493
category_cap2,2026-05-28,3.8648186206499176e-07,1499420.230964397,1499420.2309647836,0.0,0.4994202309647835
category_cap2,2026-05-29,3.8649762725962263e-07,1469785.3910555048,1469785.3910558913,0.0,0.46978539105589134
category_cap2,2026-06-01,2.018059603869915e-07,1420157.8696100977,1420157.8696102996,0.7060567114456592,0.42015786961029966
category_cap2,2026-06-02,2.0181419236513964e-07,1486095.852665157,1486095.852665359,0.0,0.48609585266535893
category_cap2,2026-06-03,2.0182242467908296e-07,1547306.9517203928,1547306.9517205947,0.0,0.5473069517205946
category_cap2,2026-06-04,2.0183065732883513e-07,1536494.6172024328,1536494.6172026347,0.0,0.5364946172026346
category_cap2,2026-06-05,2.0183889031440985e-07,1473963.247661294,1473963.2476614958,0.0,0.4739632476614959
category_cap2,2026-06-08,2.0186359128620636e-07,1406497.2693553353,1406497.2693555371,0.0,0.4064972693555371
category_cap2,2026-06-09,2.0187182561520828e-07,1506057.7420019645,1506057.7420021663,0.0,0.5060577420021664
category_cap2,2026-06-10,2.0188006028010126e-07,1446846.0023214838,1446846.0023216857,0.0,0.4468460023216856
category_cap2,2026-06-11,2.01888295280899e-07,1436305.9688368996,1436305.9688371015,0.0,0.4363059688371014
category_cap2,2026-06-12,2.0189653061761517e-07,1430382.9314537663,1430382.9314539682,0.0,0.4303829314539682
category_cap2,2026-06-15,3.548921085894108e-07,1527689.9796828409,1527689.9796831957,1.274816158347387,0.5276899796831958
category_cap2,2026-06-16,3.5490658518899814e-07,1548237.4894573945,1548237.4894577493,0.0,0.5482374894577493
category_cap2,2026-06-17,3.5492106237910843e-07,1644698.2355082915,1644698.2355086464,0.0,0.6446982355086464
category_cap2,2026-06-18,3.5493554015976576e-07,1681789.305823871,1681789.3058242258,0.0,0.6817893058242257
category_cap2,2026-06-22,3.549934571883474e-07,1727237.6787874089,1727237.678787764,0.0,0.7272376787877639
category_cap2,2026-06-23,3.550079379221013e-07,1710343.201911579,1710343.201911934,0.0,0.710343201911934
category_cap2,2026-06-24,3.550224192465468e-07,1783006.938602129,1783006.938602484,0.0,0.783006938602484
category_cap2,2026-06-25,3.550369011617079e-07,1836240.619359862,1836240.6193602171,0.0,0.8362406193602172
category_cap2,2026-06-26,3.5505138366760885e-07,1838356.755670507,1838356.755670862,0.0,0.838356755670862
category_cap2,2026-06-29,5.058245733380318e-07,1964318.9670516958,1964318.9670522017,0.628242381327301,0.9643189670522017
category_cap2,2026-06-30,5.058452067069696e-07,1971326.5554511175,1971326.5554516234,0.0,0.9713265554516235
category_cap1,2023-06-30,1000000.0,0.0,1000000.0,0.0,0.0
category_cap1,2023-07-03,1000122.3796452607,0.0,1000122.3796452607,0.0,0.00012237964526073952
category_cap1,2023-07-04,1000163.1761884299,0.0,1000163.1761884299,0.0,0.00016317618842998094
category_cap1,2023-07-05,1000203.9743957534,0.0,1000203.9743957534,0.0,0.00020397439575337017
category_cap1,2023-07-06,1000244.7742672989,0.0,1000244.7742672989,0.0,0.0002447742672988529
category_cap1,2023-07-07,1000285.5758031345,0.0,1000285.5758031345,0.0,0.0002855758031343747
category_cap1,2023-07-10,2.58034560829401e-07,999352.6835743906,999352.6835746486,1.0003057610612776,-0.0006473164253514296
category_cap1,2023-07-11,2.580450864593782e-07,1002633.869583253,1002633.8695835111,0.0,0.0026338695835110837
category_cap1,2023-07-12,2.580556125187121e-07,969892.4237201302,969892.4237203883,0.0,-0.030107576279611692
category_cap1,2023-07-13,2.5806613900742033e-07,999337.2904038284,999337.2904040865,0.0,-0.0006627095959135243
category_cap1,2023-07-14,2.5807666592552036e-07,1017912.4997806377,1017912.4997808958,0.0,0.017912499780895708
category_cap1,2023-07-17,2.581082492563464e-07,1009687.3755181707,1009687.3755184287,0.0,0.009687375518428798
category_cap1,2023-07-18,2.581187778921888e-07,995080.3005204997,995080.3005207578,0.0,-0.004919699479242201
category_cap1,2023-07-19,2.581293069575106e-07,994397.7538488467,994397.7538491047,0.0,-0.005602246150895218
category_cap1,2023-07-20,2.5813983645232925e-07,962065.7185838937,962065.7185841518,0.0,-0.0379342814158482
category_cap1,2023-07-21,2.5815036637666234e-07,960892.5305242607,960892.5305245188,0.0,-0.03910746947548116
category_cap1,2023-07-24,4.580942913889885e-08,961712.2551766913,961712.2551767372,0.6846314293674992,-0.038287744823262804
category_cap1,2023-07-25,4.5811297776569055e-08,977440.0028442409,977440.0028442867,0.0,-0.02255999715571322
category_cap1,2023-07-26,4.581316649046389e-08,968134.7453696607,968134.7453697065,0.0,-0.03186525463029344
category_cap1,2023-07-27,4.581503528058646e-08,962553.4962010169,962553.4962010628,0.0,-0.037446503798937214
category_cap1,2023-07-28,4.5816904146939876e-08,982636.5178063471,982636.517806393,0.0,-0.01736348219360706
category_cap1,2023-07-31,4.5822511203416325e-08,987234.1936496177,987234.1936496636,0.0,-0.012765806350336417
category_cap1,2023-08-01,4.582438037472423e-08,992171.5992335649,992171.5992336108,0.0,-0.007828400766389243
category_cap1,2023-08-02,4.582624962227853e-08,981232.0089043359,981232.0089043818,0.0,-0.01876799109561822
category_cap1,2023-08-03,4.582811894608234e-08,985924.9476203929,985924.9476204388,0.0,-0.014075052379561193
category_cap1,2023-08-04,4.5829988346138773e-08,997648.4233211554,997648.4233212012,0.0,-0.002351576678798817
category_cap1,2023-08-07,2.416200004518032e-07,997346.1801098294,997346.1801100711,1.3302394516382179,-0.0026538198899289656
category_cap1,2023-08-08,2.416298565064017e-07,994105.1377458458,994105.1377460875,0.0,-0.005894862253912447
category_cap1,2023-08-09,2.4163971296304396e-07,990142.6386367382,990142.6386369799,0.0,-0.009857361363020178
category_cap1,2023-08-10,2.4164956982174634e-07,999374.5226614436,999374.5226616852,0.0,-0.0006254773383147505
category_cap1,2023-08-11,2.416594270825253e-07,971583.989862607,971583.9898628487,0.0,-0.028416010137151337
category_cap1,2023-08-14,2.416890012774856e-07,963825.2711498638,963825.2711501055,0.0,-0.03617472884989448
category_cap1,2023-08-15,2.416988601467348e-07,977009.7801131681,977009.7801134097,0.0,-0.022990219886590224
category_cap1,2023-08-16,2.4170871941814255e-07,976899.6430696896,976899.6430699313,0.0,-0.023100356930068733
category_cap1,2023-08-17,2.417185790917253e-07,975058.8478007414,975058.8478009831,0.0,-0.024941152199016936
category_cap1,2023-08-18,2.417284391674994e-07,967461.981991624,967461.9819918657,0.0,-0.03253801800813427
category_cap1,2023-08-21,1.8667196854948997e-07,948878.587645802,948878.5876459887,0.6821885407676469,-0.05112141235401135
category_cap1,2023-08-22,1.8667958318863654e-07,961180.6182324048,961180.6182325915,0.0,-0.03881938176740851
category_cap1,2023-08-23,1.8668719813839604e-07,951172.8259647486,951172.8259649354,0.0,-0.04882717403506465
category_cap1,2023-08-24,1.8669481339878115e-07,949914.7243629221,949914.7243631089,0.0,-0.050085275636891136
category_cap1,2023-08-25,1.8670242896980454e-07,955842.5264024872,955842.5264026739,0.0,-0.044157473597326136
category_cap1,2023-08-28,1.8672527754683118e-07,973298.8590617346,973298.8590619214,0.0,-0.026701140938078627
category_cap1,2023-08-29,1.8673289436053443e-07,963866.4289675279,963866.4289677147,0.0,-0.036133571032285317
category_cap1,2023-08-30,1.8674051148493932e-07,950038.8546336042,950038.8546337909,0.0,-0.0499611453662091
category_cap1,2023-08-31,1.8674812892005853e-07,941188.9007653745,941188.9007655613,0.0,-0.058811099234438724
category_cap1,2023-09-01,1.8675574666590473e-07,947840.0282425105,947840.0282426972,0.0,-0.0521599717573028
category_cap1,2023-09-04,1.764274202287197e-07,958851.4252206397,958851.4252208162,0.6629745757194709,-0.04114857477918388
category_cap1,2023-09-05,1.7643461697684981e-07,954230.608014964,954230.6080151405,0.0,-0.04576939198485952
category_cap1,2023-09-06,1.7644181401854642e-07,953816.610628241,953816.6106284175,0.0,-0.046183389371582506
category_cap1,2023-09-07,1.7644901135382152e-07,947620.9786736101,947620.9786737866,0.0,-0.052379021326213415
category_cap1,2023-09-08,1.7645620898268712e-07,942235.1617379542,942235.1617381307,0.0,-0.05776483826186929
category_cap1,2023-09-11,1.7647780363094648e-07,951243.796018605,951243.7960187815,0.0,-0.04875620398121849
category_cap1,2023-09-12,1.764850024342937e-07,949750.3900204254,949750.3900206019,0.0,-0.05024960997939809
category_cap1,2023-09-13,1.7649220153129128e-07,948655.3380432341,948655.3380434106,0.0,-0.05134466195658949
category_cap1,2023-09-14,1.764994009219512e-07,958050.0659817164,958050.0659818929,0.0,-0.04194993401810709
category_cap1,2023-09-15,1.7650660060628542e-07,955022.2432794675,955022.2432796439,0.0,-0.04497775672035609
category_cap1,2023-09-18,1.2073542166035622e-09,954519.9038792916,954519.9038792928,0.005877395994385683,-0.04548009612070725
category_cap1,2023-09-19,1.207403466454801e-09,956114.4204688226,956114.4204688238,0.0,-0.04388557953117622
category_cap1,2023-09-20,1.2074527183150177e-09,960720.0244514756,960720.0244514768,0.0,-0.03927997554852325
category_cap1,2023-09-21,1.2075019721842942e-09,956268.4142893127,956268.4142893138,0.0,-0.04373158571068614
category_cap1,2023-09-22,1.2075512280627123e-09,958741.5160042217,958741.5160042229,0.0,-0.04125848399577714
category_cap1,2023-09-25,1.2076990077536368e-09,958449.4018316964,958449.4018316976,0.0,-0.04155059816830242
category_cap1,2023-09-26,1.2077482716694414e-09,953256.8000883989,953256.8000884,0.0,-0.04674319991160003
category_cap1,2023-09-27,1.2077975375947975e-09,947766.5453413869,947766.5453413881,0.0,-0.052233454658611955
category_cap1,2023-09-28,1.2078468055297871e-09,944881.7576128121,944881.7576128133,0.0,-0.05511824238718677
category_cap1,2023-10-09,2.5710323825478554e-07,940854.1332008403,940854.1332010974,0.6670384719588707,-0.05914586679890266
category_cap1,2023-10-10,2.5711372589467026e-07,932971.7257139389,932971.7257141961,0.0,-0.06702827428580393
category_cap1,2023-10-11,2.571242139623621e-07,930016.9688553958,930016.968855653,0.0,-0.06998303114434701
category_cap1,2023-10-12,2.5713470245787847e-07,943682.6527339004,943682.6527341575,0.0,-0.05631734726584248
category_cap1,2023-10-13,2.5714519138123685e-07,943406.6415049859,943406.641505243,0.0,-0.056593358494756996
category_cap1,2023-10-16,2.5717666071853856e-07,942398.4205143625,942398.4205146197,0.0,-0.05760157948538036
category_cap1,2023-10-17,2.571871513534395e-07,948187.9560589248,948187.956059182,0.0,-0.051812043940818064
category_cap1,2023-10-18,2.571976424162697e-07,944526.3778607681,944526.3778610253,0.0,-0.055473622138974776
category_cap1,2023-10-19,2.572081339070466e-07,919770.7031755936,919770.7031758508,0.0,-0.08022929682414925
category_cap1,2023-10-20,2.5721862582578773e-07,915773.8740969667,915773.8740972239,0.0,-0.08422612590277612
category_cap1,2023-10-23,2.2891981643624604e-09,906083.0714794369,906083.0714794393,0.005562379450101612,-0.09391692852056077
category_cap1,2023-10-24,2.289291544306391e-09,906989.7266652285,906989.7266652308,0.0,-0.09301027333476919
category_cap1,2023-10-25,2.2893849280594347e-09,911246.5878106876,911246.5878106899,0.0,-0.0887534121893101
category_cap1,2023-10-26,2.2894783156217465e-09,920557.1984047135,920557.1984047159,0.0,-0.07944280159528416
category_cap1,2023-10-27,2.2895717069934817e-09,922877.9432831823,922877.9432831847,0.0,-0.07712205671681538
category_cap1,2023-10-30,2.2898519039667828e-09,909162.4437654519,909162.4437654542,0.0,-0.09083755623454581
category_cap1,2023-10-31,2.289945310577766e-09,908919.9174997945,908919.9174997968,0.0,-0.09108008250020316
category_cap1,2023-11-01,2.29003872099895e-09,909478.951018669,909478.9510186713,0.0,-0.09052104898132873
category_cap1,2023-11-02,2.2901321352304897e-09,913340.6195403642,913340.6195403666,0.0,-0.0866593804596334
category_cap1,2023-11-03,2.290225553272541e-09,910259.993303349,910259.9933033513,0.0,-0.08974000669664861
category_cap1,2023-11-06,1.92900188267231e-07,922851.6859303142,922851.6859305071,1.9692109033609015,-0.07714831406949285
category_cap1,2023-11-07,1.929080569651205e-07,921686.7135905686,921686.7135907615,0.0,-0.07831328640923851
category_cap1,2023-11-08,1.9291592598398642e-07,921310.5734214243,921310.5734216172,0.0,-0.07868942657838285
category_cap1,2023-11-09,1.9292379532384183e-07,914680.4131680417,914680.4131682346,0.0,-0.08531958683176533
category_cap1,2023-11-10,1.929316649846998e-07,909955.1159519771,909955.11595217,0.0,-0.09004488404783006
category_cap1,2023-11-13,1.929552758934202e-07,906881.616361926,906881.6163621189,0.0,-0.09311838363788116
category_cap1,2023-11-14,1.9296314683841942e-07,906559.5014549422,906559.5014551352,0.0,-0.0934404985448648
category_cap1,2023-11-15,1.9297101810448673e-07,917100.9349420061,917100.9349421992,0.0,-0.08289906505780087
category_cap1,2023-11-16,1.929788896916352e-07,903346.8732533474,903346.8732535404,0.0,-0.09665312674645965
category_cap1,2023-11-17,1.9298676159987788e-07,904184.2569410187,904184.2569412118,0.0,-0.09581574305878826
category_cap1,2023-11-20,2.4604378268122673e-07,900445.2493771516,900445.2493773976,0.6667074820424153,-0.09955475062260244
category_cap1,2023-11-21,2.4605381918876414e-07,895721.1698747947,895721.1698750408,0.0,-0.1042788301249592
category_cap1,2023-11-22,2.4606385610570625e-07,885298.6949458474,885298.6949460935,0.0,-0.11470130505390652
category_cap1,2023-11-23,2.460738934320698e-07,890307.7382138016,890307.7382140477,0.0,-0.10969226178595226
category_cap1,2023-11-24,2.4608393116787146e-07,888357.4837375273,888357.4837377734,0.0,-0.11164251626222665
category_cap1,2023-11-27,2.4611404683207216e-07,887587.3233557174,887587.3233559635,0.0,-0.11241267664403654
category_cap1,2023-11-28,2.461240862057933e-07,893980.994673613,893980.9946738591,0.0,-0.10601900532614095
category_cap1,2023-11-29,2.4613412598903604e-07,891493.7249050512,891493.7249052973,0.0,-0.10850627509470268
category_cap1,2023-11-30,2.4614416618181713e-07,894794.5132493733,894794.5132496194,0.0,-0.10520548675038055
category_cap1,2023-12-01,2.4615420678415327e-07,893272.7049419254,893272.7049421715,0.0,-0.10672729505782852
category_cap1,2023-12-04,2.1659070625901222e-07,888546.0638005151,888546.0638007317,1.339398714462061,-0.11145393619926836
category_cap1,2023-12-05,2.1659954132987732e-07,871525.0226900042,871525.0226902209,0.0,-0.1284749773097792
category_cap1,2023-12-06,2.1660837676113866e-07,875578.7299742294,875578.729974446,0.0,-0.12442127002555403
category_cap1,2023-12-07,2.1661721255281093e-07,867335.5720043734,867335.5720045901,0.0,-0.1326644279954099
category_cap1,2023-12-08,2.1662604870490885e-07,868693.8327695532,868693.8327697698,0.0,-0.13130616723023014
category_cap1,2023-12-11,2.166525593239036e-07,882877.0544221355,882877.0544223521,0.0,-0.11712294557764791
category_cap1,2023-12-12,2.1666139691785114e-07,883369.7225552785,883369.7225554951,0.0,-0.11663027744450494
category_cap1,2023-12-13,2.1667023487229784e-07,876431.5688804821,876431.5688806988,0.0,-0.12356843111930127
category_cap1,2023-12-14,2.1667907318725842e-07,878029.4098991333,878029.4098993499,0.0,-0.12197059010065014
category_cap1,2023-12-15,2.166879118627476e-07,868053.4214096374,868053.4214098541,0.0,-0.1319465785901459
category_cap1,2023-12-18,6.941263563930988e-09,865564.1276157971,865564.1276158041,0.019098824313575184,-0.13443587238419596
category_cap1,2023-12-19,6.941546708838449e-09,861201.8968675986,861201.8968676056,0.0,-0.13879810313239438
category_cap1,2023-12-20,6.94182986529583e-09,859269.105020492,859269.105020499,0.0,-0.14073089497950098
category_cap1,2023-12-21,6.9421130333036016e-09,862374.5584797756,862374.5584797825,0.0,-0.1376254415202175
category_cap1,2023-12-22,6.942396212862236e-09,861992.0634959536,861992.0634959606,0.0,-0.13800793650403942
category_cap1,2023-12-25,6.9432458208480255e-09,866371.742307222,866371.742307229,0.0,-0.13362825769277098
category_cap1,2023-12-26,6.943529046614821e-09,857507.5376219172,857507.5376219242,0.0,-0.14249246237807578
category_cap1,2023-12-27,6.9438122839348345e-09,864764.2415220132,864764.2415220202,0.0,-0.13523575847797975
category_cap1,2023-12-28,6.944095532808538e-09,864440.9757821225,864440.9757821294,0.0,-0.13555902421787058
category_cap1,2023-12-29,6.944378793236402e-09,871345.7326391916,871345.7326391985,0.0,-0.12865426736080143
category_cap1,2024-01-02,2.735760062932968e-08,875199.3456724065,875199.3456724338,1.3319977744520597,-0.12480065432756615
category_cap1,2024-01-03,2.7358716588294097e-08,863932.3716719147,863932.3716719421,0.0,-0.13606762832805797
category_cap1,2024-01-04,2.735983259278021e-08,860096.565076821,860096.5650768484,0.0,-0.1399034349231516
category_cap1,2024-01-05,2.7360948642789877e-08,853061.3313071693,853061.3313071966,0.0,-0.14693866869280336
category_cap1,2024-01-08,2.736429706597878e-08,837733.4015461234,837733.4015461508,0.0,-0.16226659845384916
category_cap1,2024-01-09,2.7365413298101235e-08,843844.5961574947,843844.596157522,0.0,-0.15615540384247795
category_cap1,2024-01-10,2.736652957575653e-08,831723.7365195897,831723.736519617,0.0,-0.16827626348038294
category_cap1,2024-01-11,2.736764589894652e-08,835041.1239147505,835041.1239147779,0.0,-0.16495887608522208
category_cap1,2024-01-12,2.7368762267673067e-08,827784.5816244942,827784.5816245215,0.0,-0.1722154183754785
category_cap1,2024-01-15,1.996522769331932e-07,826307.7447301135,826307.7447303132,1.3264574657789125,-0.1736922552696868
category_cap1,2024-01-16,1.9966042105925268e-07,825256.630881386,825256.6308815856,0.0,-0.17474336911841437
category_cap1,2024-01-17,1.9966856551752368e-07,814239.8932803089,814239.8932805086,0.0,-0.1857601067194914
category_cap1,2024-01-18,1.9967671030801977e-07,808920.5687036794,808920.568703879,0.0,-0.19107943129612093
category_cap1,2024-01-19,1.9968485543075448e-07,800671.6943062877,800671.6943064873,0.0,-0.19932830569351268
category_cap1,2024-01-22,1.9970929279252604e-07,773165.3389057723,773165.338905972,0.0,-0.22683466109402806
category_cap1,2024-01-23,1.9971743924435084e-07,782416.7320601821,782416.7320603819,0.0,-0.21758326793961813
category_cap1,2024-01-24,1.9972558602848204e-07,800343.0902709782,800343.0902711779,0.0,-0.1996569097288221
category_cap1,2024-01-25,1.997337331449332e-07,826465.3238436887,826465.3238438885,0.0,-0.1735346761561115
category_cap1,2024-01-26,1.997418805937179e-07,833430.9294397959,833430.9294399957,0.0,-0.16656907056000436
category_cap1,2024-01-29,2.0192237570881844e-07,836970.4021900492,836970.402190251,1.3241867816060666,-0.1630295978097489
category_cap1,2024-01-30,2.0193061243572813e-07,827287.0134274121,827287.0134276141,0.0,-0.17271298657238587
category_cap1,2024-01-31,2.019388494986267e-07,828094.3104225708,828094.3104227728,0.0,-0.17190568957722718
category_cap1,2024-02-01,2.0194708689752783e-07,819234.701860863,819234.701861065,0.0,-0.18076529813893505
category_cap1,2024-02-02,2.0195532463244524e-07,818239.96540072,818239.965400922,0.0,-0.18176003459907797
category_cap1,2024-02-05,2.0198003985343228e-07,827221.4542741408,827221.4542743427,0.0,-0.1727785457256572
category_cap1,2024-02-06,2.0198827893255188e-07,837654.6703965731,837654.6703967751,0.0,-0.1623453296032249
category_cap1,2024-02-07,2.019965183477563e-07,847125.8818003064,847125.8818005084,0.0,-0.1528741181994916
category_cap1,2024-02-08,2.0200475809905924e-07,846343.1922787551,846343.1922789571,0.0,-0.15365680772104284
category_cap1,2024-02-19,3.980858309660107e-09,873100.8966491084,873100.8966491123,0.01071927370967094,-0.1268991033508876
category_cap1,2024-02-20,3.9810206950453215e-09,880830.5693057431,880830.569305747,0.0,-0.1191694306942529
category_cap1,2024-02-21,3.981183087054488e-09,882569.0358437456,882569.0358437495,0.0,-0.11743096415625043
category_cap1,2024-02-22,3.981345485687876e-09,902959.518198009,902959.518198013,0.0,-0.09704048180198699
category_cap1,2024-02-23,3.981507890945756e-09,896712.519224792,896712.519224796,0.0,-0.103287480775204
category_cap1,2024-02-26,3.981995146469053e-09,876724.7396755738,876724.7396755777,0.0,-0.12327526032442226
category_cap1,2024-02-27,3.982157578227604e-09,880147.0957756182,880147.0957756222,0.0,-0.11985290422437778
category_cap1,2024-02-28,3.9823200166119985e-09,876998.7671214179,876998.7671214219,0.0,-0.12300123287857812
category_cap1,2024-02-29,3.982482461622507e-09,882504.6041340702,882504.6041340742,0.0,-0.11749539586592583
category_cap1,2024-03-01,3.982644913259399e-09,888396.7339989671,888396.7339989711,0.0,-0.11160326600102899
category_cap1,2024-03-04,2.92584445560351e-09,896844.45457373,896844.4545737329,0.024613049970202906,-0.10315554542626704
category_cap1,2024-03-05,2.9259638053371712e-09,905206.0038927714,905206.0038927743,0.0,-0.09479399610722561
category_cap1,2024-03-06,2.926083159939293e-09,905059.687308063,905059.687308066,0.0,-0.09494031269193404
category_cap1,2024-03-07,2.9262025194100744e-09,911853.1442247678,911853.1442247707,0.0,-0.0881468557752293
category_cap1,2024-03-08,2.9263218837497135e-09,909976.8136576891,909976.813657692,0.0,-0.09002318634230799
category_cap1,2024-03-11,2.9266800059837655e-09,896206.4269716504,896206.4269716534,0.0,-0.10379357302834669
category_cap1,2024-03-12,2.9267993898008226e-09,873482.7483221362,873482.7483221391,0.0,-0.12651725167786088
category_cap1,2024-03-13,2.926918778487731e-09,869460.0660953093,869460.0660953122,0.0,-0.13053993390468777
category_cap1,2024-03-14,2.927038172044689e-09,871647.9287202765,871647.9287202794,0.0,-0.1283520712797206
category_cap1,2024-03-15,2.927157570471895e-09,870528.5007796293,870528.5007796322,0.0,-0.12947149922036771
category_cap1,2024-03-18,2.3690517991781235e-07,864083.0025098496,864083.0025100865,0.6691119280216767,-0.13591699748991348
category_cap1,2024-03-19,2.3691484364756803e-07,858951.1880018854,858951.1880021223,0.0,-0.14104881199787767
category_cap1,2024-03-20,2.3692450777152226e-07,858672.4978523907,858672.4978526277,0.0,-0.14132750214737233
category_cap1,2024-03-21,2.3693417228969108e-07,861766.6635507161,861766.663550953,0.0,-0.138233336449047
category_cap1,2024-03-22,2.369438372020906e-07,856689.3042136554,856689.3042138923,0.0,-0.14331069578610767
category_cap1,2024-03-25,2.369728343048341e-07,857786.9450970303,857786.9450972673,0.0,-0.14221305490273273
category_cap1,2024-03-26,2.3698250079431717e-07,858949.5790421816,858949.5790424186,0.0,-0.14105042095758136
category_cap1,2024-03-27,2.3699216767811134e-07,857647.5946363233,857647.5946365603,0.0,-0.14235240536343974
category_cap1,2024-03-28,2.370018349562327e-07,856222.3734593964,856222.3734596334,0.0,-0.14377762654036652
category_cap1,2024-03-29,2.3701150262869734e-07,864990.2124378559,864990.2124380929,0.0,-0.13500978756190707
category_cap1,2024-04-01,2.3638131096959114e-07,869077.0071945195,869077.0071947558,0.6635055399195976,-0.13092299280524422
category_cap1,2024-04-02,2.3639095332991984e-07,872873.6824054569,872873.6824056933,0.0,-0.1271263175943067
category_cap1,2024-04-03,2.3640059608357538e-07,874158.6077557058,874158.6077559423,0.0,-0.12584139224405777
category_cap1,2024-04-08,2.3644881575231727e-07,884623.933392324,884623.9333925605,0.0,-0.11537606660743949
category_cap1,2024-04-09,2.3645846086627077e-07,878516.995773105,878516.9957733414,0.0,-0.12148300422665859
category_cap1,2024-04-10,2.3646810637366343e-07,880451.4682095507,880451.4682097872,0.0,-0.11954853179021285
category_cap1,2024-04-11,2.3647775227451132e-07,887274.5490233263,887274.5490235627,0.0,-0.11272545097643727
category_cap1,2024-04-12,2.3648739856883043e-07,881471.5971018969,881471.5971021333,0.0,-0.1185284028978667
category_cap1,2024-04-15,6.525078788399696e-08,890524.8693682665,890524.8693683317,0.6624128942158419,-0.10947513063166825
category_cap1,2024-04-16,6.525344956484614e-08,884352.9620802153,884352.9620802806,0.0,-0.11564703791971931
category_cap1,2024-04-17,6.52561113542694e-08,893914.8851222438,893914.8851223091,0.0,-0.1060851148776909
category_cap1,2024-04-18,6.525877325227119e-08,896339.2123155195,896339.2123155848,0.0,-0.10366078768441522
category_cap1,2024-04-19,6.526143525885591e-08,898952.2621407518,898952.2621408171,0.0,-0.10104773785918286
category_cap1,2024-04-22,6.52694219301521e-08,892384.0329883527,892384.032988418,0.0,-0.10761596701158194
category_cap1,2024-04-23,6.527208437111292e-08,873393.6775351388,873393.6775352041,0.0,-0.12660632246479586
category_cap1,2024-04-24,6.527474692067883e-08,885364.5107105426,885364.5107106079,0.0,-0.11463548928939216
category_cap1,2024-04-25,6.527740957885428e-08,887446.7944454537,887446.794445519,0.0,-0.112553205554481
category_cap1,2024-04-26,6.528007234564368e-08,889976.9117652422,889976.9117653075,0.0,-0.11002308823469242
category_cap1,2024-04-29,2.41969246417284e-07,886297.5462073563,886297.5462075982,0.6666883875900184,-0.11370245379240185
category_cap1,2024-04-30,2.419791167181672e-07,894437.0204223248,894437.0204225668,0.0,-0.10556297957743321
category_cap1,2024-05-06,2.420383469791635e-07,897737.5743902677,897737.5743905097,0.0,-0.10226242560949028
category_cap1,2024-05-07,2.4204822009876576e-07,892739.210347044,892739.2103472861,0.0,-0.1072607896527139
category_cap1,2024-05-08,2.420580936211079e-07,889528.8044270114,889528.8044272534,0.0,-0.11047119557274654
category_cap1,2024-05-09,2.4206796754620626e-07,894098.1562224556,894098.1562226976,0.0,-0.10590184377730238
category_cap1,2024-05-10,2.420778418740774e-07,903758.1888004114,903758.1888006534,0.0,-0.0962418111993466
category_cap1,2024-05-13,2.550659701228142e-07,907627.9552356644,907627.9552359194,0.668295925928419,-0.09237204476408056
category_cap1,2024-05-14,2.550763746593718e-07,911483.003214474,911483.003214729,0.0,-0.08851699678527103
category_cap1,2024-05-15,2.550867796203466e-07,908726.5683314644,908726.5683317195,0.0,-0.0912734316682805
category_cap1,2024-05-16,2.550971850057559e-07,908678.5369696347,908678.5369698898,0.0,-0.09132146303011024
category_cap1,2024-05-17,2.5510759081561703e-07,918505.0618366459,918505.061836901,0.0,-0.08149493816309905
category_cap1,2024-05-20,2.5513881079208435e-07,927394.234703362,927394.2347036172,0.0,-0.07260576529638285
category_cap1,2024-05-21,2.551492182999258e-07,926586.945337313,926586.9453375682,0.0,-0.07341305466243186
category_cap1,2024-05-22,2.551596262323057e-07,925787.4137428316,925787.4137430867,0.0,-0.0742125862569133
category_cap1,2024-05-23,2.5517003458924127e-07,908802.4092914333,908802.4092916885,0.0,-0.09119759070831157
category_cap1,2024-05-24,2.5518044337074987e-07,909832.7705427782,909832.7705430334,0.0,-0.09016722945696665
category_cap1,2024-05-27,2.5553163141012192e-08,917165.1339389499,917165.1339389754,0.676482517646841,-0.08283486606102464
category_cap1,2024-05-28,2.555420549417257e-08,917574.0802868853,917574.0802869109,0.0,-0.0824259197130891
category_cap1,2024-05-29,2.5555247889852156e-08,919572.6931475869,919572.6931476125,0.0,-0.08042730685238753
category_cap1,2024-05-30,2.5556290328052675e-08,907957.5092522317,907957.5092522573,0.0,-0.09204249074774273
category_cap1,2024-05-31,2.5557332808775866e-08,908632.0252276559,908632.0252276815,0.0,-0.0913679747723185
category_cap1,2024-06-03,2.5560460506098814e-08,897546.4800864118,897546.4800864374,0.0,-0.10245351991356255
category_cap1,2024-06-04,2.5561503156930037e-08,904810.627386235,904810.6273862607,0.0,-0.09518937261373939
category_cap1,2024-06-05,2.5562545850292604e-08,889365.4519984124,889365.451998438,0.0,-0.11063454800156203
category_cap1,2024-06-06,2.556358858618825e-08,891707.551831362,891707.5518313876,0.0,-0.10829244816861239
category_cap1,2024-06-07,2.556463136461871e-08,896707.5166429952,896707.5166430208,0.0,-0.10329248335697916
category_cap1,2024-06-11,2.1618325263261795e-07,878154.1909685091,878154.1909687252,1.35370784569917,-0.12184580903127473
category_cap1,2024-06-12,2.1619207108281761e-07,881106.1391131361,881106.1391133523,0.0,-0.11889386088664766
category_cap1,2024-06-13,2.1620088989273555e-07,878678.738942913,878678.7389431292,0.0,-0.1213212610568708
category_cap1,2024-06-14,2.1620970906238642e-07,876693.5665974793,876693.5665976955,0.0,-0.12330643340230452
category_cap1,2024-06-17,2.162361687298834e-07,866426.4540025841,866426.4540028003,0.0,-0.13357354599719973
category_cap1,2024-06-18,2.1624498933861275e-07,868286.3695585965,868286.3695588128,0.0,-0.13171363044118722
category_cap1,2024-06-19,2.162538103071484e-07,870139.8780542866,870139.8780545029,0.0,-0.12986012194549712
category_cap1,2024-06-20,2.1626263163550507e-07,869420.7744134979,869420.7744137142,0.0,-0.13057922558628576
category_cap1,2024-06-21,2.162714533236974e-07,870793.4022164082,870793.4022166245,0.0,-0.1292065977833755
category_cap1,2024-06-24,2.3737084120512009e-07,866622.0089726627,866622.0089729001,0.668373857651647,-0.1333779910270999
category_cap1,2024-06-25,2.3738052392992197e-07,870813.2319621858,870813.2319624232,0.0,-0.12918676803757678
category_cap1,2024-06-26,2.3739020704969722e-07,871896.173682454,871896.1736826914,0.0,-0.12810382631730854
category_cap1,2024-06-27,2.3739989056446195e-07,876060.4554111927,876060.4554114301,0.0,-0.12393954458856993
category_cap1,2024-06-28,2.3740957447423228e-07,883515.4710393755,883515.4710396129,0.0,-0.11648452896038708
category_cap1,2024-07-01,2.3743862857373794e-07,894168.0734774396,894168.0734776771,0.0,-0.10583192652232298
category_cap1,2024-07-02,2.3744831406369174e-07,900335.5430075515,900335.543007789,0.0,-0.09966445699221105
category_cap1,2024-07-03,2.374579999487317e-07,893736.0144240459,893736.0144242834,0.0,-0.10626398557571659
category_cap1,2024-07-04,2.3746768622887393e-07,894318.5459196144,894318.5459198519,0.0,-0.10568145408014817
category_cap1,2024-07-05,2.3747737290413456e-07,883964.6429131513,883964.6429133888,0.0,-0.11603535708661117
category_cap1,2024-07-08,2.985416358569637e-10,885705.5088923923,885705.5088923926,0.004665178522357,-0.11429449110760737
category_cap1,2024-07-09,2.985538138333623e-10,894040.2709453456,894040.270945346,0.0,-0.105959729054654
category_cap1,2024-07-10,2.985659923065194e-10,891264.04339274,891264.0433927403,0.0,-0.10873595660725965
category_cap1,2024-07-11,2.9857817127645537e-10,894287.686069675,894287.6860696754,0.0,-0.10571231393032465
category_cap1,2024-07-12,2.985903507431904e-10,901629.2413114809,901629.2413114812,0.0,-0.09837075868851874
category_cap1,2024-07-15,2.9862689212439263e-10,908802.8134394985,908802.8134394989,0.0,-0.09119718656050113
category_cap1,2024-07-16,2.986390735785266e-10,907888.5320226315,907888.5320226318,0.0,-0.09211146797736813
category_cap1,2024-07-17,2.98651255529561e-10,910460.3534618772,910460.3534618776,0.0,-0.08953964653812241
category_cap1,2024-07-18,2.9866343797751605e-10,913608.9702416306,913608.9702416309,0.0,-0.0863910297583691
category_cap1,2024-07-19,2.986756209224121e-10,912528.732176021,912528.7321760213,0.0,-0.08747126782397863
category_cap1,2024-07-22,8.713686838746071e-08,902316.355875508,902316.3558755952,0.6838880165102025,-0.09768364412440478
category_cap1,2024-07-23,8.714042283548141e-08,898694.7866166725,898694.7866167597,0.0,-0.10130521338324028
category_cap1,2024-07-24,8.714397742849356e-08,899194.9466574772,899194.9466575644,0.0,-0.10080505334243561
category_cap1,2024-07-25,8.714753216650307e-08,892075.0892306797,892075.0892307669,0.0,-0.10792491076923316
category_cap1,2024-07-26,8.715108704951586e-08,886620.0961741591,886620.0961742463,0.0,-0.11337990382575369
category_cap1,2024-07-29,8.716175256863307e-08,892560.1480568261,892560.1480569133,0.0,-0.1074398519430867
category_cap1,2024-07-30,8.716530803171812e-08,885513.7441493479,885513.7441494351,0.0,-0.11448625585056493
category_cap1,2024-07-31,8.716886363983603e-08,888747.7364846915,888747.7364847787,0.0,-0.11125226351522133
category_cap1,2024-08-01,8.717241939299271e-08,888771.992929579,888771.9929296662,0.0,-0.11122800707033387
category_cap1,2024-08-02,8.717597529119407e-08,885474.1584282499,885474.1584283371,0.0,-0.1145258415716629
category_cap1,2024-08-05,9.324867278337479e-08,874389.0966231711,874389.0966232644,1.3556132145198088,-0.12561090337673564
category_cap1,2024-08-06,9.32524765413769e-08,869942.3181220726,869942.3181221659,0.0,-0.13005768187783417
category_cap1,2024-08-07,9.32562804545402e-08,875528.2932774778,875528.2932775711,0.0,-0.12447170672242891
category_cap1,2024-08-08,9.326008452287102e-08,875575.0100040196,875575.0100041128,0.0,-0.12442498999588714
category_cap1,2024-08-09,9.326388874637569e-08,874980.9340401571,874980.9340402504,0.0,-0.12501906595974965
category_cap1,2024-08-12,9.32753023479961e-08,872648.2735119257,872648.273512019,0.0,-0.127351726487981
category_cap1,2024-08-13,9.327910719225947e-08,874577.4703676379,874577.4703677312,0.0,-0.12542252963226885
category_cap1,2024-08-14,9.328291219172833e-08,876077.7014476806,876077.7014477738,0.0,-0.12392229855222614
category_cap1,2024-08-15,9.328671734640903e-08,886312.1137509776,886312.1137510708,0.0,-0.11368788624892923
category_cap1,2024-08-16,9.329052265630789e-08,888197.7105145333,888197.7105146266,0.0,-0.11180228948537341
category_cap1,2024-08-19,5.920810508541763e-10,896526.6707265232,896526.6707265237,0.007318627995402553,-0.1034733292734763
category_cap1,2024-08-20,5.921052027586256e-10,893853.563073681,893853.5630736816,0.0,-0.10614643692631842
category_cap1,2024-08-21,5.921293556482685e-10,887323.1012383003,887323.1012383009,0.0,-0.11267689876169906
category_cap1,2024-08-22,5.921535095231453e-10,893687.4120524836,893687.4120524842,0.0,-0.10631258794751575
category_cap1,2024-08-23,5.921776643832961e-10,893816.5200919542,893816.5200919547,0.0,-0.10618347990804522
category_cap1,2024-08-26,5.922501348757947e-10,892795.8467279179,892795.8467279185,0.0,-0.10720415327208155
category_cap1,2024-08-27,5.922742936774435e-10,890625.5485878396,890625.5485878402,0.0,-0.10937445141215985
category_cap1,2024-08-28,5.922984534645673e-10,887867.0305723478,887867.0305723484,0.0,-0.11213296942765161
category_cap1,2024-08-29,5.923226142372063e-10,869488.2216792844,869488.2216792849,0.0,-0.13051177832071503
category_cap1,2024-08-30,5.923467759954007e-10,861796.0948219703,861796.0948219709,0.0,-0.13820390517802905
category_cap1,2024-09-02,1.8317950889468193e-07,851785.5385865667,851785.5385867499,2.0266739749936016,-0.14821446141325012
category_cap1,2024-09-03,1.8318698107098196e-07,850019.0004205545,850019.0004207378,0.0,-0.14998099957926225
category_cap1,2024-09-04,1.8319445355208366e-07,839889.0491255417,839889.0491257249,0.0,-0.16011095087427507
category_cap1,2024-09-05,1.8320192633799944e-07,840295.3897164948,840295.3897166781,0.0,-0.15970461028332195
category_cap1,2024-09-06,1.8320939942874177e-07,839905.6705769863,839905.6705771695,0.0,-0.16009432942283053
category_cap1,2024-09-09,1.832318205300523e-07,829723.5334199809,829723.5334201641,0.0,-0.17027646657983586
category_cap1,2024-09-10,1.8323929484022508e-07,835350.193051161,835350.1930513442,0.0,-0.16464980694865572
category_cap1,2024-09-11,1.8324676945528657e-07,831073.242850668,831073.2428508513,0.0,-0.16892675714914873
category_cap1,2024-09-12,1.832542443752492e-07,830726.9916546784,830726.9916548616,0.0,-0.16927300834513836
category_cap1,2024-09-13,1.8326171960012541e-07,830377.1988617224,830377.1988619056,0.0,-0.16962280113809436
category_cap1,2024-09-18,2.2724270820617676e-07,835392.6107414875,835392.6107417147,0.6635408708869699,-0.16460738925828533
category_cap1,2024-09-19,2.2725197778872373e-07,844014.4944156868,844014.494415914,0.0,-0.15598550558408597
category_cap1,2024-09-20,2.2726124774939137e-07,844026.317533352,844026.3175335792,0.0,-0.15597368246642085
category_cap1,2024-09-23,2.2728905990027246e-07,841786.4143502438,841786.414350471,0.0,-0.15821358564952903
category_cap1,2024-09-24,2.2729833137357693e-07,867619.6292127132,867619.6292129405,0.0,-0.13238037078705955
category_cap1,2024-09-25,2.2730760322507918e-07,877030.6460354553,877030.6460356826,0.0,-0.12296935396431741
category_cap1,2024-09-26,2.2731687545479464e-07,901949.4868246296,901949.486824857,0.0,-0.09805051317514302
category_cap1,2024-09-27,2.2732614806273874e-07,928817.0126856288,928817.0126858562,0.0,-0.07118298731414385
category_cap1,2024-09-30,2.043088898062706e-07,978483.6635794796,978483.6635796839,1.9653793255616865,-0.02151633642031614
category_cap1,2024-10-08,2.0437557193809673e-07,1037276.2205557345,1037276.2205559389,0.0,0.03727622055593893
category_cap1,2024-10-09,2.043839087346858e-07,952975.037569596,952975.0375698004,0.0,-0.0470249624301996
category_cap1,2024-10-10,2.0439224587134574e-07,956785.1037718125,956785.1037720169,0.0,-0.043214896227983024
category_cap1,2024-10-11,2.0440058334809041e-07,944372.968962023,944372.9689622275,0.0,-0.055627031037772556
category_cap1,2024-10-14,2.5919871404767036e-07,965266.2086250436,965266.2086253029,0.6548220037928968,-0.03473379137469712
category_cap1,2024-10-15,2.59209287165263e-07,941189.2676975698,941189.267697829,0.0,-0.05881073230217093
category_cap1,2024-10-16,2.5921986071414955e-07,932516.5792406993,932516.5792409586,0.0,-0.06748342075904146
category_cap1,2024-10-17,2.5923043469434754e-07,926532.8978685831,926532.8978688424,0.0,-0.0734671021311577
category_cap1,2024-10-18,2.5924100910587456e-07,985606.4655472648,985606.465547524,0.0,-0.014393534452475931
category_cap1,2024-10-21,2.5927273492860596e-07,992721.1271463973,992721.1271466565,0.0,-0.007278872853343499
category_cap1,2024-10-22,2.5928331106562517e-07,991827.2219521068,991827.2219523661,0.0,-0.008172778047633944
category_cap1,2024-10-23,2.592938876340614e-07,988662.4090744791,988662.4090747384,0.0,-0.011337590925261654
category_cap1,2024-10-24,2.5930446463393226e-07,983596.4135724322,983596.4135726915,0.0,-0.016403586427308547
category_cap1,2024-10-25,2.5931504206525535e-07,989336.4209373828,989336.4209376421,0.0,-0.01066357906235793
category_cap1,2024-10-28,2.096639946103096e-07,1000171.5460432931,1000171.5460435027,1.9747375293537803,0.00017154604350277936
category_cap1,2024-10-29,2.0967254712986243e-07,995885.1630175716,995885.1630177812,0.0,-0.004114836982218817
category_cap1,2024-10-30,2.096810999982858e-07,1005168.4504711522,1005168.4504713619,0.0,0.0051684504713618296
category_cap1,2024-10-31,2.0968965321559393e-07,1027498.0184399656,1027498.0184401752,0.0,0.027498018440175187
category_cap1,2024-11-01,2.0969820678180107e-07,971809.5997873129,971809.5997875226,0.0,-0.02819040021247743
category_cap1,2024-11-04,2.0972386957395885e-07,997527.6586147415,997527.6586149513,0.0,-0.002472341385048704
category_cap1,2024-11-05,2.0973242453590432e-07,1067040.4423657628,1067040.4423659726,0.0,0.06704044236597251
category_cap1,2024-11-06,2.0974097984681995e-07,1067780.846393984,1067780.8463941938,0.0,0.0677808463941938
category_cap1,2024-11-07,2.0974953550671998e-07,1119058.6683457317,1119058.6683459415,0.0,0.11905866834594137
category_cap1,2024-11-08,2.0975809151561866e-07,1119398.4290930633,1119398.4290932731,0.0,0.11939842909327303
category_cap1,2024-11-11,2.2782478481531143e-07,1165218.236442801,1165218.2364430288,0.6385380772859998,0.1652182364430288
category_cap1,2024-11-12,2.2783407814166617e-07,1148992.7059222942,1148992.7059225221,0.0,0.148992705922522
category_cap1,2024-11-13,2.278433718471101e-07,1152028.2506483872,1152028.2506486152,0.0,0.15202825064861525
category_cap1,2024-11-14,2.278526659316587e-07,1108962.0776711693,1108962.0776713972,0.0,0.10896207767139732
category_cap1,2024-11-15,2.2786196039532742e-07,1059723.0138969226,1059723.0138971505,0.0,0.05972301389715051
category_cap1,2024-11-18,2.2788984606120902e-07,1017494.2810847617,1017494.2810849897,0.0,0.017494281084989627
category_cap1,2024-11-19,2.2789914204151288e-07,1051849.7626478574,1051849.7626480854,0.0,0.051849762648085385
category_cap1,2024-11-20,2.279084384010142e-07,1060578.2347172208,1060578.2347174487,0.0,0.06057823471744861
category_cap1,2024-11-21,2.2791773513972844e-07,1068207.8419802173,1068207.8419804452,0.0,0.06820784198044527
category_cap1,2024-11-22,2.2792703225767109e-07,1028292.8317820339,1028292.8317822618,0.0,0.02829283178226194
category_cap1,2024-11-25,1.2444797903299332e-07,1018876.6919717499,1018876.6919718743,0.6948851650008515,0.01887669197187436
category_cap1,2024-11-26,1.2445305545909103e-07,1001493.5492198871,1001493.5492200116,0.0,0.0014935492200116585
category_cap1,2024-11-27,1.2445813209226403e-07,1039716.9058173217,1039716.9058174462,0.0,0.039716905817446246
category_cap1,2024-11-28,1.244632089325208e-07,1029837.2191880892,1029837.2191882137,0.0,0.029837219188213693
category_cap1,2024-11-29,1.244682859798697e-07,1073657.4356837696,1073657.4356838942,0.0,0.07365743568389416
category_cap1,2024-12-02,1.2448351836455413e-07,1079212.5577097954,1079212.55770992,0.0,0.07921255770992008
category_cap1,2024-12-03,1.244885962403563e-07,1070128.4203404535,1070128.420340578,0.0,0.07012842034057809
category_cap1,2024-12-04,1.244936743232929e-07,1057202.2803578358,1057202.2803579604,0.0,0.05720228035796038
category_cap1,2024-12-05,1.2449875261337238e-07,1073908.0321117586,1073908.0321118832,0.0,0.07390803211188324
category_cap1,2024-12-06,1.245038311106032e-07,1079152.3141496922,1079152.3141498168,0.0,0.07915231414981672
category_cap1,2024-12-09,2.609449438750744e-07,1068606.0952474754,1068606.0952477364,1.3410662931009396,0.06860609524773653
category_cap1,2024-12-10,2.609555882240903e-07,1085702.9556069416,1085702.9556072026,0.0,0.08570295560720265
category_cap1,2024-12-11,2.6096623300730575e-07,1086443.7678189324,1086443.7678191934,0.0,0.08644376781919338
category_cap1,2024-12-12,2.609768782247384e-07,1098233.5838477681,1098233.5838480291,0.0,0.09823358384802905
category_cap1,2024-12-13,2.6098752387640596e-07,1068092.100819543,1068092.100819804,0.0,0.0680921008198041
category_cap1,2024-12-16,2.610194634369954e-07,1049208.5051011476,1049208.5051014086,0.0,0.04920850510140862
category_cap1,2024-12-17,2.6103011082577986e-07,1022205.8458797552,1022205.8458800162,0.0,0.022205845880016284
category_cap1,2024-12-18,2.610407586488878e-07,1031554.8252312632,1031554.8252315242,0.0,0.031554825231524086
category_cap1,2024-12-19,2.6105140690633694e-07,1038261.9801950578,1038261.9801953188,0.0,0.03826198019531879
category_cap1,2024-12-20,2.6106205559814505e-07,1048493.2311702365,1048493.2311704976,0.0,0.04849323117049753
category_cap1,2024-12-23,1.88418198376894e-07,1018450.3131853109,1018450.3131854993,1.3701554823886493,0.01845031318549939
category_cap1,2024-12-24,1.8842588424746382e-07,1025604.6810284781,1025604.6810286666,0.0,0.02560468102866653
category_cap1,2024-12-25,1.8843357043155223e-07,1014296.3949185298,1014296.3949187183,0.0,0.014296394918718258
category_cap1,2024-12-26,1.88441256929172e-07,1031627.3876116303,1031627.3876118187,0.0,0.031627387611818714
category_cap1,2024-12-27,1.8844894374033594e-07,1026918.2042559048,1026918.2042560932,0.0,0.026918204256093148
category_cap1,2024-12-30,1.8847200605522064e-07,1029558.4394776087,1029558.4394777971,0.0,0.029558439477797238
category_cap1,2024-12-31,1.8847969412068912e-07,982413.2812056857,982413.2812058742,0.0,-0.017586718794125877
category_cap1,2025-01-02,1.8849507119246324e-07,937157.1437110263,937157.1437112148,0.0,-0.06284285628878528
category_cap1,2025-01-03,1.8850276019879443e-07,900996.3138336195,900996.313833808,0.0,-0.09900368616619204
category_cap1,2025-01-06,1.9033905118703842e-07,895996.1648043549,895996.1648045452,2.0011098228847795,-0.10400383519545475
category_cap1,2025-01-07,1.9034681541217382e-07,912684.5654677319,912684.5654679222,0.0,-0.0873154345320778
category_cap1,2025-01-08,1.9035457995402403e-07,915578.8811637673,915578.8811639576,0.0,-0.08442111883604231
category_cap1,2025-01-09,1.9036234481260193e-07,910739.0955011778,910739.0955013682,0.0,-0.08926090449863189
category_cap1,2025-01-10,1.9037010998792044e-07,904113.5460243645,904113.5460245549,0.0,-0.09588645397544515
category_cap1,2025-01-13,1.90393407414449e-07,895100.5783742078,895100.5783743982,0.0,-0.10489942162560184
category_cap1,2025-01-14,1.9040117385685925e-07,915343.1592572193,915343.1592574097,0.0,-0.08465684074259028
category_cap1,2025-01-15,1.904089406160747e-07,917608.8529103616,917608.852910552,0.0,-0.08239114708944795
category_cap1,2025-01-16,1.9041670769210834e-07,911255.3015097034,911255.3015098938,0.0,-0.08874469849010613
category_cap1,2025-01-17,1.9042447508497304e-07,917052.3775157189,917052.3775159094,0.0,-0.0829476224840906
category_cap1,2025-01-20,2.508750185370445e-07,913416.0210592343,913416.0210594852,0.6702987242117501,-0.08658397894051484
category_cap1,2025-01-21,2.508852521181863e-07,922716.9475650296,922716.9475652805,0.0,-0.07728305243471956
category_cap1,2025-01-22,2.5089548611677174e-07,915382.4128546579,915382.4128549087,0.0,-0.08461758714509127
category_cap1,2025-01-23,2.509057205328178e-07,917073.5822649677,917073.5822652186,0.0,-0.08292641773478138
category_cap1,2025-01-24,2.509159553663416e-07,926677.1115268728,926677.1115271237,0.0,-0.07332288847287627
category_cap1,2025-01-27,2.509466623719496e-07,910198.4747515048,910198.4747517558,0.0,-0.08980152524824414
category_cap1,2025-02-05,2.243323251605034e-07,918921.5872042616,918921.5872044859,1.340286924488377,-0.08107841279551409
category_cap1,2025-02-06,2.243414760240116e-07,939327.1277803184,939327.1277805427,0.0,-0.060672872219457274
category_cap1,2025-02-07,2.2435062726079773e-07,941728.8537761403,941728.8537763646,0.0,-0.058271146223635384
category_cap1,2025-02-10,2.2437808321097593e-07,950008.3337044726,950008.333704697,0.0,-0.04999166629530305
category_cap1,2025-02-11,2.24387235941026e-07,944819.8520672274,944819.8520674517,0.0,-0.05518014793254833
category_cap1,2025-02-12,2.2439638904443014e-07,959927.4805645255,959927.4805647499,0.0,-0.04007251943525003
category_cap1,2025-02-13,2.2440554252120355e-07,942712.8209058772,942712.8209061016,0.0,-0.057287179093898355
category_cap1,2025-02-14,2.2441469637136148e-07,942468.6740401073,942468.6740403317,0.0,-0.057531325959668256
category_cap1,2025-02-17,2.0070001482963562e-07,934300.4006865423,934300.400686743,2.0236790771664452,-0.06569959931325708
category_cap1,2025-02-18,2.0070820169454903e-07,907750.1223067367,907750.1223069374,0.0,-0.0922498776930627
category_cap1,2025-02-19,2.0071638889341736e-07,933846.549059573,933846.5490597737,0.0,-0.06615345094022629
category_cap1,2025-02-20,2.0072457642625423e-07,924752.1122508664,924752.1122510671,0.0,-0.07524788774893298
category_cap1,2025-02-21,2.0073276429307329e-07,955061.3189428645,955061.3189430652,0.0,-0.04493868105693477
category_cap1,2025-02-24,2.0075732989755968e-07,947422.6572580056,947422.6572582063,0.0,-0.05257734274179371
category_cap1,2025-02-25,2.0076551910044362e-07,925885.9174229372,925885.917423138,0.0,-0.07411408257686192
category_cap1,2025-02-26,2.0077370863737783e-07,935151.6278883934,935151.6278885942,0.0,-0.06484837211140582
category_cap1,2025-02-27,2.0078189850837597e-07,926766.8811777504,926766.8811779512,0.0,-0.07323311882204875
category_cap1,2025-02-28,2.0079008871345166e-07,875790.3178585938,875790.3178587946,0.0,-0.12420968214120542
category_cap1,2025-03-03,1.8655555322766304e-07,871396.2124909749,871396.2124911614,2.0169907997455394,-0.1286037875088386
category_cap1,2025-03-04,1.8656316311804805e-07,883838.0402096544,883838.040209841,0.0,-0.11616195979015898
category_cap1,2025-03-05,1.865707733188523e-07,898917.8848978281,898917.8848980147,0.0,-0.10108211510198528
category_cap1,2025-03-06,1.8657838383008843e-07,918979.7914174036,918979.7914175902,0.0,-0.08102020858240977
category_cap1,2025-03-07,1.8658599465176912e-07,914601.8517880335,914601.8517882201,0.0,-0.08539814821177993
category_cap1,2025-03-10,1.8660882897960524e-07,917404.8713855759,917404.8713857625,0.0,-0.08259512861423757
category_cap1,2025-03-11,1.866164410431908e-07,911488.9049343913,911488.9049345779,0.0,-0.0885110950654221
category_cap1,2025-03-12,1.8662405341728427e-07,905324.9677747696,905324.9677749563,0.0,-0.0946750322250437
category_cap1,2025-03-13,1.8663166610189825e-07,880534.0797671534,880534.07976734,0.0,-0.11946592023266
category_cap1,2025-03-14,1.8663927909704545e-07,895264.8029128277,895264.8029130143,0.0,-0.10473519708698564
category_cap1,2025-03-17,2.0355219021439552e-07,890916.7029832869,890916.7029834904,0.6746336544216129,-0.10908329701650954
category_cap1,2025-03-18,2.0356049342396693e-07,893471.5189903423,893471.5189905459,0.0,-0.10652848100945411
category_cap1,2025-03-19,2.0356879697223915e-07,887269.4191980917,887269.4191982953,0.0,-0.11273058080170462
category_cap1,2025-03-20,2.0357710085922598e-07,881828.3530883039,881828.3530885075,0.0,-0.1181716469114924
category_cap1,2025-03-21,2.0358540508494122e-07,863614.5009514332,863614.5009516368,0.0,-0.13638549904836317
category_cap1,2025-03-24,2.0361031979459579e-07,871505.140751615,871505.1407518187,0.0,-0.12849485924818138
category_cap1,2025-03-25,2.0361862537536295e-07,855388.3278488506,855388.3278490542,0.0,-0.14461167215094572
category_cap1,2025-03-26,2.0362693129492762e-07,855237.4183826399,855237.4183828435,0.0,-0.1447625816171565
category_cap1,2025-03-27,2.0363523755330365e-07,858956.8628929129,858956.8628931165,0.0,-0.14104313710688343
category_cap1,2025-03-28,2.0364354415050482e-07,849872.2958154556,849872.2958156592,0.0,-0.15012770418434074
category_cap1,2025-03-31,2.0553125068545341e-07,853008.0845753829,853008.0845755883,1.3206966957564452,-0.1469919154244117
category_cap1,2025-04-01,2.0553963462397118e-07,853881.4362368677,853881.4362370733,0.0,-0.14611856376292676
category_cap1,2025-04-02,2.0554801890448282e-07,855078.8950515514,855078.895051757,0.0,-0.14492110494824306
category_cap1,2025-04-03,2.0555640352700224e-07,841731.0794359136,841731.0794361192,0.0,-0.15826892056388087
category_cap1,2025-04-07,2.0558994543743716e-07,751072.7811168387,751072.7811170443,0.0,-0.24892721888295577
category_cap1,2025-04-08,2.055983317702049e-07,759917.1794422165,759917.1794424221,0.0,-0.2400828205575779
category_cap1,2025-04-09,2.0560671844506418e-07,785983.2339957488,785983.2339959544,0.0,-0.21401676600404562
category_cap1,2025-04-10,2.0561510546202893e-07,805307.4846394511,805307.4846396567,0.0,-0.19469251536034327
category_cap1,2025-04-11,2.056234928211131e-07,832705.1006834785,832705.1006836841,0.0,-0.16729489931631591
category_cap1,2025-04-14,2.0314473658800125e-07,835478.5667694616,835478.5667696648,1.3343427463949347,-0.1645214332303352
category_cap1,2025-04-15,2.0315302317690725e-07,830293.4744397711,830293.4744399743,0.0,-0.16970652556002574
category_cap1,2025-04-16,2.0316131010383604e-07,827649.462859632,827649.4628598351,0.0,-0.1723505371401649
category_cap1,2025-04-17,2.0316959736880143e-07,830832.0487941635,830832.0487943667,0.0,-0.16916795120563333
category_cap1,2025-04-18,2.0317788497181723e-07,824314.6779871229,824314.677987326,0.0,-0.17568532201267395
category_cap1,2025-04-21,2.0320274980930492e-07,835104.3554115565,835104.3554117597,0.0,-0.16489564458824035
category_cap1,2025-04-22,2.032110387646602e-07,837822.3711316717,837822.371131875,0.0,-0.16217762886812503
category_cap1,2025-04-23,2.032193280581348e-07,830556.5776088207,830556.577609024,0.0,-0.16944342239097598
category_cap1,2025-04-24,2.0322761768974254e-07,828545.8938553941,828545.8938555974,0.0,-0.1714541061444026
category_cap1,2025-04-25,2.0323590765949722e-07,824466.8769251003,824466.8769253036,0.0,-0.17553312307469637
category_cap1,2025-04-28,1.750304363667965e-07,828331.3640445,828331.3640446751,1.9889987926609074,-0.1716686359553249
category_cap1,2025-04-29,1.7503757612978798e-07,828730.8481860724,828730.8481862475,0.0,-0.17126915181375246
category_cap1,2025-04-30,1.7504471618402147e-07,820418.3760485989,820418.376048774,0.0,-0.179581623951226
category_cap1,2025-05-06,1.7508756262617e-07,823486.2341292069,823486.234129382,0.0,-0.17651376587061807
category_cap1,2025-05-07,1.7509470471943022e-07,829574.6115330213,829574.6115331964,0.0,-0.17042538846680355
category_cap1,2025-05-08,1.751018471040275e-07,833146.978973669,833146.9789738441,0.0,-0.16685302102615596
category_cap1,2025-05-09,1.7510898977997374e-07,830549.0528065242,830549.0528066993,0.0,-0.16945094719330067
category_cap1,2025-05-12,4.761386662721634e-08,832545.0265434663,832545.0265435139,0.6663587249217812,-0.16745497345648608
category_cap1,2025-05-13,4.761580887069058e-08,838849.8856239906,838849.8856240382,0.0,-0.16115011437596183
category_cap1,2025-05-14,4.761775119339194e-08,842351.7143531367,842351.7143531843,0.0,-0.15764828564681566
category_cap1,2025-05-15,4.7619693595323664e-08,836045.8721423927,836045.8721424403,0.0,-0.1639541278575597
category_cap1,2025-05-16,4.762163607648897e-08,831160.117867697,831160.1178677446,0.0,-0.16883988213225531
category_cap1,2025-05-19,4.7627463995418745e-08,832620.2638090623,832620.2638091099,0.0,-0.16737973619089008
category_cap1,2025-05-20,4.7629406793550724e-08,835394.9505051543,835394.9505052019,0.0,-0.16460504949479804
category_cap1,2025-05-21,4.7631349670932455e-08,839324.8472440658,839324.8472441135,0.0,-0.1606751527558865
category_cap1,2025-05-22,4.763329262756717e-08,842776.8423727266,842776.8423727743,0.0,-0.15722315762722572
category_cap1,2025-05-23,4.763523566345809e-08,833173.4207900034,833173.420790051,0.0,-0.16682657920994903
category_cap1,2025-05-26,2.0209699869155884e-07,827410.9421301866,827410.9421303887,1.341727960995903,-0.17258905786961132
category_cap1,2025-05-27,2.0210524254161087e-07,829787.8780306113,829787.8780308134,0.0,-0.17021212196918656
category_cap1,2025-05-28,2.0211348672794233e-07,830468.8442453382,830468.8442455403,0.0,-0.16953115575445965
category_cap1,2025-05-29,2.0212173125056695e-07,829884.5521121019,829884.552112304,0.0,-0.17011544788769595
category_cap1,2025-05-30,2.0212997610949843e-07,835070.8208851825,835070.8208853846,0.0,-0.16492917911461547
category_cap1,2025-06-03,2.0216295890856742e-07,839677.6257096044,839677.6257098066,0.0,-0.16032237429019347
category_cap1,2025-06-04,2.02171205449239e-07,840828.4101397078,840828.4101399101,0.0,-0.15917158986008995
category_cap1,2025-06-05,2.0217945232629977e-07,835887.1234546672,835887.1234548694,0.0,-0.16411287654513063
category_cap1,2025-06-06,2.0218769953976346e-07,837788.3078609254,837788.3078611277,0.0,-0.16221169213887232
category_cap1,2025-06-09,2.0326115190982819e-07,849112.58822517,849112.5882253733,1.3139193195124341,-0.15088741177462672
category_cap1,2025-06-10,2.0326944324749573e-07,853320.335851528,853320.3358517312,0.0,-0.14667966414826872
category_cap1,2025-06-11,2.032777349233798e-07,853131.8961533586,853131.8961535619,0.0,-0.14686810384643811
category_cap1,2025-06-12,2.0328602693749419e-07,866594.714785858,866594.7147860613,0.0,-0.13340528521393868
category_cap1,2025-06-13,2.0329431928985268e-07,856188.6213248007,856188.6213250039,0.0,-0.14381137867499605
category_cap1,2025-06-16,2.033191983765309e-07,857323.4777061815,857323.4777063847,0.0,-0.14267652229361527
category_cap1,2025-06-17,2.0332749208200384e-07,844635.5705329678,844635.5705331712,0.0,-0.15536442946682882
category_cap1,2025-06-18,2.033357861257899e-07,848103.7050634396,848103.7050636429,0.0,-0.15189629493635703
category_cap1,2025-06-19,2.0334408050790287e-07,841833.9941012318,841833.9941014352,0.0,-0.15816600589856478
category_cap1,2025-06-20,2.0335237522835655e-07,846316.9442260936,846316.944226297,0.0,-0.153683055773703
category_cap1,2025-06-23,5.652509571518749e-09,857972.74056662,857972.7405666257,0.018258009624404138,-0.14202725943337424
category_cap1,2025-06-24,5.652740146151856e-09,862162.8637693916,862162.8637693973,0.0,-0.13783713623060279
category_cap1,2025-06-25,5.6529707301904595e-09,871116.3850871795,871116.3850871852,0.0,-0.12888361491281486
category_cap1,2025-06-26,5.653201323634944e-09,869059.9862541192,869059.9862541249,0.0,-0.13094001374587505
category_cap1,2025-06-27,5.653431926485693e-09,854211.616628895,854211.6166289008,0.0,-0.14578838337109923
category_cap1,2025-06-30,5.654123791479362e-09,858955.2812005561,858955.2812005618,0.0,-0.14104471879943825
category_cap1,2025-07-01,5.654354431959004e-09,869886.5384485489,869886.5384485546,0.0,-0.13011346155144543
category_cap1,2025-07-02,5.65458508184683e-09,869458.982086763,869458.9820867687,0.0,-0.13054101791323125
category_cap1,2025-07-03,5.6548157411432225e-09,874603.5563293406,874603.5563293463,0.0,-0.12539644367065372
category_cap1,2025-07-04,5.655046409848565e-09,886158.1607650651,886158.1607650708,0.0,-0.11384183923492919
category_cap1,2025-07-07,6.105983629822731e-08,891833.9289366298,891833.9289366908,1.3441831314675918,-0.10816607106330922
category_cap1,2025-07-08,6.106232702366065e-08,892591.5952731112,892591.5952731724,0.0,-0.10740840472682767
category_cap1,2025-07-09,6.106481785069455e-08,894428.8997229061,894428.8997229672,0.0,-0.10557110027703287
category_cap1,2025-07-10,6.106730877933314e-08,901354.2473472983,901354.2473473594,0.0,-0.09864575265264053
category_cap1,2025-07-11,6.106979980958058e-08,896896.4893765647,896896.4893766259,0.0,-0.10310351062337408
category_cap1,2025-07-14,6.107727351001742e-08,900442.1156275145,900442.1156275757,0.0,-0.0995578843724243
category_cap1,2025-07-15,6.107976494674169e-08,894070.0057172067,894070.0057172679,0.0,-0.10592999428273209
category_cap1,2025-07-16,6.108225648509552e-08,891716.5092501093,891716.5092501704,0.0,-0.10828349074982957
category_cap1,2025-07-17,6.108474812508307e-08,892038.2340911122,892038.2340911733,0.0,-0.10796176590882678
category_cap1,2025-07-18,6.108723986670848e-08,896856.2406477381,896856.2406477992,0.0,-0.10314375935220077
category_cap1,2025-07-21,2.1740561351180077e-07,899529.2421126121,899529.2421128296,1.328205805975837,-0.10047075788717041
category_cap1,2025-07-22,2.174144818239967e-07,903508.382773142,903508.3827733594,0.0,-0.09649161722664057
category_cap1,2025-07-23,2.1742335049794486e-07,903950.8098976017,903950.8098978192,0.0,-0.09604919010218083
category_cap1,2025-07-24,2.1743221953366e-07,912713.1543830517,912713.1543832691,0.0,-0.08728684561673083
category_cap1,2025-07-25,2.1744108893115684e-07,911131.9650307595,911131.9650309769,0.0,-0.08886803496902307
category_cap1,2025-07-28,2.1746769929448534e-07,924151.6062887197,924151.6062889372,0.0,-0.07584839371106289
category_cap1,2025-07-29,2.1747657013925667e-07,941038.821852729,941038.8218529464,0.0,-0.058961178147053595
category_cap1,2025-07-30,2.1748544134588352e-07,932301.0955987468,932301.0955989643,0.0,-0.06769890440103576
category_cap1,2025-07-31,2.1749431291438064e-07,920440.2317711683,920440.2317713858,0.0,-0.07955976822861421
category_cap1,2025-08-01,2.175031848447628e-07,914178.9390874,914178.9390876174,0.0,-0.08582106091238251
category_cap1,2025-08-04,2.2031599655747414e-07,920689.7845811638,920689.7845813842,1.3139711650792827,-0.07931021541861583
category_cap1,2025-08-05,2.2032498358870886e-07,932217.1778384626,932217.177838683,0.0,-0.06778282216131704
category_cap1,2025-08-06,2.2033397098653852e-07,935145.4253524891,935145.4253527095,0.0,-0.0648545746472905
category_cap1,2025-08-07,2.2034295875097807e-07,924430.0618567775,924430.0618569979,0.0,-0.07556993814300206
category_cap1,2025-08-08,2.203519468820425e-07,920313.1968028217,920313.1968030421,0.0,-0.07968680319695787
category_cap1,2025-08-11,2.2037891347513442e-07,933456.5180513295,933456.5180515499,0.0,-0.06654348194845006
category_cap1,2025-08-12,2.203879030728478e-07,943827.6696149824,943827.6696152028,0.0,-0.05617233038479719
category_cap1,2025-08-13,2.2039689303726081e-07,985532.2114427302,985532.2114429505,0.0,-0.014467788557049444
category_cap1,2025-08-14,2.2040588336838841e-07,968568.5786914262,968568.5786916466,0.0,-0.03143142130835341
category_cap1,2025-08-15,2.2041487406624557e-07,984179.2568728713,984179.2568730917,0.0,-0.015820743126908288
category_cap1,2025-08-18,2.1693995222449303e-07,1008403.6599365827,1008403.6599367997,0.6666270887948977,0.00840365993679959
category_cap1,2025-08-19,2.1694880154164277e-07,1016362.6079523151,1016362.6079525321,0.0,0.016362607952532082
category_cap1,2025-08-20,2.1695765121976988e-07,1026445.006602593,1026445.00660281,0.0,0.026445006602809906
category_cap1,2025-08-21,2.1696650125888909e-07,1023144.8165961665,1023144.8165963835,0.0,0.023144816596383455
category_cap1,2025-08-22,2.169753516590151e-07,1045014.4580417722,1045014.4580419892,0.0,0.045014458041989336
category_cap1,2025-08-25,2.1700190502558145e-07,1082061.7011926554,1082061.7011928724,0.0,0.08206170119287237
category_cap1,2025-08-26,2.1701075686988206e-07,1075937.7468525276,1075937.7468527446,0.0,0.07593774685274468
category_cap1,2025-08-27,2.1701960907526312e-07,1078375.8813809962,1078375.8813812132,0.0,0.07837588138121321
category_cap1,2025-08-28,2.1702846164173935e-07,1126350.0737896047,1126350.0737898217,0.0,0.12635007378982177
category_cap1,2025-08-29,2.170373145693255e-07,1133070.1818974696,1133070.1818976866,0.0,0.1330701818976865
category_cap1,2025-09-01,2.7619535103440285e-07,1168862.3240581367,1168862.3240584128,1.2963407672341067,0.16886232405841284
category_cap1,2025-09-02,2.762066174711819e-07,1129529.699238376,1129529.6992386521,0.0,0.1295296992386521
category_cap1,2025-09-03,2.762178843675364e-07,1124454.092386387,1124454.0923866632,0.0,0.12445409238666327
category_cap1,2025-09-04,2.7622915172348506e-07,1042921.8239696326,1042921.8239699089,0.0,0.04292182396990896
category_cap1,2025-09-05,2.7624041953904666e-07,1099525.336889551,1099525.3368898272,0.0,0.09952533688982723
category_cap1,2025-09-08,2.762742257435965e-07,1066886.1846869583,1066886.1846872347,0.0,0.06688618468723462
category_cap1,2025-09-09,2.762854953977973e-07,1053431.941387421,1053431.9413876974,0.0,0.05343194138769736
category_cap1,2025-09-10,2.7629676551170475e-07,1081678.4708525615,1081678.470852838,0.0,0.08167847085283797
category_cap1,2025-09-11,2.7630803608533766e-07,1157648.9202052057,1157648.920205482,0.0,0.15764892020548205
category_cap1,2025-09-12,2.7631930711871474e-07,1138573.757100565,1138573.7571008413,0.0,0.1385737571008412
category_cap1,2025-09-15,2.7491478249430656e-07,1132346.7856991119,1132346.7856993868,1.3316368003149084,0.13234678569938674
category_cap1,2025-09-16,2.7492599669470855e-07,1134777.2803800944,1134777.2803803694,0.0,0.1347772803803693
category_cap1,2025-09-17,2.7493721135255517e-07,1141931.8523292905,1141931.8523295654,0.0,0.1419318523295654
category_cap1,2025-09-18,2.7494842646786507e-07,1130707.8358759626,1130707.8358762376,0.0,0.1307078358762377
category_cap1,2025-09-19,2.7495964204065694e-07,1138090.2011629567,1138090.2011632316,0.0,0.13809020116323167
category_cap1,2025-09-22,2.749932915041109e-07,1149356.0376141155,1149356.0376143905,0.0,0.14935603761439054
category_cap1,2025-09-23,2.750045089070172e-07,1152843.5584297383,1152843.5584300132,0.0,0.15284355843001318
category_cap1,2025-09-24,2.750157267674987e-07,1161990.7386194225,1161990.7386196975,0.0,0.16199073861969748
category_cap1,2025-09-25,2.750269450855742e-07,1188243.54292961,1188243.542929885,0.0,0.188243542929885
category_cap1,2025-09-26,2.7503816386126227e-07,1165802.0076536296,1165802.0076539046,0.0,0.16580200765390463
category_cap1,2025-09-29,2.827146090567112e-07,1198675.427173547,1198675.4271738296,1.2946813346068788,0.19867542717382958
category_cap1,2025-09-30,2.827261414241371e-07,1202288.7098866045,1202288.709886887,0.0,0.20228870988688707
category_cap1,2025-10-09,2.8282995390231523e-07,1213354.1656168166,1213354.1656170995,0.0,0.2133541656170994
category_cap1,2025-10-10,2.828414909748363e-07,1152908.2095136195,1152908.2095139024,0.0,0.1529082095139025
category_cap1,2025-10-13,5.192123353481293e-08,1146544.036858927,1146544.036858979,1.2628085878358268,0.146544036858979
category_cap1,2025-10-14,5.1923351482464544e-08,1102421.7574839243,1102421.7574839762,0.0,0.1024217574839763
category_cap1,2025-10-15,5.192546951651053e-08,1119660.4213652876,1119660.4213653395,0.0,0.11966042136533961
category_cap1,2025-10-16,5.192758763695441e-08,1108495.729584184,1108495.729584236,0.0,0.10849572958423592
category_cap1,2025-10-17,5.192970584379971e-08,1075542.3530268627,1075542.3530269146,0.0,0.07554235302691459
category_cap1,2025-10-20,5.193606098277937e-08,1070134.9554353242,1070134.9554353761,0.0,0.07013495543537607
category_cap1,2025-10-21,5.193817953526559e-08,1087094.8993104422,1087094.899310494,0.0,0.08709489931049408
category_cap1,2025-10-22,5.194029817417085e-08,1071026.6071804194,1071026.6071804713,0.0,0.07102660718047127
category_cap1,2025-10-23,5.1942416899498674e-08,1085454.5432880714,1085454.5432881233,0.0,0.0854545432881233
category_cap1,2025-10-24,5.1944535711252593e-08,1106912.0463282177,1106912.0463282696,0.0,0.10691204632826956
category_cap1,2025-10-27,2.3649772629141808e-07,1128305.3817342566,1128305.3817344932,1.974625110147549,0.12830538173449324
category_cap1,2025-10-28,2.3650737340050835e-07,1128007.9829839724,1128007.982984209,0.0,0.1280079829842089
category_cap1,2025-10-29,2.3651702090311915e-07,1157072.570381922,1157072.5703821585,0.0,0.1570725703821585
category_cap1,2025-10-30,2.3652666879926656e-07,1139433.6628017682,1139433.6628020047,0.0,0.13943366280200475
category_cap1,2025-10-31,2.365363170889666e-07,1102336.549961216,1102336.5499614526,0.0,0.10233654996145258
category_cap1,2025-11-03,2.3656526431954324e-07,1122454.2770238165,1122454.277024053,0.0,0.1224542770240531
category_cap1,2025-11-04,2.3657491418361442e-07,1091612.3539240386,1091612.3539242751,0.0,0.09161235392427525
category_cap1,2025-11-05,2.3658456444131854e-07,1080829.767376393,1080829.7673766296,0.0,0.08082976737662961
category_cap1,2025-11-06,2.3659421509267164e-07,1114903.9964234356,1114903.9964236722,0.0,0.11490399642367222
category_cap1,2025-11-07,2.3660386613768977e-07,1103784.5417275392,1103784.5417277757,0.0,0.10378454172777563
category_cap1,2025-11-10,2.695014700293541e-07,1092932.4529481526,1092932.4529484222,1.3545068705236958,0.09293245294842212
category_cap1,2025-11-11,2.69512463412344e-07,1087816.6662208906,1087816.6662211602,0.0,0.08781666622116013
category_cap1,2025-11-12,2.69523457243771e-07,1068428.3583641597,1068428.3583644293,0.0,0.0684283583644294
category_cap1,2025-11-13,2.6953445152365345e-07,1094383.1422834885,1094383.1422837581,0.0,0.09438314228375821
category_cap1,2025-11-14,2.6954544625200964e-07,1058406.4835518412,1058406.4835521108,0.0,0.058406483552110755
category_cap1,2025-11-17,2.695784331281036e-07,1054438.5374701342,1054438.5374704038,0.0,0.054438537470403725
category_cap1,2025-11-18,2.695894296505377e-07,1025516.9274863466,1025516.9274866162,0.0,0.02551692748661627
category_cap1,2025-11-19,2.6960042662153694e-07,1016645.677861725,1016645.6778619946,0.0,0.016645677861994557
category_cap1,2025-11-20,2.696114240411197e-07,1011267.4339616704,1011267.43396194,0.0,0.011267433961940077
category_cap1,2025-11-21,2.696224219093043e-07,952919.2715093901,952919.2715096597,0.0,-0.047080728490340285
category_cap1,2025-11-24,2.0331935957074165e-07,948485.8593892121,948485.8593894155,2.017672239580775,-0.05151414061058457
category_cap1,2025-11-25,2.0332765328278996e-07,970481.53475814,970481.5347583434,0.0,-0.02951846524165669
category_cap1,2025-11-26,2.0333594733315165e-07,970697.5147394236,970697.514739627,0.0,-0.029302485260372935
category_cap1,2025-11-27,2.0334424172184052e-07,973828.4432990804,973828.4432992837,0.0,-0.026171556700716248
category_cap1,2025-11-28,2.0335253644887039e-07,988552.7990558718,988552.7990560752,0.0,-0.011447200943924818
category_cap1,2025-12-01,2.0337742266014387e-07,1008867.4570931612,1008867.4570933646,0.0,0.00886745709336445
category_cap1,2025-12-02,2.0338571874067565e-07,993937.7699088877,993937.7699090911,0.0,-0.006062230090908893
category_cap1,2025-12-03,2.0339401515961743e-07,994054.3733047114,994054.3733049148,0.0,-0.005945626695085249
category_cap1,2025-12-04,2.0340231191698302e-07,997412.3376707484,997412.3376709517,0.0,-0.002587662329048279
category_cap1,2025-12-05,2.034106090127862e-07,1015625.7307753325,1015625.7307755359,0.0,0.015625730775535862
category_cap1,2025-12-08,2.468586899340153e-07,1036558.4886451245,1036558.4886453713,1.3074215908496314,0.03655848864537137
category_cap1,2025-12-09,2.4686875968288356e-07,1023366.2215818214,1023366.2215820684,0.0,0.02336622158206847
category_cap1,2025-12-10,2.4687882984251253e-07,1034483.6017479862,1034483.6017482331,0.0,0.03448360174823306
category_cap1,2025-12-11,2.468889004129189e-07,1014291.3659676192,1014291.3659678661,0.0,0.014291365967866065
category_cap1,2025-12-12,2.468989713941195e-07,1027233.4864876322,1027233.4864878791,0.0,0.027233486487879155
category_cap1,2025-12-15,2.4692918680265394e-07,1017701.0940778011,1017701.094078048,0.0,0.017701094078047985
category_cap1,2025-12-16,2.469392594271988e-07,991296.5222548977,991296.5222551447,0.0,-0.008703477744855359
category_cap1,2025-12-17,2.469493324626217e-07,1028588.299133026,1028588.299133273,0.0,0.028588299133272876
category_cap1,2025-12-18,2.469594059089393e-07,1023591.6251798952,1023591.6251801421,0.0,0.023591625180142017
category_cap1,2025-12-19,2.469694797661684e-07,1040103.9486104934,1040103.9486107404,0.0,0.0401039486107404
category_cap1,2025-12-22,1.1175870895385742e-08,1068728.009002029,1068728.0090020401,0.6774297058345615,0.06872800900204012
category_cap1,2025-12-23,1.117632677649461e-08,1064290.7922528074,1064290.7922528186,0.0,0.06429079225281864
category_cap1,2025-12-24,1.1176782676199575e-08,1076469.262859422,1076469.2628594332,0.0,0.07646926285943323
category_cap1,2025-12-25,1.1177238594501398e-08,1077336.411874017,1077336.4118740282,0.0,0.07733641187402807
category_cap1,2025-12-26,1.1177694531400834e-08,1088460.2822590023,1088460.2822590135,0.0,0.08846028225901348
category_cap1,2025-12-29,1.117906245369242e-08,1081570.0267876438,1081570.026787655,0.0,0.0815700267876549
category_cap1,2025-12-30,1.1179518464989902e-08,1094194.5770798246,1094194.5770798358,0.0,0.0941945770798358
category_cap1,2025-12-31,1.1179974494888791e-08,1096323.2752270564,1096323.2752270675,0.0,0.09632327522706752
category_cap1,2026-01-05,3.4915501601062715e-09,1123410.9293103446,1123410.9293103481,0.01593841350044105,0.12341092931034803
category_cap1,2026-01-06,3.491692585853093e-09,1141749.37137341,1141749.3713734136,0.0,0.1417493713734137
category_cap1,2026-01-07,3.491835017409682e-09,1153705.5856610397,1153705.5856610432,0.0,0.1537055856610432
category_cap1,2026-01-08,3.4919774547762746e-09,1143313.2042780307,1143313.2042780342,0.0,0.14331320427803407
category_cap1,2026-01-09,3.4921198979531086e-09,1175901.5915247805,1175901.591524784,0.0,0.1759015915247839
category_cap1,2026-01-12,3.4925472623474282e-09,1235905.6508572898,1235905.6508572933,0.0,0.2359056508572932
category_cap1,2026-01-13,3.492689728767597e-09,1197413.468910929,1197413.4689109325,0.0,0.1974134689109326
category_cap1,2026-01-14,3.4928322009991917e-09,1223747.3155408045,1223747.315540808,0.0,0.22374731554080807
category_cap1,2026-01-15,3.49297467904245e-09,1218126.5073312577,1218126.5073312612,0.0,0.21812650733126127
category_cap1,2026-01-16,3.4931171628976085e-09,1207378.085871912,1207378.0858719156,0.0,0.20737808587191564
category_cap1,2026-01-19,2.8940849006175995e-07,1189350.6929499714,1189350.6929502608,1.3365166174842578,0.18935069295026086
category_cap1,2026-01-20,2.8942029548297503e-07,1182306.137766859,1182306.1377671484,0.0,0.18230613776714844
category_cap1,2026-01-21,2.894321013857515e-07,1210626.9354659799,1210626.9354662693,0.0,0.21062693546626932
category_cap1,2026-01-22,2.8944390777010914e-07,1204962.9359038752,1204962.9359041646,0.0,0.20496293590416448
category_cap1,2026-01-23,2.8945571463606744e-07,1240945.934196023,1240945.9341963124,0.0,0.2409459341963125
category_cap1,2026-01-26,2.894911381237433e-07,1280161.6993397453,1280161.6993400347,0.0,0.28016169934003465
category_cap1,2026-01-27,2.89502946916301e-07,1279870.7553688525,1279870.755369142,0.0,0.27987075536914197
category_cap1,2026-01-28,2.895147561905577e-07,1343741.565721462,1343741.5657217514,0.0,0.3437415657217515
category_cap1,2026-01-29,2.8952656594653296e-07,1348535.3762815404,1348535.37628183,0.0,0.34853537628182996
category_cap1,2026-01-30,2.895383761842465e-07,1252602.1199926254,1252602.119992915,0.0,0.25260211999291515
category_cap1,2026-02-02,1.1868542060256004e-07,1160114.0564263593,1160114.056426478,0.6772704265436222,0.16011405642647802
category_cap1,2026-02-03,1.1869026196496098e-07,1241751.2444272046,1241751.2444273233,0.0,0.24175124442732332
category_cap1,2026-02-04,1.1869510352484861e-07,1241763.1785590104,1241763.1785591291,0.0,0.2417631785591292
category_cap1,2026-02-05,1.1869994528223098e-07,1177468.109790142,1177468.1097902607,0.0,0.17746810979026062
category_cap1,2026-02-06,1.1870478723711614e-07,1178693.2045333914,1178693.2045335101,0.0,0.17869320453351012
category_cap1,2026-02-09,1.1871931428686897e-07,1212491.8482557388,1212491.8482558576,0.0,0.21249184825585754
category_cap1,2026-02-10,1.1872415703184587e-07,1207677.6750289118,1207677.6750290305,0.0,0.20767767502903056
category_cap1,2026-02-11,1.1872899997436585e-07,1223672.6884771856,1223672.6884773043,0.0,0.22367268847730437
category_cap1,2026-02-12,1.1873384311443697e-07,1243287.5486908178,1243287.5486909365,0.0,0.2432875486909365
category_cap1,2026-02-13,1.1873868645206728e-07,1221256.2684442925,1221256.2684444112,0.0,0.22125626844441126
category_cap1,2026-02-24,3.0535738915205e-07,1291669.7993839644,1291669.7993842699,1.298592262567005,0.29166979938426985
category_cap1,2026-02-25,3.053698451535975e-07,1311032.8888149045,1311032.88881521,0.0,0.3110328888152101
category_cap1,2026-02-26,3.0538230166324467e-07,1369083.0374914282,1369083.0374917337,0.0,0.36908303749173377
category_cap1,2026-02-27,3.0539475868101217e-07,1364691.9062797967,1364691.9062801022,0.0,0.3646919062801022
category_cap1,2026-03-02,3.0543213278324407e-07,1364785.0569248963,1364785.0569252018,0.0,0.3647850569252018
category_cap1,2026-03-03,3.054445918337002e-07,1294317.322144033,1294317.3221443384,0.0,0.2943173221443385
category_cap1,2026-03-04,3.0545705139238037e-07,1300257.0462683956,1300257.046268701,0.0,0.3002570462687011
category_cap1,2026-03-05,3.054695114593052e-07,1357737.6067522424,1357737.606752548,0.0,0.35773760675254795
category_cap1,2026-03-06,3.0548197203449554e-07,1370475.8527356915,1370475.852735997,0.0,0.37047585273599704
category_cap1,2026-03-09,3.135646693408489e-07,1353318.9233967694,1353318.923397083,0.6837399092729388,0.35331892339708304
category_cap1,2026-03-10,3.1357746013008576e-07,1370230.2791224152,1370230.2791227289,0.0,0.37023027912272877
category_cap1,2026-03-11,3.1359025144107875e-07,1367852.7089265813,1367852.708926895,0.0,0.36785270892689503
category_cap1,2026-03-12,3.136030432738491e-07,1355873.9131726124,1355873.913172926,0.0,0.35587391317292605
category_cap1,2026-03-13,3.136158356284182e-07,1341472.8985977706,1341472.8985980842,0.0,0.34147289859808416
category_cap1,2026-03-16,3.136542158231306e-07,1328841.1647766705,1328841.1647769841,0.0,0.3288411647769842
category_cap1,2026-03-17,3.136670102651073e-07,1289716.8269333679,1289716.8269336815,0.0,0.2897168269336814
category_cap1,2026-03-18,3.136798052289892e-07,1314167.5529766777,1314167.5529769913,0.0,0.3141675529769914
category_cap1,2026-03-19,3.136926007147975e-07,1274207.6883889055,1274207.688389219,0.0,0.27420768838921905
category_cap1,2026-03-20,3.137053967225535e-07,1253095.5470265746,1253095.5470268882,0.0,0.2530955470268883
category_cap1,2026-03-23,2.1973391994833946e-07,1195214.443937756,1195214.4439379757,0.6992272071218673,0.1952144439379757
category_cap1,2026-03-24,2.1974288323576642e-07,1224786.9360072128,1224786.9360074326,0.0,0.2247869360074326
category_cap1,2026-03-25,2.1975184688881977e-07,1262647.4743009957,1262647.4743012155,0.0,0.2626474743012155
category_cap1,2026-03-26,2.1976081090751444e-07,1225328.846834768,1225328.8468349879,0.0,0.22532884683498788
category_cap1,2026-03-27,2.1976977529186534e-07,1227744.2256396194,1227744.2256398392,0.0,0.2277442256398392
category_cap1,2026-03-30,2.1979667063900458e-07,1220833.3574117164,1220833.3574119362,0.0,0.2208333574119361
category_cap1,2026-03-31,2.1980563648612955e-07,1181654.417947411,1181654.4179476309,0.0,0.18165441794763093
category_cap1,2026-04-01,2.1981460269898532e-07,1216207.0724257051,1216207.072425925,0.0,0.21620707242592485
category_cap1,2026-04-02,2.1982356927758683e-07,1180014.9842227078,1180014.9842229276,0.0,0.1800149842229275
category_cap1,2026-04-03,2.19832536221949e-07,1179923.171447096,1179923.1714473157,0.0,0.17992317144731573
category_cap1,2026-04-07,1.6344711184501648e-07,1176580.1369851965,1176580.13698536,0.7258805700188531,0.1765801369853599
category_cap1,2026-04-08,1.6345377910623368e-07,1263007.1769622834,1263007.176962447,0.0,0.2630071769624469
category_cap1,2026-04-09,1.634604466394188e-07,1259077.9459544313,1259077.9459545948,0.0,0.25907794595459466
category_cap1,2026-04-10,1.6346711444458296e-07,1276210.839988255,1276210.8399884184,0.0,0.27621083998841844
category_cap1,2026-04-13,1.634871194920605e-07,1265589.2007957012,1265589.2007958647,0.0,0.2655892007958647
category_cap1,2026-04-14,1.6349378838525167e-07,1287012.7141171338,1287012.7141172972,0.0,0.2870127141172971
category_cap1,2026-04-15,1.6350045755047733e-07,1282325.3434095066,1282325.34340967,0.0,0.28232534340966997
category_cap1,2026-04-16,1.635071269877486e-07,1302055.3044366045,1302055.304436768,0.0,0.302055304436768
category_cap1,2026-04-17,1.6351379669707656e-07,1320540.8343420506,1320540.834342214,0.0,0.32054083434221403
category_cap1,2026-04-20,3.2206298783421516e-07,1334026.3325864587,1334026.3325867807,1.3243725704214644,0.3340263325867807
category_cap1,2026-04-21,3.2207612528304517e-07,1324466.0518120052,1324466.0518123272,0.0,0.32446605181232724
category_cap1,2026-04-22,3.220892632677721e-07,1388766.9785793996,1388766.9785797216,0.0,0.38876697857972164
category_cap1,2026-04-23,3.221024017884178e-07,1365632.5284191638,1365632.5284194858,0.0,0.3656325284194857
category_cap1,2026-04-24,3.221155408450042e-07,1316836.902271751,1316836.902272073,0.0,0.3168369022720732
category_cap1,2026-04-27,3.221549612306258e-07,1318324.1611450813,1318324.1611454035,0.0,0.3183241611454035
category_cap1,2026-04-28,3.221681024311933e-07,1291365.2601272312,1291365.2601275535,0.0,0.2913652601275536
category_cap1,2026-04-29,3.2218124416781084e-07,1309487.3464586446,1309487.3464589668,0.0,0.3094873464589669
category_cap1,2026-04-30,3.2219438644050015e-07,1302913.5313574853,1302913.5313578076,0.0,0.3029135313578075
category_cap1,2026-05-06,1.9225990399718285e-07,1343658.1476296138,1343658.147629806,0.6737178761345276,0.3436581476298062
category_cap1,2026-05-07,1.9226774657688385e-07,1388360.582016997,1388360.5820171894,0.0,0.38836058201718937
category_cap1,2026-05-08,1.9227558947649583e-07,1386580.6520441037,1386580.652044296,0.0,0.38658065204429604
category_cap1,2026-05-11,1.9229912009492826e-07,1433842.9654553812,1433842.9654555735,0.0,0.43384296545557355
category_cap1,2026-05-12,1.923069642743147e-07,1450868.0037766136,1450868.003776806,0.0,0.450868003776806
category_cap1,2026-05-13,1.9231480877367738e-07,1507537.393164345,1507537.3931645374,0.0,0.5075373931645373
category_cap1,2026-05-14,1.9232265359302937e-07,1486280.1271031462,1486280.1271033385,0.0,0.48628012710333857
category_cap1,2026-05-15,1.923304987323837e-07,1462498.402651555,1462498.4026517472,0.0,0.46249840265174713
category_cap1,2026-05-18,4.2945612221956253e-07,1428471.1772884303,1428471.1772888596,0.6817354740197245,0.42847117728885964
category_cap1,2026-05-19,4.294736404009231e-07,1404702.0896209418,1404702.0896213714,0.0,0.40470208962137133
category_cap1,2026-05-20,4.2949115929687746e-07,1420137.2695290288,1420137.2695294584,0.0,0.4201372695294583
category_cap1,2026-05-21,4.295086789074548e-07,1400525.9627782502,1400525.9627786798,0.0,0.4005259627786797
category_cap1,2026-05-22,4.2952619923268417e-07,1444215.570130637,1444215.5701310665,0.0,0.4442155701310664
category_cap1,2026-05-25,4.295787644965765e-07,1510820.2756534216,1510820.2756538512,0.0,0.5108202756538511
category_cap1,2026-05-26,4.2959628768070576e-07,1519593.9728449911,1519593.9728454207,0.0,0.5195939728454206
category_cap1,2026-05-27,4.296138115796329e-07,1539370.06396271,1539370.0639631397,0.0,0.5393700639631396
category_cap1,2026-05-28,4.2963133619338704e-07,1546411.7575039598,1546411.7575043894,0.0,0.5464117575043894
category_cap1,2026-05-29,4.296488615219974e-07,1512573.4443634849,1512573.4443639144,0.0,0.5125734443639145
category_cap1,2026-06-01,1.5530531527474523e-08,1462531.3572371793,1462531.357237195,0.025660509867566683,0.46253135723719496
category_cap1,2026-06-02,1.5531165041945146e-08,1521426.2503995658,1521426.2503995814,0.0,0.5214262503995815
category_cap1,2026-06-03,1.5531798582257808e-08,1578633.5038679729,1578633.5038679885,0.0,0.5786335038679884
category_cap1,2026-06-04,1.553243214841356e-08,1561104.3522066507,1561104.3522066663,0.0,0.5611043522066663
category_cap1,2026-06-05,1.553306574041346e-08,1494039.926742509,1494039.9267425246,0.0,0.4940399267425246
category_cap1,2026-06-08,1.5534966671488584e-08,1423154.9729754943,1423154.97297551,0.0,0.42315497297550997
category_cap1,2026-06-09,1.553560036687561e-08,1518162.7029725844,1518162.7029726,0.0,0.5181627029725999
category_cap1,2026-06-10,1.5536234088112056e-08,1467699.4070989545,1467699.4070989701,0.0,0.4676994070989702
category_cap1,2026-06-11,1.5536867835198973e-08,1458073.1827948934,1458073.182794909,0.0,0.45807318279490894
category_cap1,2026-06-12,1.553750160813742e-08,1456460.54395113,1456460.5439511456,0.0,0.45646054395114555
category_cap1,2026-06-15,3.604218363761902e-07,1560980.6935135429,1560980.6935139033,1.2689311356685502,0.5609806935139032
category_cap1,2026-06-16,3.6043653854195117e-07,1589963.2379826922,1589963.2379830526,0.0,0.5899632379830526
category_cap1,2026-06-17,3.604512413074363e-07,1659465.9423317914,1659465.9423321518,0.0,0.6594659423321518
category_cap1,2026-06-18,3.6046594467267005e-07,1711083.0136199503,1711083.0136203107,0.0,0.7110830136203108
category_cap1,2026-06-22,3.6052476413158056e-07,1754601.779146968,1754601.7791473283,0.0,0.7546017791473283
category_cap1,2026-06-23,3.6053947049592435e-07,1721102.8782686812,1721102.878269042,0.0,0.7211028782690418
category_cap1,2026-06-24,3.6055417746016356e-07,1788042.8718582927,1788042.8718586534,0.0,0.7880428718586534
category_cap1,2026-06-25,3.6056888502432264e-07,1840961.6602514365,1840961.6602517972,0.0,0.8409616602517971
category_cap1,2026-06-26,3.6058359318842605e-07,1805701.1873357107,1805701.1873360714,0.0,0.8057011873360713
category_cap1,2026-06-29,2.757878974080086e-07,1870083.5240147347,1870083.5240150103,0.6470633124374382,0.8700835240150104
category_cap1,2026-06-30,2.757991472241222e-07,1902857.139624545,1902857.1396248208,0.0,0.9028571396248208
